addition,target,feature_set,architecture,version,datasplit,splittype,hyperparameter,hp_strategy,hp_variant,threshold_mcc,threshold_sens,holdout_ts,cv_ts,holdout_AUROC,holdout_AUPRC,holdout_Brier Score,holdout_ECE10,holdout_Calibration Slope,holdout_MCC (Optimal),holdout_Sensitivity (>=0.5),holdout_Accuracy,holdout_Precision,holdout_Recall,holdout_F1,cv_AUROC,cv_AUPRC,cv_Brier Score,cv_ECE10,cv_Calibration Slope,cv_MCC (Cal-Optimal),cv_Sensitivity (>=0.5),cv_Accuracy,cv_Precision,cv_Recall,cv_F1
0,headache,full_features,stacked_2xgb_meta_lr,,70_15_15,chrono,HyperparameterTuned,pareto_AUROC_slope,auroc_max,0.220,0.250,2026-05-15 19:03:59,,0.405 [0.269 - 0.541],0.137 [0.075 - 0.223],0.144 [0.112 - 0.179],0.140 [0.092 - 0.194],-0.577 [-1.541 - 0.254],-0.191 [-0.335 - -0.043],0.262 [0.067 - 0.458],0.434 [0.346 - 0.522],0.074 [0.016 - 0.136],0.262 [0.067 - 0.458],0.114 [0.025 - 0.202],,,,,,,,,,,
0,headache,full_features,stacked_2xgb_meta_lr,,70_15_15,chrono,HyperparameterTuned,pareto_AUROC_slope,knee,0.210,0.230,2026-05-15 19:04:07,,0.410 [0.276 - 0.549],0.134 [0.076 - 0.212],0.141 [0.109 - 0.176],0.129 [0.078 - 0.187],-0.766 [-1.950 - 0.257],-0.106 [-0.276 - 0.065],0.365 [0.143 - 0.588],0.428 [0.346 - 0.507],0.107 [0.044 - 0.182],0.418 [0.214 - 0.632],0.169 [0.073 - 0.275],,,,,,,,,,,
0,headache,full_features,stacked_2xgb_meta_lr,,70_15_15,chrono,HyperparameterTuned,pareto_AUROC_slope,slope_closest,0.150,0.230,2026-05-15 19:04:14,,0.493 [0.342 - 0.643],0.196 [0.095 - 0.349],0.131 [0.099 - 0.167],0.092 [0.045 - 0.140],0.001 [-1.160 - 1.125],-0.004 [-0.174 - 0.158],0.364 [0.160 - 0.583],0.329 [0.250 - 0.404],0.139 [0.075 - 0.212],0.732 [0.526 - 0.933],0.233 [0.133 - 0.331],,,,,,,,,,,
0,headache,full_features,stacked_2xgb_meta_lr,,70_15_15,chrono,HyperparameterTuned,single_AUROC,HP020,0.420,0.220,2026-05-15 19:04:22,,0.503 [0.360 - 0.634],0.160 [0.090 - 0.251],0.139 [0.107 - 0.173],0.117 [0.070 - 0.165],-0.083 [-0.962 - 0.753],-0.084 [-0.126 - -0.044],0.471 [0.250 - 0.684],0.816 [0.750 - 0.875],0.000 [0.000 - 0.000],0.000 [0.000 - 0.000],0.000 [0.000 - 0.000],,,,,,,,,,,
0,headache,full_features,stacked_2xgb_meta_lr,,70_15_15,chrono,HyperparameterTuned,single_AUROC,HP050,0.420,0.220,2026-05-15 19:04:29,,0.503 [0.360 - 0.634],0.160 [0.090 - 0.251],0.139 [0.107 - 0.173],0.117 [0.070 - 0.165],-0.083 [-0.962 - 0.753],-0.084 [-0.126 - -0.044],0.471 [0.250 - 0.684],0.816 [0.750 - 0.875],0.000 [0.000 - 0.000],0.000 [0.000 - 0.000],0.000 [0.000 - 0.000],,,,,,,,,,,
0,headache,full_features,stacked_2xgb_meta_lr,,70_15_15,chrono,HyperparameterTuned,single_AUROC,HP100,0.360,0.250,2026-05-15 19:04:36,,0.487 [0.338 - 0.623],0.164 [0.088 - 0.271],0.140 [0.106 - 0.176],0.118 [0.070 - 0.169],-0.205 [-1.122 - 0.637],0.003 [-0.143 - 0.178],0.262 [0.067 - 0.471],0.787 [0.720 - 0.853],0.145 [0.000 - 0.364],0.104 [0.000 - 0.250],0.118 [0.000 - 0.278],,,,,,,,,,,
0,headache,full_features,stacked_2xgb_meta_lr,,70_15_15,chrono,HyperparameterTuned,single_AUROC,HP200,0.360,0.250,2026-05-15 19:04:43,,0.487 [0.338 - 0.623],0.164 [0.088 - 0.271],0.140 [0.106 - 0.176],0.118 [0.070 - 0.169],-0.205 [-1.122 - 0.637],0.003 [-0.143 - 0.178],0.262 [0.067 - 0.471],0.787 [0.720 - 0.853],0.145 [0.000 - 0.364],0.104 [0.000 - 0.250],0.118 [0.000 - 0.278],,,,,,,,,,,
0,headache,full_features,stacked_2xgb_meta_lr,,70_15_15,chrono,HyperparameterTuned,single_AUROC,HP500,0.340,0.240,2026-05-15 19:04:50,,0.487 [0.341 - 0.624],0.155 [0.086 - 0.245],0.139 [0.108 - 0.175],0.107 [0.058 - 0.159],-0.197 [-1.087 - 0.625],-0.088 [-0.182 - 0.053],0.365 [0.154 - 0.579],0.750 [0.676 - 0.824],0.058 [0.000 - 0.200],0.050 [0.000 - 0.167],0.053 [0.000 - 0.174],,,,,,,,,,,
0,headache,full_features,stacked_2xgb_meta_lr,,70_15_15,chrono,,,,0.310,0.210,2026-05-22 23:02:34,2026-05-15 19:08:14,0.507 [0.362 - 0.643],0.189 [0.094 - 0.317],0.129 [0.096 - 0.163],0.076 [0.031 - 0.124],0.190 [-0.831 - 1.228],0.016 [-0.129 - 0.206],0.417 [0.188 - 0.643],0.794 [0.728 - 0.860],0.157 [0.000 - 0.400],0.108 [0.000 - 0.263],0.124 [0.000 - 0.286],0.583 ± 0.056,0.313 ± 0.064,0.163 ± 0.023,0.048 ± 0.015,0.888 ± 0.769,0.118 ± 0.062,0.464 ± 0.079,0.732 ± 0.055,0.360 ± 0.144,0.218 ± 0.146,0.231 ± 0.068
0,headache,full_features,stacked_2xgb_meta_lr,,70_15_15,patient,HyperparameterTuned,pareto_AUROC_slope,auroc_max,0.260,0.280,2026-05-22 17:43:33,,0.626 [0.574 - 0.675],0.324 [0.253 - 0.401],0.160 [0.147 - 0.176],0.052 [0.027 - 0.079],1.029 [0.586 - 1.437],0.130 [0.056 - 0.208],0.482 [0.403 - 0.565],0.605 [0.570 - 0.641],0.271 [0.220 - 0.328],0.533 [0.454 - 0.618],0.359 [0.301 - 0.423],,,,,,,,,,,
0,headache,full_features,stacked_2xgb_meta_lr,,70_15_15,patient,HyperparameterTuned,pareto_AUROC_slope,knee,0.290,0.300,2026-05-22 17:43:43,,0.630 [0.578 - 0.681],0.338 [0.266 - 0.414],0.159 [0.145 - 0.174],0.058 [0.032 - 0.086],1.107 [0.677 - 1.543],0.118 [0.041 - 0.199],0.360 [0.278 - 0.440],0.666 [0.632 - 0.701],0.283 [0.222 - 0.351],0.396 [0.312 - 0.479],0.329 [0.263 - 0.397],,,,,,,,,,,
0,headache,full_features,stacked_2xgb_meta_lr,,70_15_15,patient,HyperparameterTuned,pareto_AUROC_slope,slope_closest,0.270,0.290,2026-05-22 17:43:52,,0.640 [0.586 - 0.691],0.355 [0.273 - 0.436],0.158 [0.144 - 0.173],0.056 [0.030 - 0.083],1.228 [0.788 - 1.675],0.153 [0.071 - 0.227],0.431 [0.352 - 0.511],0.630 [0.592 - 0.665],0.287 [0.229 - 0.344],0.526 [0.441 - 0.606],0.371 [0.305 - 0.429],,,,,,,,,,,
0,headache,full_features,stacked_2xgb_meta_lr,,70_15_15,patient,HyperparameterTuned,single_AUROC,HP020,0.270,0.280,2026-05-22 17:49:18,,0.647 [0.595 - 0.697],0.364 [0.286 - 0.440],0.157 [0.143 - 0.172],0.062 [0.033 - 0.089],1.435 [0.941 - 1.924],0.144 [0.070 - 0.222],0.446 [0.369 - 0.533],0.651 [0.616 - 0.685],0.290 [0.232 - 0.357],0.468 [0.389 - 0.552],0.357 [0.297 - 0.422],,,,,,,,,,,
0,headache,full_features,stacked_2xgb_meta_lr,,70_15_15,patient,HyperparameterTuned,single_AUROC,HP050,0.300,0.300,2026-05-22 17:49:28,,0.621 [0.566 - 0.671],0.343 [0.269 - 0.424],0.160 [0.146 - 0.176],0.050 [0.025 - 0.075],0.978 [0.575 - 1.368],0.148 [0.069 - 0.229],0.388 [0.308 - 0.468],0.692 [0.659 - 0.728],0.309 [0.240 - 0.379],0.388 [0.308 - 0.468],0.343 [0.275 - 0.410],,,,,,,,,,,
0,headache,full_features,stacked_2xgb_meta_lr,,70_15_15,patient,HyperparameterTuned,single_AUROC,HP100,0.340,0.290,2026-05-22 17:49:37,,0.630 [0.575 - 0.684],0.352 [0.273 - 0.435],0.160 [0.146 - 0.175],0.057 [0.033 - 0.083],0.983 [0.593 - 1.381],0.218 [0.125 - 0.301],0.481 [0.400 - 0.563],0.755 [0.722 - 0.786],0.396 [0.309 - 0.486],0.345 [0.268 - 0.420],0.368 [0.291 - 0.440],,,,,,,,,,,
0,headache,full_features,stacked_2xgb_meta_lr,,70_15_15,patient,HyperparameterTuned,single_AUROC,HP200,0.340,0.290,2026-05-22 17:49:45,,0.630 [0.575 - 0.684],0.352 [0.273 - 0.435],0.160 [0.146 - 0.175],0.057 [0.033 - 0.083],0.983 [0.593 - 1.381],0.218 [0.125 - 0.301],0.481 [0.400 - 0.563],0.755 [0.722 - 0.786],0.396 [0.309 - 0.486],0.345 [0.268 - 0.420],0.368 [0.291 - 0.440],,,,,,,,,,,
0,headache,full_features,stacked_2xgb_meta_lr,,70_15_15,patient,HyperparameterTuned,single_AUROC,HP500,0.340,0.290,2026-05-22 17:49:55,,0.630 [0.575 - 0.684],0.352 [0.273 - 0.435],0.160 [0.146 - 0.175],0.057 [0.033 - 0.083],0.983 [0.593 - 1.381],0.218 [0.125 - 0.301],0.481 [0.400 - 0.563],0.755 [0.722 - 0.786],0.396 [0.309 - 0.486],0.345 [0.268 - 0.420],0.368 [0.291 - 0.440],,,,,,,,,,,
0,headache,full_features,stacked_2xgb_meta_lr,,70_15_15,patient,,,,0.260,0.270,2026-05-22 14:57:06,,0.639 [0.584 - 0.693],0.376 [0.295 - 0.459],0.157 [0.143 - 0.173],0.064 [0.036 - 0.091],1.448 [0.930 - 1.987],0.154 [0.075 - 0.230],0.453 [0.371 - 0.534],0.649 [0.613 - 0.686],0.293 [0.235 - 0.355],0.489 [0.406 - 0.565],0.366 [0.301 - 0.431],,,,,,,,,,,
0,headache,full_features,stacked_2xgb_meta_lr,,70_15_15,stratified,HyperparameterTuned,pareto_AUROC_slope,auroc_max,0.250,0.250,2026-05-15 19:05:04,,0.663 [0.612 - 0.711],0.439 [0.360 - 0.511],0.167 [0.151 - 0.182],0.034 [0.014 - 0.059],1.282 [0.887 - 1.711],0.207 [0.132 - 0.282],0.567 [0.496 - 0.643],0.647 [0.609 - 0.681],0.346 [0.292 - 0.402],0.567 [0.496 - 0.643],0.429 [0.369 - 0.484],,,,,,,,,,,
0,headache,full_features,stacked_2xgb_meta_lr,,70_15_15,stratified,HyperparameterTuned,pareto_AUROC_slope,knee,0.260,0.260,2026-05-15 19:05:11,,0.662 [0.609 - 0.710],0.427 [0.348 - 0.501],0.167 [0.151 - 0.182],0.040 [0.018 - 0.066],1.254 [0.841 - 1.706],0.200 [0.121 - 0.277],0.528 [0.450 - 0.605],0.658 [0.621 - 0.693],0.349 [0.291 - 0.406],0.528 [0.450 - 0.605],0.419 [0.358 - 0.479],,,,,,,,,,,
0,headache,full_features,stacked_2xgb_meta_lr,,70_15_15,stratified,HyperparameterTuned,pareto_AUROC_slope,slope_closest,0.290,0.250,2026-05-15 19:05:18,,0.649 [0.598 - 0.701],0.431 [0.355 - 0.505],0.168 [0.152 - 0.183],0.040 [0.018 - 0.067],1.192 [0.807 - 1.603],0.197 [0.111 - 0.277],0.567 [0.491 - 0.645],0.694 [0.659 - 0.727],0.370 [0.302 - 0.439],0.434 [0.358 - 0.513],0.399 [0.332 - 0.464],,,,,,,,,,,
0,headache,full_features,stacked_2xgb_meta_lr,,70_15_15,stratified,HyperparameterTuned,single_AUROC,HP020,0.270,0.260,2026-05-15 19:05:26,,0.655 [0.603 - 0.705],0.433 [0.353 - 0.506],0.167 [0.151 - 0.183],0.035 [0.015 - 0.059],1.266 [0.844 - 1.744],0.216 [0.136 - 0.292],0.516 [0.439 - 0.592],0.688 [0.653 - 0.723],0.373 [0.309 - 0.435],0.485 [0.405 - 0.564],0.421 [0.356 - 0.483],,,,,,,,,,,
0,headache,full_features,stacked_2xgb_meta_lr,,70_15_15,stratified,HyperparameterTuned,single_AUROC,HP050,0.270,0.260,2026-05-15 19:05:32,,0.657 [0.608 - 0.706],0.433 [0.354 - 0.505],0.168 [0.152 - 0.183],0.041 [0.020 - 0.067],1.248 [0.842 - 1.697],0.190 [0.109 - 0.265],0.523 [0.443 - 0.595],0.669 [0.633 - 0.704],0.351 [0.292 - 0.410],0.485 [0.410 - 0.560],0.407 [0.346 - 0.466],,,,,,,,,,,
0,headache,full_features,stacked_2xgb_meta_lr,,70_15_15,stratified,HyperparameterTuned,single_AUROC,HP100,0.270,0.250,2026-05-15 19:05:40,,0.663 [0.614 - 0.712],0.437 [0.362 - 0.509],0.167 [0.151 - 0.182],0.038 [0.018 - 0.063],1.304 [0.892 - 1.754],0.206 [0.123 - 0.281],0.554 [0.481 - 0.626],0.678 [0.640 - 0.712],0.362 [0.296 - 0.425],0.491 [0.413 - 0.565],0.416 [0.350 - 0.477],,,,,,,,,,,
0,headache,full_features,stacked_2xgb_meta_lr,,70_15_15,stratified,HyperparameterTuned,single_AUROC,HP200,0.300,0.260,2026-05-22 23:29:13,,0.679 [0.629 - 0.729],0.446 [0.375 - 0.519],0.165 [0.149 - 0.180],0.044 [0.022 - 0.070],1.284 [0.930 - 1.662],0.228 [0.145 - 0.302],0.546 [0.471 - 0.627],0.719 [0.686 - 0.751],0.405 [0.333 - 0.472],0.420 [0.347 - 0.497],0.412 [0.344 - 0.472],,,,,,,,,,,
0,headache,full_features,stacked_2xgb_meta_lr,,70_15_15,stratified,HyperparameterTuned,single_AUROC,HP500,0.470,0.250,2026-05-15 19:05:54,,0.659 [0.606 - 0.711],0.425 [0.343 - 0.501],0.167 [0.152 - 0.182],0.044 [0.021 - 0.068],1.205 [0.786 - 1.644],0.180 [0.092 - 0.269],0.586 [0.510 - 0.657],0.776 [0.746 - 0.808],0.687 [0.471 - 0.885],0.082 [0.045 - 0.127],0.145 [0.083 - 0.217],,,,,,,,,,,
0,headache,full_features,stacked_2xgb_meta_lr,,70_15_15,stratified,,,,0.290,0.250,2026-05-22 23:02:55,,0.669 [0.618 - 0.718],0.434 [0.356 - 0.510],0.166 [0.150 - 0.181],0.043 [0.019 - 0.069],1.348 [0.941 - 1.782],0.240 [0.164 - 0.322],0.579 [0.504 - 0.653],0.722 [0.689 - 0.755],0.412 [0.343 - 0.483],0.433 [0.359 - 0.509],0.422 [0.359 - 0.488],,,,,,,,,,,
0,headache,full_features,stacked_2xgb_meta_lr,,70_30,chrono,HyperparameterTuned,pareto_AUROC_slope,auroc_max,0.310,0.190,2026-05-15 19:34:13,,0.640 [0.575 - 0.704],0.395 [0.307 - 0.485],0.147 [0.128 - 0.168],0.042 [0.019 - 0.068],1.269 [0.799 - 1.769],0.255 [0.144 - 0.360],0.527 [0.436 - 0.621],0.813 [0.781 - 0.845],0.560 [0.406 - 0.714],0.204 [0.132 - 0.284],0.298 [0.201 - 0.395],,,,,,,,,,,
0,headache,full_features,stacked_2xgb_meta_lr,,70_30,chrono,HyperparameterTuned,pareto_AUROC_slope,knee,0.290,0.190,2026-05-15 19:34:13,,0.643 [0.580 - 0.705],0.397 [0.309 - 0.485],0.146 [0.127 - 0.167],0.044 [0.022 - 0.069],1.284 [0.815 - 1.754],0.291 [0.184 - 0.397],0.536 [0.441 - 0.631],0.813 [0.781 - 0.843],0.544 [0.411 - 0.673],0.276 [0.193 - 0.365],0.365 [0.268 - 0.462],,,,,,,,,,,
0,headache,full_features,stacked_2xgb_meta_lr,,70_30,chrono,HyperparameterTuned,pareto_AUROC_slope,slope_closest,0.290,0.190,2026-05-15 19:34:11,,0.643 [0.580 - 0.705],0.397 [0.309 - 0.485],0.146 [0.127 - 0.167],0.044 [0.022 - 0.069],1.284 [0.815 - 1.754],0.291 [0.184 - 0.397],0.536 [0.441 - 0.631],0.813 [0.781 - 0.843],0.544 [0.411 - 0.673],0.276 [0.193 - 0.365],0.365 [0.268 - 0.462],,,,,,,,,,,
0,headache,full_features,stacked_2xgb_meta_lr,,70_30,chrono,HyperparameterTuned,single_AUROC,HP020,0.220,0.190,2026-05-23 10:50:05,,0.657 [0.596 - 0.719],0.404 [0.313 - 0.493],0.146 [0.126 - 0.165],0.035 [0.016 - 0.059],1.405 [0.941 - 1.896],0.235 [0.145 - 0.324],0.581 [0.486 - 0.675],0.734 [0.696 - 0.769],0.357 [0.279 - 0.436],0.455 [0.364 - 0.554],0.399 [0.323 - 0.475],,,,,,,,,,,
0,headache,full_features,stacked_2xgb_meta_lr,,70_30,chrono,HyperparameterTuned,single_AUROC,HP050,0.210,0.190,2026-05-15 19:34:13,,0.643 [0.581 - 0.706],0.379 [0.294 - 0.467],0.148 [0.129 - 0.169],0.036 [0.018 - 0.062],1.358 [0.853 - 1.918],0.168 [0.079 - 0.256],0.661 [0.571 - 0.752],0.662 [0.623 - 0.701],0.289 [0.225 - 0.354],0.499 [0.408 - 0.590],0.365 [0.296 - 0.432],,,,,,,,,,,
0,headache,full_features,stacked_2xgb_meta_lr,,70_30,chrono,HyperparameterTuned,single_AUROC,HP100,0.260,0.200,2026-05-15 19:34:14,,0.638 [0.573 - 0.703],0.382 [0.293 - 0.467],0.148 [0.129 - 0.168],0.038 [0.017 - 0.063],1.252 [0.729 - 1.799],0.274 [0.179 - 0.375],0.545 [0.450 - 0.641],0.789 [0.755 - 0.821],0.449 [0.348 - 0.552],0.356 [0.267 - 0.453],0.396 [0.312 - 0.484],,,,,,,,,,,
0,headache,full_features,stacked_2xgb_meta_lr,,70_30,chrono,HyperparameterTuned,single_AUROC,HP200,0.300,0.190,2026-05-15 19:34:14,,0.646 [0.584 - 0.708],0.393 [0.302 - 0.480],0.147 [0.127 - 0.167],0.044 [0.022 - 0.071],1.320 [0.847 - 1.827],0.293 [0.190 - 0.398],0.544 [0.450 - 0.638],0.817 [0.786 - 0.849],0.569 [0.429 - 0.696],0.258 [0.178 - 0.349],0.354 [0.258 - 0.455],,,,,,,,,,,
0,headache,full_features,stacked_2xgb_meta_lr,,70_30,chrono,HyperparameterTuned,single_AUROC,HP500,0.300,0.190,2026-05-15 19:34:13,,0.646 [0.584 - 0.708],0.393 [0.302 - 0.480],0.147 [0.127 - 0.167],0.044 [0.022 - 0.071],1.320 [0.847 - 1.827],0.293 [0.190 - 0.398],0.544 [0.450 - 0.638],0.817 [0.786 - 0.849],0.569 [0.429 - 0.696],0.258 [0.178 - 0.349],0.354 [0.258 - 0.455],,,,,,,,,,,
0,headache,full_features,stacked_2xgb_meta_lr,,70_30,chrono,,,,0.250,0.180,2026-05-15 19:34:50,,0.639 [0.579 - 0.703],0.383 [0.296 - 0.470],0.148 [0.129 - 0.169],0.036 [0.016 - 0.060],1.357 [0.822 - 1.928],0.246 [0.149 - 0.345],0.633 [0.545 - 0.724],0.780 [0.746 - 0.814],0.421 [0.322 - 0.521],0.338 [0.252 - 0.433],0.374 [0.290 - 0.460],,,,,,,,,,,
0,headache,full_features,stacked_2xgb_meta_lr,,70_30,patient,HyperparameterTuned,pareto_AUROC_slope,auroc_max,0.170,0.140,2026-05-22 17:55:08,,0.385 [0.352 - 0.422],0.186 [0.165 - 0.210],0.196 [0.178 - 0.214],0.107 [0.084 - 0.130],-1.362 [-1.786 - -0.946],-0.102 [-0.144 - -0.058],0.252 [0.204 - 0.298],0.667 [0.642 - 0.693],0.123 [0.077 - 0.174],0.069 [0.042 - 0.099],0.088 [0.055 - 0.125],,,,,,,,,,,
0,headache,full_features,stacked_2xgb_meta_lr,,70_30,patient,HyperparameterTuned,pareto_AUROC_slope,knee,0.350,0.100,2026-05-22 17:55:18,,0.619 [0.582 - 0.656],0.358 [0.308 - 0.412],0.178 [0.162 - 0.193],0.077 [0.056 - 0.100],0.781 [0.555 - 1.002],0.171 [0.106 - 0.239],0.924 [0.891 - 0.953],0.772 [0.751 - 0.794],0.568 [0.440 - 0.697],0.110 [0.077 - 0.147],0.183 [0.132 - 0.238],,,,,,,,,,,
0,headache,full_features,stacked_2xgb_meta_lr,,70_30,patient,HyperparameterTuned,pareto_AUROC_slope,slope_closest,0.320,0.120,2026-05-22 17:55:29,,0.629 [0.592 - 0.664],0.360 [0.310 - 0.413],0.179 [0.163 - 0.194],0.081 [0.058 - 0.104],0.914 [0.670 - 1.162],0.174 [0.107 - 0.239],0.709 [0.660 - 0.761],0.773 [0.751 - 0.796],0.577 [0.446 - 0.706],0.109 [0.075 - 0.143],0.183 [0.129 - 0.234],,,,,,,,,,,
0,headache,full_features,stacked_2xgb_meta_lr,,70_30,patient,HyperparameterTuned,single_AUROC,HP020,0.300,0.110,2026-05-22 18:00:52,,0.630 [0.594 - 0.664],0.366 [0.316 - 0.420],0.179 [0.163 - 0.194],0.081 [0.058 - 0.103],0.939 [0.674 - 1.198],0.180 [0.114 - 0.248],0.759 [0.708 - 0.805],0.773 [0.751 - 0.796],0.570 [0.448 - 0.692],0.120 [0.085 - 0.155],0.197 [0.145 - 0.250],,,,,,,,,,,
0,headache,full_features,stacked_2xgb_meta_lr,,70_30,patient,HyperparameterTuned,single_AUROC,HP050,0.130,0.130,2026-05-22 18:01:03,,0.385 [0.352 - 0.421],0.186 [0.164 - 0.210],0.194 [0.177 - 0.212],0.109 [0.085 - 0.132],-2.139 [-2.813 - -1.467],-0.156 [-0.206 - -0.105],0.249 [0.199 - 0.300],0.497 [0.469 - 0.524],0.151 [0.120 - 0.184],0.249 [0.199 - 0.300],0.188 [0.152 - 0.224],,,,,,,,,,,
0,headache,full_features,stacked_2xgb_meta_lr,,70_30,patient,HyperparameterTuned,single_AUROC,HP100,0.130,0.130,2026-05-22 18:01:14,,0.385 [0.352 - 0.421],0.186 [0.164 - 0.210],0.194 [0.177 - 0.212],0.109 [0.085 - 0.132],-2.139 [-2.813 - -1.467],-0.156 [-0.206 - -0.105],0.249 [0.199 - 0.300],0.497 [0.469 - 0.524],0.151 [0.120 - 0.184],0.249 [0.199 - 0.300],0.188 [0.152 - 0.224],,,,,,,,,,,
0,headache,full_features,stacked_2xgb_meta_lr,,70_30,patient,HyperparameterTuned,single_AUROC,HP200,0.310,0.100,2026-05-22 18:01:23,,0.622 [0.584 - 0.657],0.360 [0.309 - 0.412],0.179 [0.163 - 0.195],0.082 [0.059 - 0.105],0.921 [0.654 - 1.166],0.169 [0.102 - 0.234],0.954 [0.930 - 0.975],0.772 [0.750 - 0.794],0.569 [0.441 - 0.696],0.106 [0.074 - 0.141],0.178 [0.127 - 0.232],,,,,,,,,,,
0,headache,full_features,stacked_2xgb_meta_lr,,70_30,patient,HyperparameterTuned,single_AUROC,HP500,0.190,0.150,2026-05-22 18:01:34,,0.402 [0.367 - 0.439],0.197 [0.171 - 0.223],0.200 [0.182 - 0.218],0.123 [0.100 - 0.147],-0.698 [-0.956 - -0.445],-0.080 [-0.128 - -0.031],0.199 [0.155 - 0.246],0.663 [0.637 - 0.688],0.152 [0.102 - 0.205],0.096 [0.063 - 0.132],0.117 [0.079 - 0.160],,,,,,,,,,,
0,headache,full_features,stacked_2xgb_meta_lr,,70_30,patient,,,,0.220,0.120,2026-05-22 14:59:12,,0.633 [0.597 - 0.668],0.352 [0.301 - 0.403],0.183 [0.167 - 0.199],0.095 [0.072 - 0.118],1.532 [1.125 - 1.951],0.136 [0.068 - 0.206],0.764 [0.718 - 0.810],0.767 [0.744 - 0.791],0.516 [0.372 - 0.667],0.089 [0.059 - 0.123],0.152 [0.104 - 0.206],,,,,,,,,,,
0,headache,full_features,stacked_2xgb_meta_lr,,70_30,stratified,HyperparameterTuned,pareto_AUROC_slope,auroc_max,0.120,0.140,2026-05-15 19:34:58,,0.380 [0.345 - 0.416],0.188 [0.164 - 0.212],0.199 [0.181 - 0.216],0.122 [0.099 - 0.144],-1.052 [-1.349 - -0.763],-0.128 [-0.181 - -0.075],0.301 [0.252 - 0.351],0.419 [0.392 - 0.444],0.186 [0.156 - 0.213],0.436 [0.384 - 0.491],0.260 [0.224 - 0.295],,,,,,,,,,,
0,headache,full_features,stacked_2xgb_meta_lr,,70_30,stratified,HyperparameterTuned,pareto_AUROC_slope,knee,0.110,0.150,2026-05-15 19:34:59,,0.381 [0.346 - 0.416],0.189 [0.164 - 0.214],0.199 [0.182 - 0.216],0.119 [0.095 - 0.141],-0.926 [-1.199 - -0.661],-0.153 [-0.207 - -0.098],0.308 [0.256 - 0.360],0.358 [0.331 - 0.383],0.188 [0.160 - 0.214],0.521 [0.469 - 0.576],0.276 [0.240 - 0.309],,,,,,,,,,,
0,headache,full_features,stacked_2xgb_meta_lr,,70_30,stratified,HyperparameterTuned,pareto_AUROC_slope,slope_closest,0.110,0.120,2026-05-15 19:34:57,,0.381 [0.347 - 0.417],0.191 [0.165 - 0.216],0.196 [0.179 - 0.212],0.103 [0.080 - 0.126],-1.696 [-2.180 - -1.218],-0.164 [-0.220 - -0.109],0.502 [0.447 - 0.557],0.316 [0.292 - 0.339],0.193 [0.166 - 0.217],0.599 [0.548 - 0.653],0.291 [0.257 - 0.324],,,,,,,,,,,
0,headache,full_features,stacked_2xgb_meta_lr,,70_30,stratified,HyperparameterTuned,single_AUROC,HP020,0.120,0.120,2026-05-15 19:35:01,,0.377 [0.342 - 0.411],0.186 [0.163 - 0.209],0.194 [0.177 - 0.211],0.105 [0.082 - 0.127],-3.116 [-3.980 - -2.290],-0.156 [-0.210 - -0.103],0.556 [0.502 - 0.609],0.340 [0.315 - 0.362],0.190 [0.165 - 0.215],0.556 [0.502 - 0.609],0.283 [0.251 - 0.315],,,,,,,,,,,
0,headache,full_features,stacked_2xgb_meta_lr,,70_30,stratified,HyperparameterTuned,single_AUROC,HP050,0.150,0.130,2026-05-15 19:34:58,,0.389 [0.353 - 0.422],0.195 [0.169 - 0.222],0.197 [0.180 - 0.214],0.103 [0.080 - 0.126],-1.212 [-1.597 - -0.858],-0.129 [-0.175 - -0.079],0.376 [0.326 - 0.429],0.540 [0.512 - 0.565],0.157 [0.125 - 0.192],0.220 [0.176 - 0.266],0.183 [0.148 - 0.223],,,,,,,,,,,
0,headache,full_features,stacked_2xgb_meta_lr,,70_30,stratified,HyperparameterTuned,single_AUROC,HP100,0.150,0.130,2026-05-15 19:34:59,,0.389 [0.353 - 0.422],0.195 [0.169 - 0.222],0.197 [0.180 - 0.214],0.103 [0.080 - 0.126],-1.212 [-1.597 - -0.858],-0.129 [-0.175 - -0.079],0.376 [0.326 - 0.429],0.540 [0.512 - 0.565],0.157 [0.125 - 0.192],0.220 [0.176 - 0.266],0.183 [0.148 - 0.223],,,,,,,,,,,
0,headache,full_features,stacked_2xgb_meta_lr,,70_30,stratified,HyperparameterTuned,single_AUROC,HP200,0.150,0.130,2026-05-15 19:34:58,,0.389 [0.353 - 0.422],0.195 [0.169 - 0.222],0.197 [0.180 - 0.214],0.103 [0.080 - 0.126],-1.212 [-1.597 - -0.858],-0.129 [-0.175 - -0.079],0.376 [0.326 - 0.429],0.540 [0.512 - 0.565],0.157 [0.125 - 0.192],0.220 [0.176 - 0.266],0.183 [0.148 - 0.223],,,,,,,,,,,
0,headache,full_features,stacked_2xgb_meta_lr,,70_30,stratified,HyperparameterTuned,single_AUROC,HP500,0.150,0.130,2026-05-15 19:35:27,,0.389 [0.353 - 0.422],0.195 [0.169 - 0.222],0.197 [0.180 - 0.214],0.103 [0.080 - 0.126],-1.212 [-1.597 - -0.858],-0.129 [-0.175 - -0.079],0.376 [0.326 - 0.429],0.540 [0.512 - 0.565],0.157 [0.125 - 0.192],0.220 [0.176 - 0.266],0.183 [0.148 - 0.223],,,,,,,,,,,
0,headache,full_features,stacked_2xgb_meta_lr,,70_30,stratified,,,,0.150,0.120,2026-05-15 19:35:46,,0.662 [0.628 - 0.696],0.427 [0.377 - 0.482],0.189 [0.172 - 0.205],0.105 [0.082 - 0.126],7.891 [6.226 - 9.637],0.200 [0.137 - 0.261],0.950 [0.927 - 0.971],0.776 [0.753 - 0.799],0.608 [0.493 - 0.716],0.127 [0.091 - 0.165],0.210 [0.155 - 0.265],,,,,,,,,,,
0,headache,full_features,stacked_2xgb_meta_lr,,80_20,chrono,HyperparameterTuned,pareto_AUROC_slope,auroc_max,0.190,0.270,2026-05-15 19:35:32,,0.497 [0.380 - 0.612],0.185 [0.103 - 0.291],0.137 [0.112 - 0.162],0.123 [0.081 - 0.168],-0.028 [-0.821 - 0.770],0.052 [-0.080 - 0.176],0.306 [0.148 - 0.478],0.405 [0.338 - 0.474],0.149 [0.091 - 0.208],0.716 [0.545 - 0.875],0.245 [0.159 - 0.327],,,,,,,,,,,
0,headache,full_features,stacked_2xgb_meta_lr,,80_20,chrono,HyperparameterTuned,pareto_AUROC_slope,knee,0.320,0.260,2026-05-15 19:35:31,,0.521 [0.408 - 0.643],0.214 [0.109 - 0.337],0.132 [0.109 - 0.158],0.111 [0.072 - 0.150],0.198 [-0.574 - 0.997],0.043 [-0.098 - 0.188],0.338 [0.162 - 0.515],0.769 [0.718 - 0.821],0.171 [0.044 - 0.306],0.184 [0.048 - 0.324],0.175 [0.044 - 0.299],,,,,,,,,,,
0,headache,full_features,stacked_2xgb_meta_lr,,80_20,chrono,HyperparameterTuned,pareto_AUROC_slope,slope_closest,0.220,0.250,2026-05-15 19:35:32,,0.489 [0.381 - 0.595],0.160 [0.091 - 0.245],0.136 [0.113 - 0.161],0.108 [0.068 - 0.148],-0.122 [-0.941 - 0.660],-0.009 [-0.140 - 0.122],0.408 [0.227 - 0.588],0.468 [0.406 - 0.530],0.133 [0.074 - 0.193],0.529 [0.357 - 0.704],0.211 [0.122 - 0.296],,,,,,,,,,,
0,headache,full_features,stacked_2xgb_meta_lr,,80_20,chrono,HyperparameterTuned,single_AUROC,HP020,0.310,0.250,2026-05-15 19:35:32,,0.541 [0.417 - 0.669],0.243 [0.125 - 0.377],0.124 [0.100 - 0.150],0.094 [0.054 - 0.134],0.442 [-0.568 - 1.382],0.104 [-0.059 - 0.256],0.337 [0.161 - 0.500],0.812 [0.765 - 0.859],0.242 [0.059 - 0.421],0.182 [0.040 - 0.333],0.205 [0.047 - 0.345],,,,,,,,,,,
0,headache,full_features,stacked_2xgb_meta_lr,,80_20,chrono,HyperparameterTuned,single_AUROC,HP050,0.310,0.250,2026-05-15 19:35:32,,0.534 [0.415 - 0.657],0.229 [0.116 - 0.351],0.129 [0.105 - 0.154],0.111 [0.073 - 0.150],0.310 [-0.638 - 1.194],0.061 [-0.090 - 0.204],0.402 [0.231 - 0.581],0.765 [0.709 - 0.816],0.184 [0.056 - 0.310],0.214 [0.062 - 0.367],0.196 [0.061 - 0.320],,,,,,,,,,,
0,headache,full_features,stacked_2xgb_meta_lr,,80_20,chrono,HyperparameterTuned,single_AUROC,HP100,0.320,0.260,2026-05-15 19:35:33,,0.546 [0.429 - 0.672],0.222 [0.116 - 0.338],0.130 [0.106 - 0.155],0.115 [0.076 - 0.155],0.315 [-0.552 - 1.176],0.066 [-0.089 - 0.210],0.369 [0.192 - 0.539],0.769 [0.714 - 0.821],0.188 [0.056 - 0.324],0.214 [0.062 - 0.367],0.198 [0.062 - 0.324],,,,,,,,,,,
0,headache,full_features,stacked_2xgb_meta_lr,,80_20,chrono,HyperparameterTuned,single_AUROC,HP200,0.430,0.260,2026-05-15 19:36:00,,0.530 [0.414 - 0.650],0.212 [0.112 - 0.329],0.128 [0.104 - 0.154],0.099 [0.063 - 0.137],0.290 [-0.566 - 1.116],0.086 [-0.062 - 0.268],0.340 [0.176 - 0.519],0.855 [0.812 - 0.897],0.321 [0.000 - 0.750],0.061 [0.000 - 0.156],0.100 [0.000 - 0.242],,,,,,,,,,,
0,headache,full_features,stacked_2xgb_meta_lr,,80_20,chrono,HyperparameterTuned,single_AUROC,HP500,0.430,0.260,2026-05-15 19:36:08,,0.530 [0.414 - 0.650],0.212 [0.112 - 0.329],0.128 [0.104 - 0.154],0.099 [0.063 - 0.137],0.290 [-0.566 - 1.116],0.086 [-0.062 - 0.268],0.340 [0.176 - 0.519],0.855 [0.812 - 0.897],0.321 [0.000 - 0.750],0.061 [0.000 - 0.156],0.100 [0.000 - 0.242],,,,,,,,,,,
0,headache,full_features,stacked_2xgb_meta_lr,,80_20,chrono,,,,0.350,0.240,2026-05-15 19:36:09,,0.534 [0.411 - 0.652],0.233 [0.115 - 0.360],0.125 [0.102 - 0.150],0.095 [0.056 - 0.135],0.489 [-0.581 - 1.422],0.068 [-0.082 - 0.220],0.403 [0.229 - 0.577],0.821 [0.774 - 0.868],0.216 [0.000 - 0.417],0.124 [0.000 - 0.250],0.155 [0.000 - 0.290],,,,,,,,,,,
0,headache,full_features,stacked_2xgb_meta_lr,,80_20,patient,HyperparameterTuned,pareto_AUROC_slope,auroc_max,0.330,0.130,2026-05-22 18:06:57,,0.630 [0.582 - 0.670],0.370 [0.311 - 0.433],0.181 [0.162 - 0.198],0.085 [0.059 - 0.109],0.990 [0.659 - 1.289],0.186 [0.108 - 0.261],0.666 [0.603 - 0.727],0.772 [0.747 - 0.798],0.632 [0.464 - 0.790],0.104 [0.066 - 0.146],0.178 [0.116 - 0.243],,,,,,,,,,,
0,headache,full_features,stacked_2xgb_meta_lr,,80_20,patient,HyperparameterTuned,pareto_AUROC_slope,knee,0.310,0.130,2026-05-22 18:07:07,,0.622 [0.575 - 0.666],0.366 [0.306 - 0.430],0.182 [0.163 - 0.199],0.086 [0.060 - 0.111],0.945 [0.618 - 1.256],0.175 [0.096 - 0.252],0.647 [0.584 - 0.711],0.769 [0.744 - 0.796],0.598 [0.429 - 0.758],0.104 [0.066 - 0.146],0.176 [0.115 - 0.242],,,,,,,,,,,
0,headache,full_features,stacked_2xgb_meta_lr,,80_20,patient,HyperparameterTuned,pareto_AUROC_slope,slope_closest,0.340,0.140,2026-05-22 18:07:17,,0.621 [0.574 - 0.664],0.367 [0.307 - 0.431],0.181 [0.163 - 0.198],0.083 [0.058 - 0.108],0.926 [0.602 - 1.236],0.196 [0.117 - 0.270],0.600 [0.532 - 0.667],0.774 [0.748 - 0.801],0.680 [0.516 - 0.842],0.099 [0.062 - 0.139],0.172 [0.112 - 0.235],,,,,,,,,,,
0,headache,full_features,stacked_2xgb_meta_lr,,80_20,patient,HyperparameterTuned,single_AUROC,HP020,0.280,0.130,2026-05-23 11:03:13,,0.638 [0.591 - 0.679],0.381 [0.318 - 0.448],0.182 [0.163 - 0.199],0.088 [0.061 - 0.113],1.173 [0.788 - 1.539],0.190 [0.109 - 0.263],0.675 [0.613 - 0.734],0.771 [0.747 - 0.797],0.596 [0.444 - 0.742],0.122 [0.083 - 0.167],0.203 [0.142 - 0.267],,,,,,,,,,,
0,headache,full_features,stacked_2xgb_meta_lr,,80_20,patient,HyperparameterTuned,single_AUROC,HP050,0.130,0.140,2026-05-22 18:12:56,,0.385 [0.342 - 0.431],0.191 [0.164 - 0.222],0.196 [0.176 - 0.216],0.101 [0.074 - 0.128],-1.864 [-2.587 - -1.138],-0.137 [-0.203 - -0.066],0.345 [0.282 - 0.409],0.393 [0.359 - 0.425],0.191 [0.158 - 0.225],0.476 [0.407 - 0.544],0.272 [0.230 - 0.316],,,,,,,,,,,
0,headache,full_features,stacked_2xgb_meta_lr,,80_20,patient,HyperparameterTuned,single_AUROC,HP100,0.160,0.140,2026-05-22 18:13:07,,0.395 [0.355 - 0.440],0.194 [0.167 - 0.224],0.197 [0.176 - 0.217],0.101 [0.074 - 0.128],-1.412 [-1.993 - -0.783],-0.135 [-0.188 - -0.074],0.391 [0.329 - 0.462],0.561 [0.532 - 0.594],0.148 [0.104 - 0.191],0.176 [0.126 - 0.228],0.160 [0.114 - 0.205],,,,,,,,,,,
0,headache,full_features,stacked_2xgb_meta_lr,,80_20,patient,HyperparameterTuned,single_AUROC,HP200,0.160,0.140,2026-05-22 18:13:17,,0.634 [0.588 - 0.678],0.381 [0.313 - 0.449],0.186 [0.166 - 0.204],0.101 [0.073 - 0.126],1.508 [1.002 - 2.005],0.169 [0.098 - 0.240],0.562 [0.493 - 0.628],0.688 [0.658 - 0.717],0.360 [0.301 - 0.423],0.394 [0.326 - 0.459],0.376 [0.317 - 0.434],,,,,,,,,,,
0,headache,full_features,stacked_2xgb_meta_lr,,80_20,patient,HyperparameterTuned,single_AUROC,HP500,0.220,0.140,2026-05-22 18:13:27,,0.625 [0.581 - 0.667],0.354 [0.293 - 0.415],0.187 [0.167 - 0.206],0.101 [0.073 - 0.126],1.515 [0.986 - 2.034],0.137 [0.057 - 0.210],0.562 [0.493 - 0.628],0.766 [0.741 - 0.793],0.577 [0.385 - 0.762],0.070 [0.038 - 0.107],0.125 [0.068 - 0.183],,,,,,,,,,,
0,headache,full_features,stacked_2xgb_meta_lr,,80_20,patient,,,,0.220,0.130,2026-05-22 14:59:24,,0.624 [0.580 - 0.665],0.359 [0.301 - 0.423],0.183 [0.164 - 0.200],0.090 [0.063 - 0.115],1.120 [0.742 - 1.470],0.134 [0.062 - 0.208],0.674 [0.613 - 0.734],0.737 [0.710 - 0.765],0.397 [0.305 - 0.495],0.193 [0.143 - 0.247],0.259 [0.197 - 0.322],,,,,,,,,,,
0,headache,full_features,stacked_2xgb_meta_lr,,80_20,stratified,HyperparameterTuned,pareto_AUROC_slope,auroc_max,0.180,0.140,2026-05-15 19:36:12,,0.375 [0.336 - 0.419],0.191 [0.163 - 0.223],0.200 [0.181 - 0.221],0.124 [0.099 - 0.151],-1.032 [-1.394 - -0.680],-0.091 [-0.143 - -0.033],0.272 [0.217 - 0.330],0.637 [0.606 - 0.667],0.154 [0.104 - 0.212],0.121 [0.082 - 0.165],0.135 [0.090 - 0.182],,,,,,,,,,,
0,headache,full_features,stacked_2xgb_meta_lr,,80_20,stratified,HyperparameterTuned,pareto_AUROC_slope,knee,0.160,0.140,2026-05-15 19:36:11,,0.389 [0.348 - 0.432],0.192 [0.165 - 0.223],0.197 [0.178 - 0.217],0.105 [0.079 - 0.131],-1.220 [-1.654 - -0.771],-0.109 [-0.162 - -0.052],0.291 [0.233 - 0.350],0.596 [0.565 - 0.628],0.153 [0.112 - 0.199],0.159 [0.115 - 0.209],0.156 [0.116 - 0.201],,,,,,,,,,,
0,headache,full_features,stacked_2xgb_meta_lr,,80_20,stratified,HyperparameterTuned,pareto_AUROC_slope,slope_closest,0.180,0.130,2026-05-15 19:36:11,,0.378 [0.337 - 0.423],0.186 [0.162 - 0.214],0.196 [0.177 - 0.217],0.105 [0.079 - 0.132],-1.595 [-2.122 - -1.056],-0.053 [-0.104 - 0.003],0.358 [0.298 - 0.423],0.723 [0.697 - 0.750],0.145 [0.060 - 0.245],0.037 [0.015 - 0.066],0.059 [0.024 - 0.101],,,,,,,,,,,
0,headache,full_features,stacked_2xgb_meta_lr,,80_20,stratified,HyperparameterTuned,single_AUROC,HP020,0.170,0.130,2026-05-15 19:36:14,,0.374 [0.335 - 0.418],0.187 [0.160 - 0.217],0.197 [0.178 - 0.217],0.112 [0.086 - 0.138],-1.544 [-2.019 - -1.014],-0.085 [-0.136 - -0.029],0.333 [0.275 - 0.400],0.658 [0.631 - 0.687],0.150 [0.095 - 0.213],0.098 [0.063 - 0.140],0.118 [0.075 - 0.166],,,,,,,,,,,
0,headache,full_features,stacked_2xgb_meta_lr,,80_20,stratified,HyperparameterTuned,single_AUROC,HP050,0.170,0.130,2026-05-15 19:36:26,,0.374 [0.335 - 0.418],0.187 [0.160 - 0.217],0.197 [0.178 - 0.217],0.112 [0.086 - 0.138],-1.544 [-2.019 - -1.014],-0.085 [-0.136 - -0.029],0.333 [0.275 - 0.400],0.658 [0.631 - 0.687],0.150 [0.095 - 0.213],0.098 [0.063 - 0.140],0.118 [0.075 - 0.166],,,,,,,,,,,
0,headache,full_features,stacked_2xgb_meta_lr,,80_20,stratified,HyperparameterTuned,single_AUROC,HP100,0.140,0.140,2026-05-15 19:36:39,,0.357 [0.318 - 0.400],0.182 [0.156 - 0.210],0.199 [0.181 - 0.219],0.121 [0.095 - 0.147],-1.416 [-1.847 - -0.996],-0.173 [-0.229 - -0.118],0.206 [0.155 - 0.261],0.506 [0.476 - 0.537],0.135 [0.100 - 0.172],0.206 [0.155 - 0.261],0.163 [0.124 - 0.203],,,,,,,,,,,
0,headache,full_features,stacked_2xgb_meta_lr,,80_20,stratified,HyperparameterTuned,single_AUROC,HP200,0.170,0.120,2026-05-15 19:36:50,,0.659 [0.620 - 0.699],0.406 [0.347 - 0.468],0.182 [0.165 - 0.201],0.100 [0.076 - 0.125],1.983 [1.505 - 2.485],0.206 [0.133 - 0.277],0.747 [0.689 - 0.805],0.745 [0.718 - 0.772],0.435 [0.357 - 0.510],0.293 [0.232 - 0.357],0.350 [0.287 - 0.411],,,,,,,,,,,
0,headache,full_features,stacked_2xgb_meta_lr,,80_20,stratified,HyperparameterTuned,single_AUROC,HP500,0.170,0.120,2026-05-15 19:36:51,,0.659 [0.620 - 0.699],0.406 [0.347 - 0.468],0.182 [0.165 - 0.201],0.100 [0.076 - 0.125],1.983 [1.505 - 2.485],0.206 [0.133 - 0.277],0.747 [0.689 - 0.805],0.745 [0.718 - 0.772],0.435 [0.357 - 0.510],0.293 [0.232 - 0.357],0.350 [0.287 - 0.411],,,,,,,,,,,
0,headache,full_features,stacked_2xgb_meta_lr,,80_20,stratified,,,,0.190,0.120,2026-05-15 19:36:55,,0.679 [0.639 - 0.717],0.444 [0.383 - 0.505],0.183 [0.166 - 0.201],0.098 [0.074 - 0.124],2.964 [2.276 - 3.668],0.244 [0.168 - 0.315],0.837 [0.787 - 0.883],0.782 [0.757 - 0.806],0.627 [0.509 - 0.738],0.175 [0.128 - 0.225],0.272 [0.205 - 0.339],,,,,,,,,,,
0,headache,no_rolling_features,stacked_2xgb_meta_lr,,70_15_15,chrono,,,,0.220,0.200,2026-05-22 23:04:40,2026-05-15 19:08:21,0.518 [0.373 - 0.670],0.189 [0.098 - 0.326],0.126 [0.095 - 0.160],0.076 [0.026 - 0.127],-0.032 [-4.082 - 3.119],0.015 [-0.150 - 0.200],0.584 [0.357 - 0.824],0.685 [0.610 - 0.765],0.149 [0.036 - 0.281],0.265 [0.071 - 0.474],0.188 [0.047 - 0.333],0.509 ± 0.046,0.236 ± 0.059,0.167 ± 0.024,0.040 ± 0.018,1.068 ± 1.936,0.028 ± 0.051,0.713 ± 0.200,0.602 ± 0.211,0.270 ± 0.098,0.323 ± 0.361,0.182 ± 0.097
0,headache,no_rolling_features,stacked_2xgb_meta_lr,,70_15_15,patient,,,,0.300,0.260,2026-05-22 14:59:36,,0.514 [0.462 - 0.564],0.209 [0.174 - 0.247],0.169 [0.155 - 0.183],0.058 [0.028 - 0.086],-0.356 [-1.681 - 1.012],-0.092 [-0.124 - -0.047],0.834 [0.771 - 0.896],0.751 [0.717 - 0.781],0.033 [0.000 - 0.121],0.007 [0.000 - 0.025],0.012 [0.000 - 0.039],,,,,,,,,,,
0,headache,no_rolling_features,stacked_2xgb_meta_lr,,70_15_15,stratified,,,,0.240,0.230,2026-05-22 23:30:24,,0.577 [0.528 - 0.632],0.296 [0.238 - 0.352],0.178 [0.161 - 0.194],0.018 [0.004 - 0.040],1.948 [0.600 - 3.311],0.136 [0.058 - 0.218],0.594 [0.516 - 0.671],0.710 [0.677 - 0.743],0.353 [0.271 - 0.440],0.286 [0.219 - 0.357],0.315 [0.249 - 0.387],,,,,,,,,,,
0,headache,no_rolling_features,stacked_2xgb_meta_lr,,70_30,chrono,,,,0.250,0.180,2026-05-23 11:13:49,,0.553 [0.495 - 0.617],0.246 [0.192 - 0.307],0.156 [0.136 - 0.178],0.020 [0.004 - 0.044],0.799 [-0.371 - 1.932],0.065 [-0.023 - 0.163],0.785 [0.710 - 0.861],0.778 [0.743 - 0.814],0.294 [0.154 - 0.445],0.097 [0.050 - 0.154],0.145 [0.076 - 0.227],,,,,,,,,,,
0,headache,no_rolling_features,stacked_2xgb_meta_lr,,70_30,patient,,,,0.170,0.130,2026-05-22 14:59:47,,0.507 [0.468 - 0.546],0.250 [0.216 - 0.284],0.190 [0.173 - 0.207],0.105 [0.081 - 0.128],0.230 [-0.520 - 1.007],0.025 [-0.033 - 0.086],0.604 [0.550 - 0.654],0.750 [0.726 - 0.773],0.287 [0.159 - 0.423],0.047 [0.024 - 0.072],0.080 [0.042 - 0.121],,,,,,,,,,,
0,headache,no_rolling_features,stacked_2xgb_meta_lr,,70_30,stratified,,,,0.170,0.130,2026-05-15 19:06:55,,0.435 [0.397 - 0.472],0.214 [0.184 - 0.242],0.193 [0.176 - 0.209],0.104 [0.081 - 0.127],-1.452 [-2.105 - -0.791],-0.032 [-0.078 - 0.017],0.612 [0.558 - 0.666],0.728 [0.706 - 0.754],0.179 [0.100 - 0.268],0.044 [0.023 - 0.066],0.070 [0.038 - 0.106],,,,,,,,,,,
0,headache,no_rolling_features,stacked_2xgb_meta_lr,,80_20,chrono,,,,0.220,0.220,2026-05-15 19:07:03,,0.475 [0.370 - 0.588],0.141 [0.087 - 0.204],0.131 [0.108 - 0.156],0.100 [0.056 - 0.143],-0.956 [-2.815 - 0.701],-0.043 [-0.160 - 0.091],0.372 [0.206 - 0.548],0.539 [0.479 - 0.607],0.118 [0.057 - 0.184],0.372 [0.206 - 0.548],0.178 [0.091 - 0.265],,,,,,,,,,,
0,headache,no_rolling_features,stacked_2xgb_meta_lr,,80_20,patient,,,,0.160,0.130,2026-05-23 11:24:55,,0.522 [0.479 - 0.567],0.264 [0.225 - 0.309],0.192 [0.171 - 0.211],0.101 [0.073 - 0.127],0.999 [-1.038 - 3.085],0.041 [-0.034 - 0.118],0.855 [0.809 - 0.900],0.753 [0.726 - 0.781],0.347 [0.150 - 0.563],0.037 [0.014 - 0.065],0.067 [0.025 - 0.116],,,,,,,,,,,
0,headache,no_rolling_features,stacked_2xgb_meta_lr,,80_20,stratified,,,,0.190,0.130,2026-05-15 19:07:11,,0.433 [0.389 - 0.474],0.206 [0.178 - 0.237],0.192 [0.174 - 0.212],0.109 [0.084 - 0.136],-1.560 [-2.396 - -0.761],-0.038 [-0.084 - 0.022],0.546 [0.480 - 0.609],0.748 [0.719 - 0.775],0.132 [0.000 - 0.294],0.014 [0.000 - 0.032],0.025 [0.000 - 0.056],,,,,,,,,,,
0,headache,spano_features,blended_xgb_lr_spano2026,,70_15_15,chrono,,,,0.260,0.250,2026-05-15 19:07:18,2026-05-15 19:21:31,0.534 [0.394 - 0.671],0.168 [0.089 - 0.264],0.132 [0.097 - 0.171],0.078 [0.038 - 0.126],0.012 [-0.154 - 0.673],-0.012 [-0.116 - 0.181],0.262 [0.067 - 0.471],0.816 [0.750 - 0.875],0.124 [0.000 - 0.417],0.050 [0.000 - 0.167],0.069 [0.000 - 0.235],0.586 ± 0.040,0.277 ± 0.062,0.169 ± 0.032,0.060 ± 0.033,0.089 ± 0.040,0.117 ± 0.068,0.479 ± 0.138,0.726 ± 0.070,0.324 ± 0.107,0.264 ± 0.155,0.265 ± 0.106
0,headache,spano_features,stacked_2xgb_meta_lr,,70_15_15,chrono,,,,0.430,0.220,2026-05-15 19:07:26,2026-05-15 19:08:52,0.535 [0.390 - 0.673],0.226 [0.104 - 0.394],0.127 [0.093 - 0.164],0.078 [0.036 - 0.124],0.263 [-0.748 - 1.294],0.059 [-0.083 - 0.306],0.313 [0.111 - 0.526],0.846 [0.787 - 0.897],0.265 [0.000 - 1.000],0.053 [0.000 - 0.176],0.086 [0.000 - 0.273],0.595 ± 0.030,0.318 ± 0.048,0.163 ± 0.025,0.046 ± 0.012,0.948 ± 0.581,0.151 ± 0.042,0.516 ± 0.086,0.757 ± 0.049,0.398 ± 0.073,0.210 ± 0.090,0.254 ± 0.065
0,headache,spano_features,stacked_2xgb_meta_lr,,70_15_15,patient,,,,0.210,0.270,2026-05-22 15:00:07,,0.620 [0.567 - 0.677],0.376 [0.295 - 0.456],0.158 [0.144 - 0.174],0.061 [0.031 - 0.089],1.362 [0.864 - 1.906],0.069 [-0.006 - 0.140],0.424 [0.345 - 0.505],0.407 [0.371 - 0.443],0.226 [0.188 - 0.265],0.764 [0.692 - 0.831],0.348 [0.300 - 0.399],,,,,,,,,,,
0,headache,spano_features,stacked_2xgb_meta_lr,,70_15_15,stratified,,,,0.450,0.260,2026-05-23 11:04:33,,0.664 [0.615 - 0.714],0.413 [0.339 - 0.487],0.168 [0.152 - 0.183],0.035 [0.015 - 0.060],1.379 [0.963 - 1.841],0.170 [0.082 - 0.259],0.528 [0.452 - 0.606],0.774 [0.743 - 0.805],0.649 [0.444 - 0.862],0.082 [0.044 - 0.127],0.144 [0.083 - 0.216],,,,,,,,,,,
0,headache,spano_features,stacked_2xgb_meta_lr,,70_30,chrono,,,,0.260,0.190,2026-05-23 11:04:01,,0.638 [0.573 - 0.704],0.389 [0.297 - 0.480],0.149 [0.130 - 0.170],0.044 [0.018 - 0.070],1.490 [0.853 - 2.183],0.253 [0.151 - 0.352],0.598 [0.504 - 0.687],0.797 [0.765 - 0.830],0.469 [0.351 - 0.588],0.284 [0.198 - 0.371],0.352 [0.260 - 0.439],,,,,,,,,,,
0,headache,spano_features,stacked_2xgb_meta_lr,,70_30,patient,,,,0.150,0.120,2026-05-23 11:05:06,,0.631 [0.593 - 0.667],0.354 [0.306 - 0.404],0.182 [0.165 - 0.198],0.093 [0.070 - 0.115],1.290 [0.942 - 1.614],0.170 [0.114 - 0.223],0.715 [0.663 - 0.767],0.668 [0.640 - 0.693],0.341 [0.296 - 0.387],0.452 [0.395 - 0.506],0.388 [0.344 - 0.432],,,,,,,,,,,
0,headache,spano_features,stacked_2xgb_meta_lr,,70_30,stratified,,,,0.190,0.120,2026-05-15 19:07:49,,0.662 [0.626 - 0.696],0.423 [0.370 - 0.478],0.183 [0.167 - 0.199],0.097 [0.074 - 0.118],2.515 [1.964 - 3.087],0.226 [0.163 - 0.291],0.834 [0.792 - 0.876],0.777 [0.754 - 0.799],0.579 [0.487 - 0.676],0.178 [0.136 - 0.220],0.272 [0.214 - 0.328],,,,,,,,,,,
0,headache,spano_features,stacked_2xgb_meta_lr,,80_20,chrono,,,,0.290,0.250,2026-05-15 19:07:57,,0.547 [0.434 - 0.667],0.248 [0.122 - 0.376],0.124 [0.100 - 0.150],0.094 [0.055 - 0.137],0.540 [-0.412 - 1.439],0.060 [-0.086 - 0.201],0.370 [0.194 - 0.543],0.764 [0.709 - 0.816],0.183 [0.056 - 0.311],0.213 [0.069 - 0.360],0.194 [0.063 - 0.314],,,,,,,,,,,
0,headache,spano_features,stacked_2xgb_meta_lr,,80_20,patient,,,,0.210,0.130,2026-05-22 15:00:29,,0.632 [0.587 - 0.676],0.370 [0.305 - 0.434],0.185 [0.166 - 0.203],0.095 [0.067 - 0.120],1.616 [1.080 - 2.141],0.152 [0.078 - 0.229],0.698 [0.636 - 0.758],0.756 [0.732 - 0.783],0.467 [0.352 - 0.594],0.146 [0.103 - 0.193],0.222 [0.162 - 0.287],,,,,,,,,,,
0,headache,spano_features,stacked_2xgb_meta_lr,,80_20,stratified,,,,0.130,0.120,2026-05-22 23:29:51,,0.674 [0.633 - 0.711],0.438 [0.376 - 0.500],0.190 [0.172 - 0.209],0.106 [0.082 - 0.132],35.854 [27.348 - 44.382],0.212 [0.139 - 0.281],1.000 [1.000 - 1.000],0.733 [0.704 - 0.761],0.417 [0.347 - 0.486],0.346 [0.286 - 0.409],0.378 [0.317 - 0.436],,,,,,,,,,,
0,migraine,full_features,stacked_2xgb_meta_lr,,70_15_15,chrono,HyperparameterTuned,pareto_AUPRC_slope,auprc_max,0.230,0.200,2026-05-15 19:08:59,,0.571 [0.371 - 0.777],0.061 [0.019 - 0.121],0.047 [0.023 - 0.078],0.054 [0.030 - 0.082],0.051 [-0.827 - 0.712],-0.059 [-0.093 - -0.028],0.000 [0.000 - 0.000],0.876 [0.816 - 0.926],0.000 [0.000 - 0.000],0.000 [0.000 - 0.000],0.000 [0.000 - 0.000],,,,,,,,,,,
0,migraine,full_features,stacked_2xgb_meta_lr,,70_15_15,chrono,HyperparameterTuned,pareto_AUPRC_slope,knee,0.110,0.160,2026-05-15 19:09:07,,0.476 [0.303 - 0.647],0.047 [0.016 - 0.092],0.048 [0.022 - 0.078],0.060 [0.037 - 0.092],-0.406 [-1.301 - 0.117],-0.095 [-0.144 - -0.046],0.000 [0.000 - 0.000],0.766 [0.697 - 0.838],0.000 [0.000 - 0.000],0.000 [0.000 - 0.000],0.000 [0.000 - 0.000],,,,,,,,,,,
0,migraine,full_features,stacked_2xgb_meta_lr,,70_15_15,chrono,HyperparameterTuned,pareto_AUPRC_slope,slope_closest,0.100,0.120,2026-05-15 19:09:14,,0.457 [0.370 - 0.549],0.046 [0.014 - 0.081],0.047 [0.021 - 0.079],0.058 [0.036 - 0.088],-0.758 [-1.269 - -0.321],-0.102 [-0.153 - -0.049],0.000 [0.000 - 0.000],0.743 [0.669 - 0.816],0.000 [0.000 - 0.000],0.000 [0.000 - 0.000],0.000 [0.000 - 0.000],,,,,,,,,,,
0,migraine,full_features,stacked_2xgb_meta_lr,,70_15_15,chrono,HyperparameterTuned,pareto_AUROC_slope,auroc_max,0.260,0.170,2026-05-15 19:09:22,,0.679 [0.552 - 0.799],0.076 [0.025 - 0.144],0.043 [0.019 - 0.071],0.051 [0.027 - 0.077],0.474 [0.054 - 0.992],-0.032 [-0.057 - -0.011],0.000 [0.000 - 0.000],0.934 [0.890 - 0.971],0.000 [0.000 - 0.000],0.000 [0.000 - 0.000],0.000 [0.000 - 0.000],,,,,,,,,,,
0,migraine,full_features,stacked_2xgb_meta_lr,,70_15_15,chrono,HyperparameterTuned,pareto_AUROC_slope,knee,0.310,0.200,2026-05-15 19:09:29,,0.647 [0.426 - 0.885],0.155 [0.020 - 0.495],0.039 [0.016 - 0.068],0.045 [0.026 - 0.068],0.677 [-0.269 - 2.069],-0.021 [-0.044 - 0.000],0.190 [0.000 - 0.667],0.948 [0.904 - 0.978],0.000 [0.000 - 0.000],0.000 [0.000 - 0.000],0.000 [0.000 - 0.000],,,,,,,,,,,
0,migraine,full_features,stacked_2xgb_meta_lr,,70_15_15,chrono,HyperparameterTuned,pareto_AUROC_slope,slope_closest,0.100,0.120,2026-05-15 19:09:38,,0.499 [0.340 - 0.674],0.050 [0.017 - 0.095],0.046 [0.021 - 0.078],0.050 [0.028 - 0.079],-0.859 [-2.996 - 0.083],-0.086 [-0.128 - -0.042],0.000 [0.000 - 0.000],0.796 [0.728 - 0.860],0.000 [0.000 - 0.000],0.000 [0.000 - 0.000],0.000 [0.000 - 0.000],,,,,,,,,,,
0,migraine,full_features,stacked_2xgb_meta_lr,,70_15_15,chrono,HyperparameterTuned,single_AUROC,HP020,0.100,0.210,2026-05-15 19:09:45,,0.633 [0.462 - 0.842],0.130 [0.020 - 0.395],0.040 [0.018 - 0.069],0.049 [0.030 - 0.073],0.633 [-0.072 - 1.775],-0.026 [-0.134 - 0.158],0.190 [0.000 - 0.667],0.729 [0.654 - 0.801],0.028 [0.000 - 0.096],0.190 [0.000 - 0.667],0.048 [0.000 - 0.158],,,,,,,,,,,
0,migraine,full_features,stacked_2xgb_meta_lr,,70_15_15,chrono,HyperparameterTuned,single_AUROC,HP050,0.100,0.210,2026-05-15 19:09:52,,0.633 [0.462 - 0.842],0.130 [0.020 - 0.395],0.040 [0.018 - 0.069],0.049 [0.030 - 0.073],0.633 [-0.072 - 1.775],-0.026 [-0.134 - 0.158],0.190 [0.000 - 0.667],0.729 [0.654 - 0.801],0.028 [0.000 - 0.096],0.190 [0.000 - 0.667],0.048 [0.000 - 0.158],,,,,,,,,,,
0,migraine,full_features,stacked_2xgb_meta_lr,,70_15_15,chrono,HyperparameterTuned,single_AUROC,HP100,0.240,0.250,2026-05-15 19:09:58,,0.562 [0.357 - 0.817],0.097 [0.018 - 0.282],0.042 [0.019 - 0.072],0.056 [0.034 - 0.082],0.260 [-0.509 - 1.321],0.120 [-0.054 - 0.451],0.190 [0.000 - 0.667],0.926 [0.875 - 0.963],0.140 [0.000 - 0.500],0.190 [0.000 - 0.667],0.149 [0.000 - 0.444],,,,,,,,,,,
0,migraine,full_features,stacked_2xgb_meta_lr,,70_15_15,chrono,HyperparameterTuned,single_AUROC,HP200,0.140,0.180,2026-05-15 19:10:07,,0.540 [0.376 - 0.725],0.056 [0.018 - 0.113],0.045 [0.021 - 0.076],0.058 [0.032 - 0.087],-0.012 [-0.641 - 0.659],-0.088 [-0.133 - -0.043],0.000 [0.000 - 0.000],0.788 [0.713 - 0.853],0.000 [0.000 - 0.000],0.000 [0.000 - 0.000],0.000 [0.000 - 0.000],,,,,,,,,,,
0,migraine,full_features,stacked_2xgb_meta_lr,,70_15_15,chrono,HyperparameterTuned,single_AUROC,HP500,0.150,0.170,2026-05-15 19:10:14,,0.575 [0.342 - 0.791],0.064 [0.020 - 0.127],0.043 [0.019 - 0.073],0.052 [0.028 - 0.079],0.231 [-0.572 - 1.046],0.011 [-0.107 - 0.215],0.000 [0.000 - 0.000],0.810 [0.743 - 0.875],0.043 [0.000 - 0.143],0.190 [0.000 - 0.667],0.067 [0.000 - 0.217],,,,,,,,,,,
0,migraine,full_features,stacked_2xgb_meta_lr,,70_15_15,chrono,,,,0.300,0.140,2026-05-22 23:03:36,2026-05-15 19:15:18,0.610 [0.434 - 0.849],0.236 [0.018 - 0.686],0.039 [0.015 - 0.067],0.051 [0.033 - 0.074],1.894 [-0.114 - 2.284],0.213 [-0.035 - 0.660],0.190 [0.000 - 0.667],0.955 [0.919 - 0.985],0.314 [0.000 - 1.000],0.190 [0.000 - 0.667],0.216 [0.000 - 0.667],0.662 ± 0.076,0.190 ± 0.083,0.060 ± 0.015,0.029 ± 0.018,0.846 ± 0.510,0.131 ± 0.103,0.440 ± 0.203,0.888 ± 0.069,0.231 ± 0.173,0.176 ± 0.110,0.172 ± 0.098
0,migraine,full_features,stacked_2xgb_meta_lr,,70_15_15,patient,HyperparameterTuned,pareto_AUPRC_slope,auprc_max,0.140,0.090,2026-05-22 18:18:44,,0.585 [0.483 - 0.690],0.145 [0.069 - 0.264],0.053 [0.040 - 0.068],0.037 [0.019 - 0.053],1.511 [0.304 - 2.657],0.129 [0.029 - 0.259],0.485 [0.333 - 0.649],0.893 [0.869 - 0.915],0.159 [0.071 - 0.275],0.216 [0.100 - 0.360],0.182 [0.085 - 0.302],,,,,,,,,,,
0,migraine,full_features,stacked_2xgb_meta_lr,,70_15_15,patient,HyperparameterTuned,pareto_AUPRC_slope,knee,0.110,0.120,2026-05-22 18:18:54,,0.683 [0.599 - 0.775],0.180 [0.094 - 0.307],0.051 [0.038 - 0.066],0.024 [0.009 - 0.039],1.099 [0.603 - 1.615],0.128 [0.035 - 0.228],0.326 [0.185 - 0.484],0.824 [0.796 - 0.853],0.123 [0.069 - 0.189],0.353 [0.212 - 0.512],0.181 [0.105 - 0.269],,,,,,,,,,,
0,migraine,full_features,stacked_2xgb_meta_lr,,70_15_15,patient,HyperparameterTuned,pareto_AUPRC_slope,slope_closest,0.090,0.110,2026-05-22 18:19:04,,0.678 [0.592 - 0.771],0.182 [0.094 - 0.316],0.051 [0.038 - 0.066],0.028 [0.013 - 0.043],1.235 [0.697 - 1.772],0.149 [0.062 - 0.242],0.324 [0.184 - 0.472],0.787 [0.756 - 0.817],0.122 [0.072 - 0.180],0.458 [0.308 - 0.618],0.192 [0.118 - 0.269],,,,,,,,,,,
0,migraine,full_features,stacked_2xgb_meta_lr,,70_15_15,patient,HyperparameterTuned,pareto_AUROC_slope,auroc_max,0.100,0.110,2026-05-22 18:24:18,,0.679 [0.590 - 0.772],0.179 [0.095 - 0.302],0.051 [0.038 - 0.066],0.029 [0.012 - 0.044],1.170 [0.634 - 1.741],0.152 [0.064 - 0.247],0.432 [0.288 - 0.588],0.791 [0.760 - 0.821],0.125 [0.074 - 0.182],0.458 [0.308 - 0.618],0.195 [0.122 - 0.275],,,,,,,,,,,
0,migraine,full_features,stacked_2xgb_meta_lr,,70_15_15,patient,HyperparameterTuned,pareto_AUROC_slope,knee,0.110,0.120,2026-05-22 18:24:29,,0.688 [0.603 - 0.776],0.189 [0.094 - 0.318],0.051 [0.038 - 0.066],0.024 [0.009 - 0.038],1.100 [0.602 - 1.610],0.131 [0.039 - 0.233],0.297 [0.161 - 0.447],0.827 [0.798 - 0.854],0.125 [0.070 - 0.193],0.353 [0.212 - 0.512],0.184 [0.107 - 0.272],,,,,,,,,,,
0,migraine,full_features,stacked_2xgb_meta_lr,,70_15_15,patient,HyperparameterTuned,pareto_AUROC_slope,slope_closest,0.090,0.110,2026-05-23 12:37:48,,0.691 [0.605 - 0.779],0.186 [0.097 - 0.313],0.051 [0.038 - 0.066],0.025 [0.009 - 0.039],1.181 [0.674 - 1.702],0.146 [0.059 - 0.242],0.353 [0.212 - 0.512],0.784 [0.751 - 0.815],0.120 [0.071 - 0.177],0.458 [0.308 - 0.618],0.190 [0.117 - 0.267],,,,,,,,,,,
0,migraine,full_features,stacked_2xgb_meta_lr,,70_15_15,patient,HyperparameterTuned,single_AUROC,HP020,0.110,0.110,2026-05-22 18:30:55,,0.685 [0.598 - 0.775],0.176 [0.093 - 0.303],0.051 [0.038 - 0.066],0.028 [0.012 - 0.043],1.187 [0.678 - 1.716],0.164 [0.066 - 0.267],0.377 [0.233 - 0.537],0.845 [0.817 - 0.874],0.149 [0.083 - 0.226],0.377 [0.233 - 0.537],0.212 [0.126 - 0.307],,,,,,,,,,,
0,migraine,full_features,stacked_2xgb_meta_lr,,70_15_15,patient,HyperparameterTuned,single_AUROC,HP050,0.110,0.090,2026-05-22 18:31:07,,0.576 [0.468 - 0.685],0.156 [0.072 - 0.288],0.053 [0.040 - 0.067],0.037 [0.020 - 0.053],1.480 [0.341 - 2.526],0.092 [0.002 - 0.194],0.406 [0.256 - 0.565],0.801 [0.769 - 0.830],0.101 [0.049 - 0.162],0.326 [0.175 - 0.486],0.153 [0.077 - 0.240],,,,,,,,,,,
0,migraine,full_features,stacked_2xgb_meta_lr,,70_15_15,patient,HyperparameterTuned,single_AUROC,HP100,0.110,0.090,2026-05-22 18:31:20,,0.576 [0.468 - 0.685],0.156 [0.072 - 0.288],0.053 [0.040 - 0.067],0.037 [0.020 - 0.053],1.480 [0.341 - 2.526],0.092 [0.002 - 0.194],0.406 [0.256 - 0.565],0.801 [0.769 - 0.830],0.101 [0.049 - 0.162],0.326 [0.175 - 0.486],0.153 [0.077 - 0.240],,,,,,,,,,,
0,migraine,full_features,stacked_2xgb_meta_lr,,70_15_15,patient,HyperparameterTuned,single_AUROC,HP200,0.110,0.110,2026-05-22 18:31:33,,0.673 [0.585 - 0.768],0.171 [0.088 - 0.290],0.051 [0.038 - 0.066],0.028 [0.012 - 0.042],1.224 [0.656 - 1.819],0.135 [0.037 - 0.234],0.326 [0.185 - 0.484],0.845 [0.817 - 0.872],0.134 [0.068 - 0.207],0.326 [0.185 - 0.484],0.188 [0.101 - 0.281],,,,,,,,,,,
0,migraine,full_features,stacked_2xgb_meta_lr,,70_15_15,patient,HyperparameterTuned,single_AUROC,HP500,0.090,0.120,2026-05-22 18:31:44,,0.667 [0.576 - 0.768],0.169 [0.088 - 0.291],0.051 [0.038 - 0.066],0.028 [0.014 - 0.044],1.092 [0.553 - 1.611],0.121 [0.038 - 0.215],0.379 [0.233 - 0.535],0.769 [0.737 - 0.802],0.108 [0.062 - 0.162],0.432 [0.286 - 0.596],0.172 [0.103 - 0.250],,,,,,,,,,,
0,migraine,full_features,stacked_2xgb_meta_lr,,70_15_15,patient,,,,0.110,0.120,2026-05-22 15:00:40,,0.660 [0.554 - 0.757],0.179 [0.092 - 0.303],0.051 [0.038 - 0.066],0.028 [0.013 - 0.043],1.199 [0.573 - 1.789],0.195 [0.098 - 0.297],0.378 [0.225 - 0.532],0.833 [0.805 - 0.860],0.157 [0.094 - 0.230],0.459 [0.308 - 0.617],0.233 [0.148 - 0.326],,,,,,,,,,,
0,migraine,full_features,stacked_2xgb_meta_lr,,70_15_15,stratified,HyperparameterTuned,pareto_AUPRC_slope,auprc_max,0.300,0.140,2026-05-15 19:10:29,,0.706 [0.628 - 0.781],0.219 [0.126 - 0.344],0.063 [0.048 - 0.079],0.021 [0.008 - 0.037],0.725 [0.431 - 1.029],0.208 [0.079 - 0.349],0.431 [0.304 - 0.571],0.920 [0.898 - 0.940],0.367 [0.176 - 0.588],0.166 [0.071 - 0.273],0.226 [0.102 - 0.356],,,,,,,,,,,
0,migraine,full_features,stacked_2xgb_meta_lr,,70_15_15,stratified,HyperparameterTuned,pareto_AUPRC_slope,knee,0.260,0.140,2026-05-15 19:10:37,,0.721 [0.634 - 0.797],0.218 [0.130 - 0.327],0.062 [0.048 - 0.078],0.015 [0.005 - 0.029],0.794 [0.483 - 1.118],0.199 [0.071 - 0.337],0.431 [0.293 - 0.585],0.908 [0.885 - 0.928],0.296 [0.147 - 0.469],0.207 [0.098 - 0.333],0.241 [0.118 - 0.372],,,,,,,,,,,
0,migraine,full_features,stacked_2xgb_meta_lr,,70_15_15,stratified,HyperparameterTuned,pareto_AUPRC_slope,slope_closest,0.230,0.160,2026-05-15 19:10:44,,0.721 [0.636 - 0.796],0.225 [0.133 - 0.347],0.062 [0.048 - 0.078],0.018 [0.006 - 0.033],0.859 [0.542 - 1.185],0.228 [0.096 - 0.355],0.411 [0.278 - 0.545],0.907 [0.885 - 0.926],0.310 [0.160 - 0.465],0.249 [0.121 - 0.377],0.274 [0.143 - 0.396],,,,,,,,,,,
0,migraine,full_features,stacked_2xgb_meta_lr,,70_15_15,stratified,HyperparameterTuned,pareto_AUROC_slope,auroc_max,0.240,0.160,2026-05-15 19:10:51,,0.723 [0.641 - 0.798],0.228 [0.138 - 0.348],0.062 [0.047 - 0.077],0.019 [0.007 - 0.034],0.787 [0.501 - 1.099],0.232 [0.110 - 0.361],0.411 [0.275 - 0.550],0.903 [0.881 - 0.925],0.303 [0.176 - 0.452],0.268 [0.152 - 0.396],0.282 [0.162 - 0.404],,,,,,,,,,,
0,migraine,full_features,stacked_2xgb_meta_lr,,70_15_15,stratified,HyperparameterTuned,pareto_AUROC_slope,knee,0.260,0.150,2026-05-15 19:10:59,,0.721 [0.641 - 0.795],0.227 [0.133 - 0.346],0.062 [0.048 - 0.078],0.019 [0.006 - 0.034],0.825 [0.525 - 1.156],0.186 [0.051 - 0.321],0.430 [0.295 - 0.568],0.909 [0.888 - 0.931],0.292 [0.125 - 0.469],0.186 [0.077 - 0.306],0.224 [0.096 - 0.356],,,,,,,,,,,
0,migraine,full_features,stacked_2xgb_meta_lr,,70_15_15,stratified,HyperparameterTuned,pareto_AUROC_slope,slope_closest,0.250,0.140,2026-05-15 19:11:07,,0.704 [0.625 - 0.778],0.229 [0.130 - 0.355],0.063 [0.048 - 0.079],0.016 [0.005 - 0.030],0.829 [0.496 - 1.169],0.204 [0.063 - 0.348],0.390 [0.256 - 0.537],0.923 [0.901 - 0.943],0.393 [0.167 - 0.636],0.145 [0.056 - 0.255],0.209 [0.082 - 0.338],,,,,,,,,,,
0,migraine,full_features,stacked_2xgb_meta_lr,,70_15_15,stratified,HyperparameterTuned,single_AUROC,HP020,0.260,0.140,2026-05-15 19:11:15,,0.719 [0.636 - 0.796],0.233 [0.137 - 0.354],0.062 [0.048 - 0.078],0.015 [0.005 - 0.030],0.797 [0.487 - 1.116],0.179 [0.056 - 0.319],0.451 [0.311 - 0.590],0.912 [0.889 - 0.932],0.300 [0.133 - 0.500],0.166 [0.068 - 0.278],0.211 [0.094 - 0.338],,,,,,,,,,,
0,migraine,full_features,stacked_2xgb_meta_lr,,70_15_15,stratified,HyperparameterTuned,single_AUROC,HP050,0.260,0.140,2026-05-15 19:11:23,,0.719 [0.636 - 0.796],0.233 [0.137 - 0.354],0.062 [0.048 - 0.078],0.015 [0.005 - 0.030],0.797 [0.487 - 1.116],0.179 [0.056 - 0.319],0.451 [0.311 - 0.590],0.912 [0.889 - 0.932],0.300 [0.133 - 0.500],0.166 [0.068 - 0.278],0.211 [0.094 - 0.338],,,,,,,,,,,
0,migraine,full_features,stacked_2xgb_meta_lr,,70_15_15,stratified,HyperparameterTuned,single_AUROC,HP100,0.260,0.140,2026-05-15 19:11:31,,0.719 [0.636 - 0.796],0.233 [0.137 - 0.354],0.062 [0.048 - 0.078],0.015 [0.005 - 0.030],0.797 [0.487 - 1.116],0.179 [0.056 - 0.319],0.451 [0.311 - 0.590],0.912 [0.889 - 0.932],0.300 [0.133 - 0.500],0.166 [0.068 - 0.278],0.211 [0.094 - 0.338],,,,,,,,,,,
0,migraine,full_features,stacked_2xgb_meta_lr,,70_15_15,stratified,HyperparameterTuned,single_AUROC,HP200,0.260,0.140,2026-05-15 19:11:38,,0.727 [0.644 - 0.802],0.264 [0.151 - 0.398],0.062 [0.047 - 0.077],0.021 [0.008 - 0.037],0.792 [0.510 - 1.101],0.256 [0.129 - 0.400],0.452 [0.316 - 0.585],0.915 [0.892 - 0.937],0.365 [0.208 - 0.543],0.247 [0.137 - 0.375],0.292 [0.169 - 0.430],,,,,,,,,,,
0,migraine,full_features,stacked_2xgb_meta_lr,,70_15_15,stratified,HyperparameterTuned,single_AUROC,HP500,0.250,0.140,2026-05-15 19:11:46,,0.723 [0.640 - 0.796],0.245 [0.143 - 0.375],0.062 [0.047 - 0.078],0.019 [0.007 - 0.035],0.803 [0.520 - 1.105],0.216 [0.099 - 0.355],0.431 [0.298 - 0.561],0.908 [0.883 - 0.928],0.309 [0.167 - 0.485],0.228 [0.120 - 0.352],0.260 [0.146 - 0.395],,,,,,,,,,,
0,migraine,full_features,stacked_2xgb_meta_lr,,70_15_15,stratified,,,,0.270,0.120,2026-05-22 23:03:59,,0.716 [0.639 - 0.788],0.225 [0.129 - 0.350],0.062 [0.047 - 0.078],0.018 [0.006 - 0.035],0.944 [0.604 - 1.307],0.142 [-0.020 - 0.299],0.470 [0.341 - 0.604],0.927 [0.906 - 0.947],0.442 [0.000 - 1.000],0.062 [0.000 - 0.145],0.107 [0.000 - 0.241],,,,,,,,,,,
0,migraine,full_features,stacked_2xgb_meta_lr,,70_30,chrono,HyperparameterTuned,pareto_AUPRC_slope,auprc_max,0.220,0.080,2026-05-15 19:36:53,,0.766 [0.667 - 0.845],0.278 [0.160 - 0.416],0.056 [0.041 - 0.073],0.018 [0.005 - 0.033],1.291 [0.850 - 1.773],0.302 [0.151 - 0.454],0.659 [0.500 - 0.800],0.925 [0.904 - 0.946],0.406 [0.231 - 0.591],0.288 [0.146 - 0.432],0.333 [0.185 - 0.475],,,,,,,,,,,
0,migraine,full_features,stacked_2xgb_meta_lr,,70_30,chrono,HyperparameterTuned,pareto_AUPRC_slope,knee,0.230,0.080,2026-05-15 19:36:54,,0.768 [0.676 - 0.846],0.309 [0.174 - 0.455],0.056 [0.042 - 0.073],0.019 [0.007 - 0.034],1.289 [0.844 - 1.756],0.224 [0.047 - 0.392],0.633 [0.471 - 0.778],0.936 [0.913 - 0.955],0.578 [0.167 - 1.000],0.105 [0.023 - 0.211],0.175 [0.042 - 0.320],,,,,,,,,,,
0,migraine,full_features,stacked_2xgb_meta_lr,,70_30,chrono,HyperparameterTuned,pareto_AUPRC_slope,slope_closest,0.190,0.070,2026-05-15 19:36:54,,0.754 [0.658 - 0.833],0.286 [0.161 - 0.422],0.056 [0.041 - 0.073],0.019 [0.007 - 0.034],1.301 [0.851 - 1.790],0.313 [0.164 - 0.465],0.659 [0.500 - 0.800],0.924 [0.901 - 0.944],0.399 [0.226 - 0.591],0.314 [0.172 - 0.467],0.349 [0.203 - 0.488],,,,,,,,,,,
0,migraine,full_features,stacked_2xgb_meta_lr,,70_30,chrono,HyperparameterTuned,pareto_AUROC_slope,auroc_max,0.120,0.070,2026-05-15 19:37:01,,0.787 [0.694 - 0.864],0.267 [0.159 - 0.398],0.055 [0.042 - 0.072],0.020 [0.007 - 0.035],1.302 [0.876 - 1.761],0.289 [0.177 - 0.397],0.712 [0.558 - 0.844],0.850 [0.823 - 0.880],0.233 [0.151 - 0.333],0.552 [0.407 - 0.711],0.326 [0.220 - 0.433],,,,,,,,,,,
0,migraine,full_features,stacked_2xgb_meta_lr,,70_30,chrono,HyperparameterTuned,pareto_AUROC_slope,knee,0.170,0.090,2026-05-15 19:37:18,,0.761 [0.662 - 0.846],0.294 [0.163 - 0.433],0.055 [0.041 - 0.072],0.018 [0.006 - 0.034],1.277 [0.857 - 1.732],0.341 [0.196 - 0.472],0.633 [0.471 - 0.778],0.913 [0.890 - 0.934],0.361 [0.222 - 0.511],0.418 [0.263 - 0.576],0.385 [0.246 - 0.512],,,,,,,,,,,
0,migraine,full_features,stacked_2xgb_meta_lr,,70_30,chrono,HyperparameterTuned,pareto_AUROC_slope,slope_closest,0.110,0.080,2026-05-15 19:37:26,,0.762 [0.666 - 0.844],0.287 [0.162 - 0.429],0.056 [0.041 - 0.073],0.020 [0.007 - 0.036],1.283 [0.869 - 1.742],0.250 [0.137 - 0.357],0.633 [0.471 - 0.778],0.844 [0.814 - 0.871],0.211 [0.128 - 0.300],0.498 [0.333 - 0.661],0.295 [0.190 - 0.397],,,,,,,,,,,
0,migraine,full_features,stacked_2xgb_meta_lr,,70_30,chrono,HyperparameterTuned,single_AUROC,HP020,0.100,0.100,2026-05-23 11:32:18,,0.793 [0.701 - 0.873],0.314 [0.187 - 0.457],0.055 [0.041 - 0.072],0.020 [0.007 - 0.036],1.417 [0.952 - 1.942],0.293 [0.187 - 0.401],0.607 [0.450 - 0.756],0.833 [0.803 - 0.861],0.221 [0.144 - 0.309],0.607 [0.450 - 0.756],0.323 [0.226 - 0.427],,,,,,,,,,,
0,migraine,full_features,stacked_2xgb_meta_lr,,70_30,chrono,HyperparameterTuned,single_AUROC,HP050,0.210,0.090,2026-05-22 23:30:56,,0.795 [0.701 - 0.872],0.317 [0.185 - 0.455],0.055 [0.041 - 0.072],0.025 [0.010 - 0.042],1.419 [0.953 - 1.937],0.223 [0.062 - 0.378],0.660 [0.500 - 0.800],0.925 [0.903 - 0.946],0.369 [0.143 - 0.600],0.183 [0.069 - 0.310],0.242 [0.095 - 0.386],,,,,,,,,,,
0,migraine,full_features,stacked_2xgb_meta_lr,,70_30,chrono,HyperparameterTuned,single_AUROC,HP100,0.190,0.100,2026-05-15 19:37:32,,0.788 [0.693 - 0.868],0.323 [0.189 - 0.466],0.055 [0.041 - 0.072],0.021 [0.009 - 0.037],1.385 [0.927 - 1.890],0.368 [0.200 - 0.506],0.633 [0.476 - 0.771],0.929 [0.908 - 0.948],0.450 [0.269 - 0.625],0.367 [0.217 - 0.514],0.401 [0.237 - 0.535],,,,,,,,,,,
0,migraine,full_features,stacked_2xgb_meta_lr,,70_30,chrono,HyperparameterTuned,single_AUROC,HP200,0.190,0.100,2026-05-15 19:37:34,,0.788 [0.693 - 0.868],0.323 [0.189 - 0.466],0.055 [0.041 - 0.072],0.021 [0.009 - 0.037],1.385 [0.927 - 1.890],0.368 [0.200 - 0.506],0.633 [0.476 - 0.771],0.929 [0.908 - 0.948],0.450 [0.269 - 0.625],0.367 [0.217 - 0.514],0.401 [0.237 - 0.535],,,,,,,,,,,
0,migraine,full_features,stacked_2xgb_meta_lr,,70_30,chrono,HyperparameterTuned,single_AUROC,HP500,0.190,0.100,2026-05-15 19:37:34,,0.788 [0.693 - 0.868],0.323 [0.189 - 0.466],0.055 [0.041 - 0.072],0.021 [0.009 - 0.037],1.385 [0.927 - 1.890],0.368 [0.200 - 0.506],0.633 [0.476 - 0.771],0.929 [0.908 - 0.948],0.450 [0.269 - 0.625],0.367 [0.217 - 0.514],0.401 [0.237 - 0.535],,,,,,,,,,,
0,migraine,full_features,stacked_2xgb_meta_lr,,70_30,chrono,,,,0.100,0.070,2026-05-15 19:37:39,,0.777 [0.680 - 0.855],0.320 [0.184 - 0.462],0.057 [0.042 - 0.074],0.024 [0.008 - 0.042],1.599 [1.048 - 2.182],0.292 [0.183 - 0.396],0.712 [0.561 - 0.842],0.842 [0.812 - 0.871],0.227 [0.148 - 0.320],0.581 [0.429 - 0.735],0.325 [0.224 - 0.428],,,,,,,,,,,
0,migraine,full_features,stacked_2xgb_meta_lr,,70_30,patient,HyperparameterTuned,pareto_AUPRC_slope,auprc_max,0.020,0.040,2026-05-22 18:37:41,,0.287 [0.237 - 0.339],0.051 [0.041 - 0.060],0.076 [0.063 - 0.090],0.051 [0.037 - 0.066],-0.426 [-0.540 - -0.318],-0.148 [-0.197 - -0.100],0.040 [0.008 - 0.080],0.452 [0.424 - 0.478],0.038 [0.024 - 0.053],0.253 [0.173 - 0.337],0.066 [0.042 - 0.091],,,,,,,,,,,
0,migraine,full_features,stacked_2xgb_meta_lr,,70_30,patient,HyperparameterTuned,pareto_AUPRC_slope,knee,0.030,0.030,2026-05-22 18:37:56,,0.283 [0.233 - 0.332],0.050 [0.040 - 0.060],0.076 [0.063 - 0.090],0.050 [0.036 - 0.065],-0.498 [-0.634 - -0.374],-0.150 [-0.189 - -0.113],0.111 [0.053 - 0.173],0.579 [0.552 - 0.605],0.024 [0.011 - 0.038],0.111 [0.053 - 0.173],0.039 [0.018 - 0.062],,,,,,,,,,,
0,migraine,full_features,stacked_2xgb_meta_lr,,70_30,patient,HyperparameterTuned,pareto_AUPRC_slope,slope_closest,0.050,0.020,2026-05-22 18:38:09,,0.623 [0.563 - 0.682],0.147 [0.098 - 0.204],0.071 [0.059 - 0.084],0.038 [0.025 - 0.052],0.843 [0.445 - 1.213],0.102 [0.036 - 0.171],1.000 [1.000 - 1.000],0.780 [0.758 - 0.802],0.132 [0.092 - 0.178],0.334 [0.241 - 0.432],0.189 [0.134 - 0.246],,,,,,,,,,,
0,migraine,full_features,stacked_2xgb_meta_lr,,70_30,patient,HyperparameterTuned,pareto_AUROC_slope,auroc_max,0.060,0.060,2026-05-22 18:44:12,,0.290 [0.241 - 0.341],0.051 [0.041 - 0.061],0.078 [0.065 - 0.092],0.076 [0.062 - 0.090],-0.216 [-0.276 - -0.160],-0.112 [-0.139 - -0.082],0.030 [0.000 - 0.067],0.748 [0.723 - 0.773],0.013 [0.000 - 0.029],0.030 [0.000 - 0.067],0.018 [0.000 - 0.041],,,,,,,,,,,
0,migraine,full_features,stacked_2xgb_meta_lr,,70_30,patient,HyperparameterTuned,pareto_AUROC_slope,knee,0.060,0.040,2026-05-22 18:44:26,,0.291 [0.242 - 0.342],0.052 [0.041 - 0.062],0.076 [0.063 - 0.090],0.052 [0.037 - 0.066],-0.454 [-0.578 - -0.334],-0.090 [-0.116 - -0.057],0.081 [0.032 - 0.135],0.790 [0.768 - 0.813],0.017 [0.000 - 0.038],0.030 [0.000 - 0.067],0.022 [0.000 - 0.048],,,,,,,,,,,
0,migraine,full_features,stacked_2xgb_meta_lr,,70_30,patient,HyperparameterTuned,pareto_AUROC_slope,slope_closest,0.050,0.020,2026-05-22 18:44:39,,0.623 [0.563 - 0.682],0.147 [0.098 - 0.204],0.071 [0.059 - 0.084],0.038 [0.025 - 0.052],0.843 [0.445 - 1.213],0.102 [0.036 - 0.171],1.000 [1.000 - 1.000],0.780 [0.758 - 0.802],0.132 [0.092 - 0.178],0.334 [0.241 - 0.432],0.189 [0.134 - 0.246],,,,,,,,,,,
0,migraine,full_features,stacked_2xgb_meta_lr,,70_30,patient,HyperparameterTuned,single_AUROC,HP020,0.020,0.030,2026-05-22 18:50:13,,0.283 [0.233 - 0.333],0.051 [0.041 - 0.061],0.075 [0.062 - 0.089],0.051 [0.037 - 0.065],-0.748 [-0.954 - -0.556],-0.162 [-0.217 - -0.110],0.192 [0.117 - 0.272],0.373 [0.345 - 0.397],0.042 [0.028 - 0.055],0.324 [0.234 - 0.417],0.074 [0.050 - 0.097],,,,,,,,,,,
0,migraine,full_features,stacked_2xgb_meta_lr,,70_30,patient,HyperparameterTuned,single_AUROC,HP050,0.020,0.030,2026-05-22 18:50:23,,0.283 [0.233 - 0.333],0.051 [0.041 - 0.061],0.075 [0.062 - 0.089],0.051 [0.037 - 0.065],-0.748 [-0.954 - -0.556],-0.162 [-0.217 - -0.110],0.192 [0.117 - 0.272],0.373 [0.345 - 0.397],0.042 [0.028 - 0.055],0.324 [0.234 - 0.417],0.074 [0.050 - 0.097],,,,,,,,,,,
0,migraine,full_features,stacked_2xgb_meta_lr,,70_30,patient,HyperparameterTuned,single_AUROC,HP100,0.070,0.040,2026-05-22 18:50:33,,0.280 [0.231 - 0.329],0.050 [0.040 - 0.060],0.076 [0.063 - 0.090],0.050 [0.036 - 0.065],-0.463 [-0.585 - -0.350],-0.064 [-0.074 - -0.054],0.060 [0.018 - 0.111],0.876 [0.859 - 0.894],0.000 [0.000 - 0.000],0.000 [0.000 - 0.000],0.000 [0.000 - 0.000],,,,,,,,,,,
0,migraine,full_features,stacked_2xgb_meta_lr,,70_30,patient,HyperparameterTuned,single_AUROC,HP200,0.040,0.040,2026-05-22 18:50:44,,0.285 [0.236 - 0.335],0.051 [0.040 - 0.061],0.077 [0.064 - 0.091],0.061 [0.047 - 0.075],-0.263 [-0.335 - -0.196],-0.139 [-0.171 - -0.102],0.070 [0.023 - 0.125],0.646 [0.620 - 0.672],0.019 [0.006 - 0.034],0.070 [0.023 - 0.125],0.030 [0.009 - 0.053],,,,,,,,,,,
0,migraine,full_features,stacked_2xgb_meta_lr,,70_30,patient,HyperparameterTuned,single_AUROC,HP500,0.040,0.040,2026-05-22 18:50:55,,0.283 [0.233 - 0.334],0.051 [0.041 - 0.062],0.076 [0.062 - 0.089],0.050 [0.036 - 0.064],-0.586 [-0.748 - -0.434],-0.139 [-0.172 - -0.106],0.060 [0.019 - 0.110],0.656 [0.629 - 0.680],0.017 [0.005 - 0.031],0.060 [0.019 - 0.110],0.026 [0.009 - 0.048],,,,,,,,,,,
0,migraine,full_features,stacked_2xgb_meta_lr,,70_30,patient,,,,0.040,0.030,2026-05-22 15:00:52,,0.308 [0.256 - 0.362],0.059 [0.043 - 0.083],0.074 [0.061 - 0.087],0.049 [0.034 - 0.062],-1.944 [-2.521 - -1.385],-0.069 [-0.098 - -0.029],0.183 [0.106 - 0.261],0.824 [0.803 - 0.845],0.023 [0.000 - 0.053],0.030 [0.000 - 0.071],0.026 [0.000 - 0.060],,,,,,,,,,,
0,migraine,full_features,stacked_2xgb_meta_lr,,70_30,stratified,HyperparameterTuned,pareto_AUPRC_slope,auprc_max,0.180,0.180,2026-05-15 19:38:02,,0.689 [0.631 - 0.746],0.193 [0.133 - 0.269],0.065 [0.053 - 0.079],0.034 [0.021 - 0.050],0.631 [0.451 - 0.825],0.189 [0.100 - 0.290],0.162 [0.094 - 0.237],0.915 [0.899 - 0.929],0.326 [0.200 - 0.466],0.162 [0.094 - 0.237],0.215 [0.131 - 0.307],,,,,,,,,,,
0,migraine,full_features,stacked_2xgb_meta_lr,,70_30,stratified,HyperparameterTuned,pareto_AUPRC_slope,knee,0.190,0.170,2026-05-15 19:38:15,,0.680 [0.620 - 0.739],0.193 [0.132 - 0.267],0.065 [0.053 - 0.079],0.034 [0.021 - 0.049],0.622 [0.433 - 0.818],0.156 [0.059 - 0.255],0.152 [0.086 - 0.228],0.923 [0.908 - 0.937],0.376 [0.188 - 0.560],0.092 [0.042 - 0.149],0.147 [0.070 - 0.232],,,,,,,,,,,
0,migraine,full_features,stacked_2xgb_meta_lr,,70_30,stratified,HyperparameterTuned,pareto_AUPRC_slope,slope_closest,0.090,0.090,2026-05-15 19:38:21,,0.670 [0.609 - 0.724],0.172 [0.119 - 0.239],0.066 [0.054 - 0.080],0.038 [0.024 - 0.054],0.749 [0.519 - 0.978],0.200 [0.119 - 0.280],0.294 [0.204 - 0.386],0.880 [0.863 - 0.897],0.238 [0.165 - 0.314],0.294 [0.204 - 0.386],0.262 [0.185 - 0.339],,,,,,,,,,,
0,migraine,full_features,stacked_2xgb_meta_lr,,70_30,stratified,HyperparameterTuned,pareto_AUROC_slope,auroc_max,0.200,0.130,2026-05-15 19:38:22,,0.687 [0.628 - 0.746],0.201 [0.138 - 0.280],0.065 [0.053 - 0.079],0.037 [0.023 - 0.051],0.615 [0.440 - 0.808],0.170 [0.070 - 0.280],0.244 [0.165 - 0.336],0.925 [0.911 - 0.939],0.427 [0.214 - 0.667],0.091 [0.041 - 0.157],0.149 [0.070 - 0.246],,,,,,,,,,,
0,migraine,full_features,stacked_2xgb_meta_lr,,70_30,stratified,HyperparameterTuned,pareto_AUROC_slope,knee,0.200,0.130,2026-05-15 19:38:22,,0.687 [0.628 - 0.746],0.201 [0.138 - 0.280],0.065 [0.053 - 0.079],0.037 [0.023 - 0.051],0.615 [0.440 - 0.808],0.170 [0.070 - 0.280],0.244 [0.165 - 0.336],0.925 [0.911 - 0.939],0.427 [0.214 - 0.667],0.091 [0.041 - 0.157],0.149 [0.070 - 0.246],,,,,,,,,,,
0,migraine,full_features,stacked_2xgb_meta_lr,,70_30,stratified,HyperparameterTuned,pareto_AUROC_slope,slope_closest,0.080,0.080,2026-05-15 19:38:26,,0.675 [0.618 - 0.726],0.165 [0.115 - 0.224],0.067 [0.054 - 0.080],0.036 [0.023 - 0.052],0.896 [0.612 - 1.165],0.179 [0.106 - 0.262],0.294 [0.212 - 0.387],0.869 [0.852 - 0.886],0.211 [0.145 - 0.287],0.294 [0.212 - 0.387],0.245 [0.176 - 0.323],,,,,,,,,,,
0,migraine,full_features,stacked_2xgb_meta_lr,,70_30,stratified,HyperparameterTuned,single_AUROC,HP020,0.090,0.090,2026-05-15 19:38:26,,0.671 [0.612 - 0.728],0.182 [0.125 - 0.252],0.066 [0.054 - 0.080],0.038 [0.024 - 0.053],0.824 [0.570 - 1.095],0.181 [0.104 - 0.269],0.264 [0.182 - 0.358],0.882 [0.866 - 0.898],0.228 [0.156 - 0.314],0.264 [0.182 - 0.358],0.244 [0.173 - 0.327],,,,,,,,,,,
0,migraine,full_features,stacked_2xgb_meta_lr,,70_30,stratified,HyperparameterTuned,single_AUROC,HP050,0.090,0.090,2026-05-15 19:38:28,,0.671 [0.612 - 0.728],0.182 [0.125 - 0.252],0.066 [0.054 - 0.080],0.038 [0.024 - 0.053],0.824 [0.570 - 1.095],0.181 [0.104 - 0.269],0.264 [0.182 - 0.358],0.882 [0.866 - 0.898],0.228 [0.156 - 0.314],0.264 [0.182 - 0.358],0.244 [0.173 - 0.327],,,,,,,,,,,
0,migraine,full_features,stacked_2xgb_meta_lr,,70_30,stratified,HyperparameterTuned,single_AUROC,HP100,0.180,0.200,2026-05-15 19:38:41,,0.679 [0.621 - 0.735],0.175 [0.122 - 0.244],0.066 [0.053 - 0.079],0.036 [0.023 - 0.051],0.597 [0.414 - 0.795],0.141 [0.053 - 0.237],0.041 [0.009 - 0.084],0.916 [0.900 - 0.930],0.289 [0.154 - 0.435],0.112 [0.055 - 0.182],0.160 [0.082 - 0.248],,,,,,,,,,,
0,migraine,full_features,stacked_2xgb_meta_lr,,70_30,stratified,HyperparameterTuned,single_AUROC,HP200,0.180,0.200,2026-05-15 19:39:04,,0.679 [0.621 - 0.735],0.175 [0.122 - 0.244],0.066 [0.053 - 0.079],0.036 [0.023 - 0.051],0.597 [0.414 - 0.795],0.141 [0.053 - 0.237],0.041 [0.009 - 0.084],0.916 [0.900 - 0.930],0.289 [0.154 - 0.435],0.112 [0.055 - 0.182],0.160 [0.082 - 0.248],,,,,,,,,,,
0,migraine,full_features,stacked_2xgb_meta_lr,,70_30,stratified,HyperparameterTuned,single_AUROC,HP500,0.140,0.150,2026-05-15 19:39:09,,0.683 [0.621 - 0.741],0.184 [0.126 - 0.254],0.066 [0.054 - 0.079],0.036 [0.022 - 0.051],0.654 [0.462 - 0.856],0.150 [0.071 - 0.239],0.162 [0.096 - 0.241],0.897 [0.880 - 0.912],0.231 [0.143 - 0.329],0.183 [0.112 - 0.266],0.203 [0.126 - 0.287],,,,,,,,,,,
0,migraine,full_features,stacked_2xgb_meta_lr,,70_30,stratified,,,,0.110,0.110,2026-05-15 19:39:10,,0.682 [0.622 - 0.738],0.214 [0.144 - 0.295],0.066 [0.053 - 0.079],0.036 [0.022 - 0.052],0.781 [0.557 - 1.012],0.216 [0.134 - 0.303],0.264 [0.184 - 0.354],0.897 [0.880 - 0.913],0.279 [0.193 - 0.374],0.264 [0.184 - 0.354],0.270 [0.193 - 0.354],,,,,,,,,,,
0,migraine,full_features,stacked_2xgb_meta_lr,,80_20,chrono,HyperparameterTuned,pareto_AUPRC_slope,auprc_max,0.290,0.150,2026-05-15 19:39:07,,0.542 [0.338 - 0.732],0.108 [0.026 - 0.289],0.044 [0.024 - 0.069],0.034 [0.017 - 0.054],0.173 [-0.688 - 0.936],0.086 [-0.041 - 0.353],0.193 [0.000 - 0.500],0.940 [0.910 - 0.966],0.149 [0.000 - 0.500],0.094 [0.000 - 0.333],0.109 [0.000 - 0.364],,,,,,,,,,,
0,migraine,full_features,stacked_2xgb_meta_lr,,80_20,chrono,HyperparameterTuned,pareto_AUPRC_slope,knee,0.290,0.160,2026-05-15 19:39:12,,0.541 [0.334 - 0.731],0.088 [0.026 - 0.223],0.045 [0.024 - 0.070],0.035 [0.017 - 0.055],0.165 [-0.677 - 0.889],-0.027 [-0.043 - -0.012],0.094 [0.000 - 0.333],0.940 [0.910 - 0.966],0.000 [0.000 - 0.000],0.000 [0.000 - 0.000],0.000 [0.000 - 0.000],,,,,,,,,,,
0,migraine,full_features,stacked_2xgb_meta_lr,,80_20,chrono,HyperparameterTuned,pareto_AUPRC_slope,slope_closest,0.220,0.150,2026-05-15 19:39:11,,0.592 [0.417 - 0.749],0.064 [0.028 - 0.111],0.048 [0.027 - 0.072],0.046 [0.028 - 0.067],0.198 [-0.403 - 0.737],-0.061 [-0.086 - -0.039],0.105 [0.000 - 0.375],0.876 [0.833 - 0.919],0.000 [0.000 - 0.000],0.000 [0.000 - 0.000],0.000 [0.000 - 0.000],,,,,,,,,,,
0,migraine,full_features,stacked_2xgb_meta_lr,,80_20,chrono,HyperparameterTuned,pareto_AUROC_slope,auroc_max,0.280,0.170,2026-05-15 19:39:14,,0.583 [0.382 - 0.755],0.088 [0.028 - 0.210],0.045 [0.024 - 0.069],0.038 [0.019 - 0.060],0.264 [-0.468 - 0.903],0.087 [-0.042 - 0.356],0.094 [0.000 - 0.333],0.940 [0.910 - 0.966],0.152 [0.000 - 0.500],0.094 [0.000 - 0.333],0.109 [0.000 - 0.375],,,,,,,,,,,
0,migraine,full_features,stacked_2xgb_meta_lr,,80_20,chrono,HyperparameterTuned,pareto_AUROC_slope,knee,0.240,0.180,2026-05-15 19:39:26,,0.607 [0.430 - 0.766],0.071 [0.030 - 0.130],0.048 [0.028 - 0.071],0.048 [0.026 - 0.070],0.329 [-0.271 - 0.929],-0.054 [-0.076 - -0.033],0.105 [0.000 - 0.375],0.893 [0.855 - 0.932],0.000 [0.000 - 0.000],0.000 [0.000 - 0.000],0.000 [0.000 - 0.000],,,,,,,,,,,
0,migraine,full_features,stacked_2xgb_meta_lr,,80_20,chrono,HyperparameterTuned,pareto_AUROC_slope,slope_closest,0.120,0.120,2026-05-15 19:39:47,,0.635 [0.436 - 0.819],0.088 [0.032 - 0.176],0.046 [0.026 - 0.070],0.046 [0.028 - 0.069],0.386 [-0.505 - 1.123],0.058 [-0.081 - 0.213],0.312 [0.000 - 0.667],0.786 [0.731 - 0.838],0.066 [0.000 - 0.143],0.312 [0.000 - 0.667],0.107 [0.000 - 0.226],,,,,,,,,,,
0,migraine,full_features,stacked_2xgb_meta_lr,,80_20,chrono,HyperparameterTuned,single_AUROC,HP020,0.250,0.160,2026-05-15 19:39:49,,0.602 [0.389 - 0.771],0.089 [0.029 - 0.204],0.045 [0.024 - 0.069],0.040 [0.020 - 0.061],0.348 [-0.343 - 0.966],0.058 [-0.051 - 0.282],0.094 [0.000 - 0.333],0.927 [0.893 - 0.957],0.102 [0.000 - 0.364],0.094 [0.000 - 0.333],0.093 [0.000 - 0.308],,,,,,,,,,,
0,migraine,full_features,stacked_2xgb_meta_lr,,80_20,chrono,HyperparameterTuned,single_AUROC,HP050,0.250,0.160,2026-05-15 19:39:51,,0.602 [0.389 - 0.771],0.089 [0.029 - 0.204],0.045 [0.024 - 0.069],0.040 [0.020 - 0.061],0.348 [-0.343 - 0.966],0.058 [-0.051 - 0.282],0.094 [0.000 - 0.333],0.927 [0.893 - 0.957],0.102 [0.000 - 0.364],0.094 [0.000 - 0.333],0.093 [0.000 - 0.308],,,,,,,,,,,
0,migraine,full_features,stacked_2xgb_meta_lr,,80_20,chrono,HyperparameterTuned,single_AUROC,HP100,0.250,0.160,2026-05-15 19:39:51,,0.602 [0.389 - 0.771],0.089 [0.029 - 0.204],0.045 [0.024 - 0.069],0.040 [0.020 - 0.061],0.348 [-0.343 - 0.966],0.058 [-0.051 - 0.282],0.094 [0.000 - 0.333],0.927 [0.893 - 0.957],0.102 [0.000 - 0.364],0.094 [0.000 - 0.333],0.093 [0.000 - 0.308],,,,,,,,,,,
0,migraine,full_features,stacked_2xgb_meta_lr,,80_20,chrono,HyperparameterTuned,single_AUROC,HP200,0.250,0.160,2026-05-15 19:39:52,,0.602 [0.389 - 0.771],0.089 [0.029 - 0.204],0.045 [0.024 - 0.069],0.040 [0.020 - 0.061],0.348 [-0.343 - 0.966],0.058 [-0.051 - 0.282],0.094 [0.000 - 0.333],0.927 [0.893 - 0.957],0.102 [0.000 - 0.364],0.094 [0.000 - 0.333],0.093 [0.000 - 0.308],,,,,,,,,,,
0,migraine,full_features,stacked_2xgb_meta_lr,,80_20,chrono,HyperparameterTuned,single_AUROC,HP500,0.270,0.160,2026-05-15 19:39:55,,0.584 [0.370 - 0.757],0.094 [0.028 - 0.227],0.044 [0.023 - 0.068],0.035 [0.016 - 0.056],0.292 [-0.451 - 0.978],0.087 [-0.042 - 0.356],0.094 [0.000 - 0.333],0.940 [0.910 - 0.966],0.152 [0.000 - 0.500],0.094 [0.000 - 0.333],0.109 [0.000 - 0.375],,,,,,,,,,,
0,migraine,full_features,stacked_2xgb_meta_lr,,80_20,chrono,,,,0.240,0.140,2026-05-15 19:39:57,,0.592 [0.382 - 0.779],0.091 [0.030 - 0.195],0.044 [0.023 - 0.068],0.031 [0.013 - 0.052],0.348 [-0.498 - 1.117],-0.036 [-0.054 - -0.020],0.193 [0.000 - 0.500],0.927 [0.893 - 0.957],0.000 [0.000 - 0.000],0.000 [0.000 - 0.000],0.000 [0.000 - 0.000],,,,,,,,,,,
0,migraine,full_features,stacked_2xgb_meta_lr,,80_20,patient,HyperparameterTuned,pareto_AUPRC_slope,auprc_max,0.010,0.040,2026-05-22 18:56:41,,0.601 [0.531 - 0.670],0.147 [0.088 - 0.220],0.070 [0.056 - 0.086],0.032 [0.016 - 0.050],17.458 [0.682 - 53.383],0.000 [0.000 - 0.000],1.000 [1.000 - 1.000],0.075 [0.059 - 0.092],0.075 [0.059 - 0.092],1.000 [1.000 - 1.000],0.139 [0.111 - 0.169],,,,,,,,,,,
0,migraine,full_features,stacked_2xgb_meta_lr,,80_20,patient,HyperparameterTuned,pareto_AUPRC_slope,knee,0.040,0.040,2026-05-22 18:56:52,,0.595 [0.519 - 0.670],0.147 [0.091 - 0.220],0.070 [0.056 - 0.086],0.032 [0.016 - 0.050],2.464 [0.792 - 4.064],0.060 [-0.003 - 0.125],0.644 [0.528 - 0.758],0.482 [0.448 - 0.514],0.089 [0.065 - 0.116],0.644 [0.528 - 0.758],0.157 [0.116 - 0.200],,,,,,,,,,,
0,migraine,full_features,stacked_2xgb_meta_lr,,80_20,patient,HyperparameterTuned,pareto_AUPRC_slope,slope_closest,0.040,0.040,2026-05-22 18:57:03,,0.666 [0.598 - 0.731],0.160 [0.104 - 0.232],0.069 [0.055 - 0.085],0.031 [0.015 - 0.049],1.852 [1.092 - 2.602],0.113 [0.046 - 0.174],0.659 [0.544 - 0.770],0.562 [0.530 - 0.596],0.107 [0.079 - 0.136],0.659 [0.544 - 0.770],0.184 [0.140 - 0.229],,,,,,,,,,,
0,migraine,full_features,stacked_2xgb_meta_lr,,80_20,patient,HyperparameterTuned,pareto_AUROC_slope,auroc_max,0.040,0.050,2026-05-22 19:02:58,,0.589 [0.516 - 0.664],0.144 [0.088 - 0.216],0.069 [0.055 - 0.086],0.033 [0.017 - 0.050],0.866 [0.302 - 1.426],0.050 [-0.016 - 0.118],0.334 [0.224 - 0.452],0.650 [0.619 - 0.682],0.093 [0.061 - 0.129],0.421 [0.303 - 0.543],0.152 [0.102 - 0.205],,,,,,,,,,,
0,migraine,full_features,stacked_2xgb_meta_lr,,80_20,patient,HyperparameterTuned,pareto_AUROC_slope,knee,0.040,0.050,2026-05-22 19:03:09,,0.589 [0.516 - 0.664],0.144 [0.088 - 0.216],0.069 [0.055 - 0.086],0.033 [0.017 - 0.050],0.866 [0.302 - 1.426],0.050 [-0.016 - 0.118],0.334 [0.224 - 0.452],0.650 [0.619 - 0.682],0.093 [0.061 - 0.129],0.421 [0.303 - 0.543],0.152 [0.102 - 0.205],,,,,,,,,,,
0,migraine,full_features,stacked_2xgb_meta_lr,,80_20,patient,HyperparameterTuned,pareto_AUROC_slope,slope_closest,0.040,0.050,2026-05-22 19:03:20,,0.589 [0.516 - 0.664],0.144 [0.088 - 0.216],0.069 [0.055 - 0.086],0.033 [0.017 - 0.050],0.866 [0.302 - 1.426],0.050 [-0.016 - 0.118],0.334 [0.224 - 0.452],0.650 [0.619 - 0.682],0.093 [0.061 - 0.129],0.421 [0.303 - 0.543],0.152 [0.102 - 0.205],,,,,,,,,,,
0,migraine,full_features,stacked_2xgb_meta_lr,,80_20,patient,HyperparameterTuned,single_AUROC,HP020,0.040,0.040,2026-05-22 19:09:04,,0.660 [0.591 - 0.728],0.155 [0.102 - 0.223],0.069 [0.055 - 0.086],0.031 [0.015 - 0.049],2.501 [1.490 - 3.572],0.121 [0.062 - 0.178],0.764 [0.658 - 0.861],0.487 [0.453 - 0.520],0.103 [0.077 - 0.131],0.764 [0.658 - 0.861],0.182 [0.139 - 0.226],,,,,,,,,,,
0,migraine,full_features,stacked_2xgb_meta_lr,,80_20,patient,HyperparameterTuned,single_AUROC,HP050,0.050,0.040,2026-05-22 19:09:15,,0.604 [0.533 - 0.675],0.150 [0.091 - 0.225],0.069 [0.055 - 0.086],0.032 [0.017 - 0.050],1.123 [0.471 - 1.803],0.077 [0.008 - 0.151],0.391 [0.279 - 0.516],0.765 [0.736 - 0.791],0.114 [0.072 - 0.160],0.317 [0.214 - 0.427],0.168 [0.110 - 0.229],,,,,,,,,,,
0,migraine,full_features,stacked_2xgb_meta_lr,,80_20,patient,HyperparameterTuned,single_AUROC,HP100,0.040,0.040,2026-05-22 19:09:26,,0.604 [0.531 - 0.679],0.148 [0.092 - 0.221],0.069 [0.055 - 0.086],0.031 [0.015 - 0.049],1.186 [0.469 - 1.892],0.046 [-0.021 - 0.115],0.497 [0.380 - 0.614],0.583 [0.549 - 0.614],0.089 [0.062 - 0.121],0.497 [0.380 - 0.614],0.151 [0.106 - 0.199],,,,,,,,,,,
0,migraine,full_features,stacked_2xgb_meta_lr,,80_20,patient,HyperparameterTuned,single_AUROC,HP200,0.040,0.040,2026-05-22 19:09:37,,0.604 [0.531 - 0.679],0.148 [0.092 - 0.221],0.069 [0.055 - 0.086],0.031 [0.015 - 0.049],1.186 [0.469 - 1.892],0.046 [-0.021 - 0.115],0.497 [0.380 - 0.614],0.583 [0.549 - 0.614],0.089 [0.062 - 0.121],0.497 [0.380 - 0.614],0.151 [0.106 - 0.199],,,,,,,,,,,
0,migraine,full_features,stacked_2xgb_meta_lr,,80_20,patient,HyperparameterTuned,single_AUROC,HP500,0.040,0.040,2026-05-22 19:09:49,,0.566 [0.490 - 0.640],0.152 [0.088 - 0.231],0.069 [0.055 - 0.085],0.030 [0.015 - 0.048],0.631 [0.060 - 1.151],0.012 [-0.052 - 0.077],0.347 [0.240 - 0.463],0.649 [0.616 - 0.682],0.079 [0.049 - 0.111],0.347 [0.240 - 0.463],0.129 [0.083 - 0.178],,,,,,,,,,,
0,migraine,full_features,stacked_2xgb_meta_lr,,80_20,patient,,,,0.040,0.040,2026-05-22 15:01:04,,0.681 [0.614 - 0.749],0.184 [0.118 - 0.265],0.069 [0.055 - 0.086],0.031 [0.015 - 0.049],2.853 [1.842 - 3.929],0.116 [0.056 - 0.173],0.764 [0.661 - 0.862],0.479 [0.445 - 0.513],0.102 [0.076 - 0.129],0.764 [0.661 - 0.862],0.180 [0.138 - 0.223],,,,,,,,,,,
0,migraine,full_features,stacked_2xgb_meta_lr,,80_20,stratified,HyperparameterTuned,pareto_AUPRC_slope,auprc_max,0.130,0.070,2026-05-15 19:40:14,,0.692 [0.625 - 0.757],0.203 [0.129 - 0.290],0.064 [0.050 - 0.078],0.028 [0.012 - 0.043],0.813 [0.527 - 1.112],0.199 [0.104 - 0.307],0.446 [0.329 - 0.569],0.901 [0.881 - 0.920],0.275 [0.167 - 0.393],0.232 [0.143 - 0.339],0.250 [0.159 - 0.355],,,,,,,,,,,
0,migraine,full_features,stacked_2xgb_meta_lr,,80_20,stratified,HyperparameterTuned,pareto_AUPRC_slope,knee,0.140,0.070,2026-05-15 19:40:37,,0.690 [0.623 - 0.758],0.215 [0.135 - 0.314],0.064 [0.050 - 0.077],0.031 [0.016 - 0.046],0.766 [0.497 - 1.064],0.197 [0.100 - 0.295],0.492 [0.373 - 0.618],0.885 [0.865 - 0.906],0.241 [0.149 - 0.338],0.279 [0.175 - 0.391],0.258 [0.163 - 0.350],,,,,,,,,,,
0,migraine,full_features,stacked_2xgb_meta_lr,,80_20,stratified,HyperparameterTuned,pareto_AUPRC_slope,slope_closest,0.040,0.050,2026-05-15 19:40:42,,0.706 [0.638 - 0.773],0.193 [0.124 - 0.278],0.065 [0.051 - 0.079],0.033 [0.017 - 0.048],1.073 [0.735 - 1.433],0.167 [0.096 - 0.236],0.523 [0.407 - 0.644],0.715 [0.686 - 0.744],0.138 [0.100 - 0.178],0.569 [0.451 - 0.682],0.222 [0.167 - 0.278],,,,,,,,,,,
0,migraine,full_features,stacked_2xgb_meta_lr,,80_20,stratified,HyperparameterTuned,pareto_AUROC_slope,auroc_max,0.050,0.080,2026-05-15 19:40:39,,0.678 [0.611 - 0.746],0.178 [0.113 - 0.260],0.065 [0.051 - 0.078],0.030 [0.015 - 0.046],0.625 [0.391 - 0.874],0.163 [0.090 - 0.236],0.356 [0.245 - 0.475],0.729 [0.702 - 0.758],0.140 [0.100 - 0.180],0.540 [0.420 - 0.672],0.222 [0.163 - 0.279],,,,,,,,,,,
0,migraine,full_features,stacked_2xgb_meta_lr,,80_20,stratified,HyperparameterTuned,pareto_AUROC_slope,knee,0.040,0.070,2026-05-15 19:40:41,,0.685 [0.615 - 0.756],0.216 [0.139 - 0.308],0.064 [0.050 - 0.078],0.029 [0.014 - 0.043],0.728 [0.467 - 1.021],0.150 [0.082 - 0.220],0.430 [0.315 - 0.558],0.681 [0.650 - 0.712],0.127 [0.092 - 0.163],0.586 [0.470 - 0.710],0.208 [0.156 - 0.261],,,,,,,,,,,
0,migraine,full_features,stacked_2xgb_meta_lr,,80_20,stratified,HyperparameterTuned,pareto_AUROC_slope,slope_closest,0.060,0.070,2026-05-15 19:40:43,,0.690 [0.623 - 0.757],0.190 [0.123 - 0.275],0.065 [0.051 - 0.079],0.030 [0.015 - 0.046],0.965 [0.616 - 1.332],0.173 [0.096 - 0.252],0.370 [0.258 - 0.491],0.786 [0.760 - 0.813],0.159 [0.109 - 0.213],0.462 [0.343 - 0.586],0.236 [0.167 - 0.304],,,,,,,,,,,
0,migraine,full_features,stacked_2xgb_meta_lr,,80_20,stratified,HyperparameterTuned,single_AUROC,HP020,0.120,0.050,2026-05-15 19:40:41,,0.686 [0.617 - 0.753],0.194 [0.122 - 0.283],0.064 [0.050 - 0.078],0.026 [0.011 - 0.041],0.794 [0.514 - 1.100],0.189 [0.100 - 0.284],0.570 [0.452 - 0.691],0.876 [0.854 - 0.898],0.223 [0.142 - 0.310],0.292 [0.194 - 0.403],0.252 [0.168 - 0.341],,,,,,,,,,,
0,migraine,full_features,stacked_2xgb_meta_lr,,80_20,stratified,HyperparameterTuned,single_AUROC,HP050,0.050,0.060,2026-05-15 19:40:44,,0.690 [0.624 - 0.758],0.209 [0.133 - 0.302],0.064 [0.050 - 0.078],0.027 [0.013 - 0.043],0.729 [0.478 - 1.020],0.136 [0.069 - 0.211],0.446 [0.339 - 0.572],0.726 [0.697 - 0.756],0.129 [0.090 - 0.169],0.492 [0.382 - 0.623],0.204 [0.148 - 0.260],,,,,,,,,,,
0,migraine,full_features,stacked_2xgb_meta_lr,,80_20,stratified,HyperparameterTuned,single_AUROC,HP100,0.050,0.060,2026-05-15 19:40:50,,0.690 [0.624 - 0.758],0.209 [0.133 - 0.302],0.064 [0.050 - 0.078],0.027 [0.013 - 0.043],0.729 [0.478 - 1.020],0.136 [0.069 - 0.211],0.446 [0.339 - 0.572],0.726 [0.697 - 0.756],0.129 [0.090 - 0.169],0.492 [0.382 - 0.623],0.204 [0.148 - 0.260],,,,,,,,,,,
0,migraine,full_features,stacked_2xgb_meta_lr,,80_20,stratified,HyperparameterTuned,single_AUROC,HP200,0.050,0.060,2026-05-15 19:40:56,,0.690 [0.624 - 0.758],0.209 [0.133 - 0.302],0.064 [0.050 - 0.078],0.027 [0.013 - 0.043],0.729 [0.478 - 1.020],0.136 [0.069 - 0.211],0.446 [0.339 - 0.572],0.726 [0.697 - 0.756],0.129 [0.090 - 0.169],0.492 [0.382 - 0.623],0.204 [0.148 - 0.260],,,,,,,,,,,
0,migraine,full_features,stacked_2xgb_meta_lr,,80_20,stratified,HyperparameterTuned,single_AUROC,HP500,0.070,0.070,2026-05-15 19:40:57,,0.681 [0.608 - 0.749],0.193 [0.122 - 0.281],0.065 [0.051 - 0.078],0.029 [0.014 - 0.044],0.700 [0.437 - 0.988],0.150 [0.076 - 0.228],0.430 [0.318 - 0.552],0.780 [0.753 - 0.806],0.147 [0.100 - 0.195],0.430 [0.318 - 0.552],0.218 [0.153 - 0.282],,,,,,,,,,,
0,migraine,full_features,stacked_2xgb_meta_lr,,80_20,stratified,,,,0.150,0.070,2026-05-15 19:40:57,,0.695 [0.630 - 0.759],0.212 [0.134 - 0.304],0.065 [0.050 - 0.078],0.027 [0.012 - 0.043],0.874 [0.594 - 1.193],0.163 [0.062 - 0.273],0.401 [0.287 - 0.518],0.906 [0.887 - 0.926],0.264 [0.139 - 0.400],0.170 [0.088 - 0.270],0.205 [0.111 - 0.308],,,,,,,,,,,
0,migraine,no_rolling_features,stacked_2xgb_meta_lr,,70_15_15,chrono,,,,0.110,0.070,2026-05-22 23:04:58,2026-05-15 19:15:26,0.420 [0.112 - 0.794],0.066 [0.013 - 0.185],0.038 [0.013 - 0.068],0.040 [0.011 - 0.069],-1.514 [-8.846 - 3.558],-0.043 [-0.070 - -0.020],0.598 [0.000 - 1.000],0.912 [0.860 - 0.956],0.000 [0.000 - 0.000],0.000 [0.000 - 0.000],0.000 [0.000 - 0.000],0.573 ± 0.090,0.102 ± 0.019,0.062 ± 0.015,0.019 ± 0.015,0.473 ± 0.839,0.047 ± 0.035,0.751 ± 0.234,0.809 ± 0.081,0.087 ± 0.044,0.228 ± 0.128,0.125 ± 0.064
0,migraine,no_rolling_features,stacked_2xgb_meta_lr,,70_15_15,patient,,,,0.110,0.100,2026-05-22 15:01:14,,0.446 [0.352 - 0.542],0.083 [0.038 - 0.152],0.055 [0.042 - 0.070],0.046 [0.030 - 0.061],-1.357 [-3.993 - 2.404],0.012 [-0.062 - 0.093],0.727 [0.583 - 0.852],0.863 [0.835 - 0.891],0.064 [0.014 - 0.132],0.108 [0.022 - 0.216],0.080 [0.018 - 0.152],,,,,,,,,,,
0,migraine,no_rolling_features,stacked_2xgb_meta_lr,,70_15_15,stratified,,,,0.080,0.060,2026-05-23 13:03:29,,0.549 [0.472 - 0.627],0.109 [0.063 - 0.182],0.067 [0.051 - 0.085],0.015 [0.004 - 0.030],0.568 [-0.418 - 1.479],0.004 [-0.068 - 0.086],0.920 [0.829 - 0.983],0.775 [0.743 - 0.808],0.074 [0.030 - 0.121],0.185 [0.077 - 0.304],0.105 [0.046 - 0.168],,,,,,,,,,,
0,migraine,no_rolling_features,stacked_2xgb_meta_lr,,70_30,chrono,,,,0.150,0.060,2026-05-22 23:32:18,,0.619 [0.520 - 0.716],0.155 [0.075 - 0.249],0.060 [0.044 - 0.080],0.016 [0.004 - 0.032],1.628 [0.513 - 2.607],0.072 [-0.023 - 0.243],0.682 [0.533 - 0.829],0.932 [0.911 - 0.951],0.310 [0.000 - 1.000],0.026 [0.000 - 0.083],0.047 [0.000 - 0.150],,,,,,,,,,,
0,migraine,no_rolling_features,stacked_2xgb_meta_lr,,70_30,patient,,,,0.050,0.020,2026-05-23 17:20:14,,0.496 [0.436 - 0.560],0.082 [0.061 - 0.105],0.073 [0.060 - 0.087],0.048 [0.034 - 0.062],-0.077 [-0.616 - 0.483],-0.007 [-0.056 - 0.048],0.859 [0.789 - 0.923],0.856 [0.836 - 0.876],0.070 [0.024 - 0.122],0.071 [0.024 - 0.128],0.070 [0.023 - 0.122],,,,,,,,,,,
0,migraine,no_rolling_features,stacked_2xgb_meta_lr,,70_30,stratified,,,,0.030,0.030,2026-05-15 19:13:00,,0.427 [0.367 - 0.487],0.066 [0.050 - 0.085],0.069 [0.056 - 0.083],0.042 [0.027 - 0.057],-7.055 [-13.500 - 0.723],-0.047 [-0.108 - 0.011],0.806 [0.725 - 0.879],0.180 [0.161 - 0.201],0.068 [0.054 - 0.083],0.806 [0.725 - 0.879],0.125 [0.101 - 0.152],,,,,,,,,,,
0,migraine,no_rolling_features,stacked_2xgb_meta_lr,,80_20,chrono,,,,0.200,0.070,2026-05-15 19:13:07,,0.573 [0.388 - 0.762],0.157 [0.026 - 0.403],0.041 [0.021 - 0.065],0.040 [0.014 - 0.063],1.265 [-1.082 - 3.417],0.142 [-0.028 - 0.495],0.908 [0.667 - 1.000],0.953 [0.923 - 0.979],0.294 [0.000 - 1.000],0.094 [0.000 - 0.333],0.134 [0.000 - 0.445],,,,,,,,,,,
0,migraine,no_rolling_features,stacked_2xgb_meta_lr,,80_20,patient,,,,0.030,0.040,2026-05-22 15:01:37,,0.479 [0.401 - 0.558],0.081 [0.056 - 0.114],0.070 [0.056 - 0.087],0.032 [0.016 - 0.050],-0.427 [-2.249 - 1.158],-0.018 [-0.107 - 0.048],0.662 [0.554 - 0.769],0.101 [0.082 - 0.121],0.074 [0.058 - 0.092],0.955 [0.895 - 1.000],0.137 [0.109 - 0.167],,,,,,,,,,,
0,migraine,no_rolling_features,stacked_2xgb_meta_lr,,80_20,stratified,,,,0.040,0.040,2026-05-15 19:13:17,,0.530 [0.462 - 0.601],0.086 [0.062 - 0.120],0.068 [0.053 - 0.083],0.037 [0.020 - 0.054],0.201 [-0.214 - 0.572],0.039 [-0.025 - 0.108],0.308 [0.200 - 0.421],0.726 [0.696 - 0.754],0.090 [0.057 - 0.126],0.308 [0.200 - 0.421],0.138 [0.090 - 0.191],,,,,,,,,,,
0,migraine,park_features,stacked_2xgb_meta_lr,,70_15_15,chrono,,,,0.140,0.050,2026-05-22 21:20:10,2026-05-15 19:15:33,0.588 [0.399 - 0.842],0.058 [0.015 - 0.135],0.040 [0.015 - 0.070],0.039 [0.015 - 0.066],-0.397 [-2.987 - 1.292],-0.047 [-0.078 - -0.022],1.000 [1.000 - 1.000],0.904 [0.853 - 0.949],0.000 [0.000 - 0.000],0.000 [0.000 - 0.000],0.000 [0.000 - 0.000],0.569 ± 0.039,0.084 ± 0.025,0.062 ± 0.015,0.019 ± 0.013,0.636 ± 0.256,0.062 ± 0.071,0.982 ± 0.024,0.697 ± 0.316,0.114 ± 0.073,0.359 ± 0.345,0.140 ± 0.076
0,migraine,park_features,stacked_2xgb_meta_lr,,70_15_15,patient,,,,0.100,0.090,2026-05-22 15:01:48,,0.536 [0.474 - 0.601],0.062 [0.042 - 0.088],0.055 [0.042 - 0.069],0.046 [0.028 - 0.062],0.684 [-2.169 - 2.977],0.039 [-0.038 - 0.130],1.000 [1.000 - 1.000],0.829 [0.801 - 0.857],0.078 [0.031 - 0.137],0.192 [0.077 - 0.323],0.110 [0.045 - 0.187],,,,,,,,,,,
0,migraine,park_features,stacked_2xgb_meta_lr,,70_15_15,stratified,,,,0.060,0.050,2026-05-15 19:13:34,,0.540 [0.477 - 0.606],0.116 [0.067 - 0.182],0.067 [0.050 - 0.085],0.028 [0.013 - 0.048],0.438 [-0.222 - 0.968],0.036 [-0.041 - 0.113],1.000 [1.000 - 1.000],0.784 [0.749 - 0.813],0.092 [0.047 - 0.146],0.226 [0.115 - 0.347],0.130 [0.066 - 0.199],,,,,,,,,,,
0,migraine,park_features,stacked_2xgb_meta_lr,,70_30,chrono,,,,0.250,0.040,2026-05-22 23:32:50,,0.625 [0.546 - 0.705],0.115 [0.065 - 0.183],0.061 [0.045 - 0.080],0.015 [0.005 - 0.029],0.824 [0.321 - 1.289],0.121 [0.000 - 0.261],1.000 [1.000 - 1.000],0.911 [0.887 - 0.932],0.214 [0.059 - 0.393],0.130 [0.030 - 0.257],0.160 [0.039 - 0.290],,,,,,,,,,,
0,migraine,park_features,stacked_2xgb_meta_lr,,70_30,patient,,,,0.010,0.030,2026-05-23 17:24:13,,0.541 [0.496 - 0.586],0.086 [0.067 - 0.107],0.073 [0.060 - 0.086],0.045 [0.031 - 0.059],0.671 [0.620 - 0.727],0.000 [0.000 - 0.000],1.000 [1.000 - 1.000],0.077 [0.063 - 0.091],0.077 [0.063 - 0.091],1.000 [1.000 - 1.000],0.143 [0.118 - 0.167],,,,,,,,,,,
0,migraine,park_features,stacked_2xgb_meta_lr,,70_30,stratified,,,,0.020,0.060,2026-05-23 17:24:02,,0.576 [0.526 - 0.627],0.117 [0.081 - 0.165],0.068 [0.055 - 0.082],0.042 [0.028 - 0.057],0.555 [0.233 - 0.867],0.085 [0.022 - 0.150],0.265 [0.176 - 0.356],0.779 [0.756 - 0.801],0.118 [0.078 - 0.161],0.316 [0.224 - 0.410],0.171 [0.117 - 0.229],,,,,,,,,,,
0,migraine,park_features,stacked_2xgb_meta_lr,,80_20,chrono,,,,0.150,0.050,2026-05-15 19:13:59,,0.555 [0.409 - 0.729],0.068 [0.022 - 0.172],0.043 [0.024 - 0.068],0.040 [0.021 - 0.063],0.119 [-1.992 - 1.521],0.043 [-0.062 - 0.256],1.000 [1.000 - 1.000],0.911 [0.872 - 0.949],0.078 [0.000 - 0.267],0.105 [0.000 - 0.375],0.085 [0.000 - 0.286],,,,,,,,,,,
0,migraine,park_features,stacked_2xgb_meta_lr,,80_20,patient,,,,0.060,0.030,2026-05-22 15:02:07,,0.492 [0.443 - 0.548],0.074 [0.057 - 0.094],0.070 [0.056 - 0.087],0.033 [0.017 - 0.051],-0.152 [-1.958 - 1.559],-0.039 [-0.050 - -0.029],0.985 [0.952 - 1.000],0.906 [0.888 - 0.924],0.000 [0.000 - 0.000],0.000 [0.000 - 0.000],0.000 [0.000 - 0.000],,,,,,,,,,,
0,migraine,park_features,stacked_2xgb_meta_lr,,80_20,stratified,,,,0.040,0.040,2026-05-15 19:14:07,,0.568 [0.510 - 0.624],0.118 [0.074 - 0.177],0.067 [0.052 - 0.082],0.034 [0.018 - 0.050],0.569 [0.098 - 0.964],0.063 [-0.009 - 0.134],0.276 [0.172 - 0.379],0.781 [0.754 - 0.808],0.106 [0.062 - 0.153],0.276 [0.172 - 0.379],0.153 [0.092 - 0.216],,,,,,,,,,,
0,migraine,spano_features,blended_xgb_lr_spano2026,,70_15_15,chrono,,,,0.220,0.210,2026-05-15 19:14:15,2026-05-15 19:16:31,0.558 [0.430 - 0.700],0.057 [0.019 - 0.107],0.042 [0.018 - 0.074],0.055 [0.033 - 0.088],0.270 [0.073 - 0.657],-0.021 [-0.044 - 0.000],0.000 [0.000 - 0.000],0.948 [0.904 - 0.978],0.000 [0.000 - 0.000],0.000 [0.000 - 0.000],0.000 [0.000 - 0.000],0.675 ± 0.044,0.153 ± 0.060,0.064 ± 0.017,0.027 ± 0.017,0.348 ± 0.353,0.130 ± 0.051,0.473 ± 0.182,0.897 ± 0.021,0.213 ± 0.068,0.180 ± 0.102,0.166 ± 0.076
0,migraine,spano_features,stacked_2xgb_meta_lr,,70_15_15,chrono,,,,0.220,0.160,2026-05-15 19:14:24,2026-05-15 19:16:38,0.653 [0.489 - 0.873],0.185 [0.021 - 0.546],0.040 [0.016 - 0.068],0.051 [0.032 - 0.075],0.814 [-0.072 - 2.120],0.137 [-0.050 - 0.489],0.190 [0.000 - 0.667],0.934 [0.890 - 0.971],0.166 [0.000 - 0.500],0.190 [0.000 - 0.667],0.163 [0.000 - 0.500],0.663 ± 0.063,0.182 ± 0.050,0.060 ± 0.014,0.023 ± 0.013,0.902 ± 0.400,0.149 ± 0.118,0.430 ± 0.165,0.836 ± 0.071,0.213 ± 0.141,0.295 ± 0.213,0.188 ± 0.109
0,migraine,spano_features,stacked_2xgb_meta_lr,,70_15_15,patient,,,,0.080,0.120,2026-05-22 15:02:18,,0.579 [0.467 - 0.692],0.168 [0.078 - 0.290],0.052 [0.038 - 0.067],0.028 [0.011 - 0.043],0.948 [0.241 - 1.590],0.081 [0.002 - 0.165],0.325 [0.179 - 0.476],0.731 [0.695 - 0.766],0.087 [0.050 - 0.133],0.405 [0.256 - 0.561],0.143 [0.084 - 0.211],,,,,,,,,,,
0,migraine,spano_features,stacked_2xgb_meta_lr,,70_15_15,stratified,,,,0.250,0.120,2026-05-23 12:38:21,,0.716 [0.634 - 0.796],0.230 [0.138 - 0.353],0.062 [0.047 - 0.078],0.015 [0.005 - 0.030],0.939 [0.612 - 1.282],0.233 [0.089 - 0.379],0.471 [0.340 - 0.605],0.921 [0.900 - 0.941],0.395 [0.190 - 0.613],0.186 [0.081 - 0.300],0.250 [0.115 - 0.381],,,,,,,,,,,
0,migraine,spano_features,stacked_2xgb_meta_lr,,70_30,chrono,,,,0.160,0.080,2026-05-22 23:31:45,,0.770 [0.669 - 0.855],0.307 [0.176 - 0.448],0.057 [0.042 - 0.075],0.035 [0.015 - 0.054],1.901 [1.210 - 2.613],0.344 [0.181 - 0.495],0.686 [0.529 - 0.818],0.934 [0.913 - 0.953],0.498 [0.280 - 0.714],0.287 [0.148 - 0.429],0.360 [0.204 - 0.500],,,,,,,,,,,
0,migraine,spano_features,stacked_2xgb_meta_lr,,70_30,patient,,,,0.020,0.030,2026-05-22 15:02:29,,0.326 [0.269 - 0.386],0.069 [0.046 - 0.101],0.075 [0.062 - 0.089],0.051 [0.037 - 0.065],-0.614 [-0.810 - -0.427],-0.162 [-0.213 - -0.109],0.232 [0.151 - 0.319],0.382 [0.355 - 0.406],0.041 [0.028 - 0.056],0.313 [0.226 - 0.412],0.072 [0.050 - 0.097],,,,,,,,,,,
0,migraine,spano_features,stacked_2xgb_meta_lr,,70_30,stratified,,,,0.100,0.100,2026-05-15 19:14:54,,0.685 [0.624 - 0.742],0.202 [0.138 - 0.278],0.066 [0.053 - 0.079],0.038 [0.024 - 0.053],0.689 [0.504 - 0.890],0.187 [0.115 - 0.271],0.285 [0.202 - 0.376],0.877 [0.860 - 0.894],0.226 [0.154 - 0.305],0.285 [0.202 - 0.376],0.251 [0.182 - 0.331],,,,,,,,,,,
0,migraine,spano_features,stacked_2xgb_meta_lr,,80_20,chrono,,,,0.240,0.140,2026-05-15 19:15:02,,0.574 [0.351 - 0.772],0.092 [0.029 - 0.217],0.043 [0.023 - 0.068],0.034 [0.016 - 0.054],0.247 [-0.789 - 1.092],0.075 [-0.044 - 0.329],0.193 [0.000 - 0.500],0.936 [0.906 - 0.962],0.127 [0.000 - 0.444],0.094 [0.000 - 0.333],0.103 [0.000 - 0.353],,,,,,,,,,,
0,migraine,spano_features,stacked_2xgb_meta_lr,,80_20,patient,,,,0.040,0.040,2026-05-23 12:38:50,,0.651 [0.575 - 0.726],0.176 [0.110 - 0.253],0.070 [0.055 - 0.086],0.032 [0.016 - 0.050],4.959 [2.953 - 7.020],0.065 [0.002 - 0.127],0.704 [0.589 - 0.806],0.439 [0.405 - 0.471],0.089 [0.066 - 0.113],0.704 [0.589 - 0.806],0.158 [0.119 - 0.197],,,,,,,,,,,
0,migraine,spano_features,stacked_2xgb_meta_lr,,80_20,stratified,,,,0.120,0.060,2026-05-15 19:15:10,,0.687 [0.620 - 0.756],0.193 [0.126 - 0.276],0.065 [0.051 - 0.079],0.032 [0.016 - 0.047],0.902 [0.610 - 1.241],0.158 [0.059 - 0.259],0.477 [0.367 - 0.600],0.900 [0.881 - 0.919],0.241 [0.132 - 0.356],0.185 [0.097 - 0.280],0.208 [0.113 - 0.305],,,,,,,,,,,
1,headache,full_features,tabpfn,version_2-5-auto,70_30,stratified,,,,0.270,0.160,2026-05-22 18:25:08,,0.664 [0.631 - 0.696],0.403 [0.354 - 0.455],0.167 [0.154 - 0.179],0.033 [0.016 - 0.051],0.897 [0.720 - 1.077],0.249 [0.196 - 0.304],0.709 [0.660 - 0.755],0.732 [0.709 - 0.755],0.429 [0.379 - 0.482],0.418 [0.367 - 0.469],0.423 [0.378 - 0.471],,,,,,,,,,,
1,headache,full_features,tabpfn,version_2-5-auto,80_20,stratified,,,,0.320,0.110,2026-05-22 18:26:03,,0.669 [0.629 - 0.708],0.413 [0.350 - 0.477],0.167 [0.152 - 0.182],0.045 [0.025 - 0.069],0.918 [0.696 - 1.145],0.208 [0.129 - 0.283],0.920 [0.882 - 0.954],0.766 [0.738 - 0.791],0.500 [0.400 - 0.598],0.212 [0.161 - 0.269],0.298 [0.233 - 0.363],,,,,,,,,,,
1,headache,full_features,tabpfn,version_2-5-finetuned,70_15_15,chrono,,,,0.440,0.230,2026-05-14 00:14:25,2026-05-14 00:58:54,0.516 [0.360 - 0.666],0.176 [0.093 - 0.284],0.126 [0.091 - 0.164],0.063 [0.026 - 0.111],-0.014 [-1.422 - 1.297],0.000 [0.000 - 0.000],0.158 [0.000 - 0.333],0.860 [0.801 - 0.912],0.000 [0.000 - 0.000],0.000 [0.000 - 0.000],0.000 [0.000 - 0.000],0.622 ± 0.058,0.345 ± 0.086,0.157 ± 0.020,0.032 ± 0.009,0.913 ± 0.444,0.168 ± 0.097,0.427 ± 0.119,0.751 ± 0.030,0.377 ± 0.151,0.267 ± 0.105,0.301 ± 0.100
1,headache,full_features,tabpfn,version_2-5-finetuned,70_15_15,patient,,,,0.160,0.200,2026-05-22 15:14:44,,0.642 [0.590 - 0.694],0.381 [0.300 - 0.465],0.154 [0.136 - 0.173],0.057 [0.032 - 0.085],0.788 [0.524 - 1.053],0.151 [0.072 - 0.230],0.410 [0.329 - 0.493],0.620 [0.583 - 0.658],0.283 [0.232 - 0.339],0.541 [0.456 - 0.622],0.371 [0.309 - 0.433],,,,,,,,,,,
1,headache,full_features,tabpfn,version_2-5-finetuned,70_15_15,stratified,,,,0.280,0.220,2026-05-14 00:14:41,,0.681 [0.633 - 0.733],0.424 [0.350 - 0.498],0.165 [0.147 - 0.181],0.039 [0.021 - 0.060],0.913 [0.665 - 1.174],0.253 [0.169 - 0.335],0.566 [0.491 - 0.645],0.741 [0.706 - 0.773],0.442 [0.364 - 0.519],0.396 [0.324 - 0.474],0.417 [0.347 - 0.485],,,,,,,,,,,
1,headache,full_features,tabpfn,version_2-5-finetuned,70_30,chrono,,,,0.300,0.200,2026-05-22 18:26:23,,0.656 [0.596 - 0.715],0.408 [0.317 - 0.497],0.143 [0.124 - 0.163],0.035 [0.017 - 0.059],1.160 [0.787 - 1.499],0.268 [0.166 - 0.372],0.527 [0.434 - 0.617],0.797 [0.765 - 0.830],0.472 [0.355 - 0.579],0.312 [0.228 - 0.406],0.374 [0.283 - 0.464],,,,,,,,,,,
1,headache,full_features,tabpfn,version_2-5-finetuned,70_30,patient,,,,0.460,0.150,2026-05-22 18:26:42,,0.634 [0.597 - 0.668],0.356 [0.306 - 0.407],0.175 [0.161 - 0.188],0.057 [0.038 - 0.079],0.641 [0.463 - 0.810],0.160 [0.095 - 0.227],0.666 [0.611 - 0.717],0.767 [0.744 - 0.791],0.513 [0.400 - 0.632],0.122 [0.088 - 0.160],0.197 [0.144 - 0.252],,,,,,,,,,,
1,headache,full_features,tabpfn,version_2-5-finetuned,70_30,stratified,,,,0.320,0.150,2026-05-22 18:27:00,,0.690 [0.657 - 0.723],0.427 [0.373 - 0.481],0.165 [0.152 - 0.177],0.031 [0.015 - 0.050],0.999 [0.811 - 1.191],0.252 [0.193 - 0.317],0.859 [0.818 - 0.896],0.767 [0.744 - 0.790],0.506 [0.436 - 0.582],0.290 [0.242 - 0.342],0.368 [0.317 - 0.425],,,,,,,,,,,
1,headache,full_features,tabpfn,version_2-5-finetuned,80_20,chrono,,,,0.260,0.230,2026-05-22 18:27:21,,0.542 [0.418 - 0.658],0.235 [0.117 - 0.358],0.117 [0.091 - 0.146],0.064 [0.033 - 0.103],0.572 [-0.610 - 1.339],0.098 [-0.057 - 0.260],0.213 [0.069 - 0.360],0.808 [0.761 - 0.855],0.233 [0.062 - 0.409],0.184 [0.050 - 0.325],0.202 [0.048 - 0.344],,,,,,,,,,,
1,headache,full_features,tabpfn,version_2-5-finetuned,80_20,patient,,,,0.420,0.180,2026-05-22 18:27:41,,0.637 [0.594 - 0.681],0.384 [0.321 - 0.448],0.173 [0.158 - 0.188],0.044 [0.022 - 0.066],0.822 [0.576 - 1.058],0.175 [0.094 - 0.252],0.628 [0.560 - 0.693],0.765 [0.741 - 0.792],0.532 [0.396 - 0.667],0.137 [0.095 - 0.185],0.217 [0.155 - 0.282],,,,,,,,,,,
1,headache,full_features,tabpfn,version_2-5-finetuned,80_20,stratified,,,,0.330,0.170,2026-05-22 23:42:55,,0.704 [0.664 - 0.742],0.436 [0.371 - 0.502],0.163 [0.150 - 0.177],0.051 [0.029 - 0.076],1.193 [0.945 - 1.469],0.209 [0.130 - 0.283],0.822 [0.771 - 0.870],0.762 [0.735 - 0.788],0.485 [0.388 - 0.577],0.231 [0.175 - 0.288],0.312 [0.244 - 0.376],,,,,,,,,,,
1,headache,full_features,tabpfn,version_2-5-real,70_15_15,chrono,,,,0.440,0.230,2026-05-14 00:16:12,2026-05-14 00:59:21,0.519 [0.365 - 0.671],0.174 [0.094 - 0.277],0.126 [0.090 - 0.164],0.063 [0.026 - 0.110],-0.036 [-1.516 - 1.278],0.000 [0.000 - 0.000],0.158 [0.000 - 0.333],0.860 [0.801 - 0.912],0.000 [0.000 - 0.000],0.000 [0.000 - 0.000],0.000 [0.000 - 0.000],0.623 ± 0.054,0.347 ± 0.083,0.157 ± 0.020,0.029 ± 0.013,0.864 ± 0.336,0.189 ± 0.050,0.416 ± 0.119,0.762 ± 0.052,0.436 ± 0.080,0.270 ± 0.118,0.304 ± 0.114
1,headache,full_features,tabpfn,version_2-5-real,70_15_15,patient,,,,0.190,0.200,2026-05-22 15:41:56,,0.644 [0.591 - 0.697],0.379 [0.299 - 0.465],0.153 [0.136 - 0.172],0.044 [0.021 - 0.071],0.895 [0.600 - 1.200],0.131 [0.051 - 0.213],0.417 [0.336 - 0.497],0.663 [0.626 - 0.696],0.288 [0.225 - 0.352],0.424 [0.343 - 0.507],0.342 [0.276 - 0.411],,,,,,,,,,,
1,headache,full_features,tabpfn,version_2-5-real,70_15_15,stratified,,,,0.270,0.210,2026-05-14 00:16:29,,0.685 [0.636 - 0.736],0.420 [0.346 - 0.495],0.165 [0.147 - 0.181],0.039 [0.020 - 0.062],0.939 [0.686 - 1.219],0.246 [0.162 - 0.332],0.578 [0.503 - 0.658],0.734 [0.701 - 0.767],0.429 [0.349 - 0.507],0.408 [0.333 - 0.487],0.418 [0.345 - 0.489],,,,,,,,,,,
1,headache,full_features,tabpfn,version_2-5-real,70_30,chrono,,,,0.300,0.200,2026-05-22 18:28:20,,0.657 [0.596 - 0.715],0.408 [0.317 - 0.497],0.143 [0.124 - 0.162],0.035 [0.017 - 0.059],1.165 [0.801 - 1.512],0.281 [0.183 - 0.379],0.509 [0.418 - 0.602],0.799 [0.765 - 0.831],0.479 [0.371 - 0.587],0.329 [0.244 - 0.422],0.389 [0.301 - 0.475],,,,,,,,,,,
1,headache,full_features,tabpfn,version_2-5-real,70_30,patient,,,,0.420,0.160,2026-05-22 18:28:40,,0.634 [0.597 - 0.668],0.356 [0.306 - 0.408],0.173 [0.160 - 0.187],0.047 [0.026 - 0.067],0.720 [0.522 - 0.912],0.155 [0.088 - 0.222],0.640 [0.587 - 0.693],0.764 [0.741 - 0.787],0.482 [0.375 - 0.593],0.136 [0.099 - 0.175],0.211 [0.159 - 0.264],,,,,,,,,,,
1,headache,full_features,tabpfn,version_2-5-real,70_30,stratified,,,,0.300,0.150,2026-05-22 18:28:58,,0.689 [0.657 - 0.723],0.427 [0.374 - 0.482],0.165 [0.152 - 0.177],0.029 [0.015 - 0.047],0.973 [0.783 - 1.163],0.259 [0.201 - 0.324],0.849 [0.807 - 0.886],0.762 [0.737 - 0.784],0.489 [0.422 - 0.557],0.328 [0.278 - 0.382],0.392 [0.340 - 0.446],,,,,,,,,,,
1,headache,full_features,tabpfn,version_2-5-real,80_20,chrono,,,,0.260,0.220,2026-05-22 18:29:18,,0.549 [0.421 - 0.666],0.240 [0.122 - 0.365],0.117 [0.091 - 0.146],0.064 [0.032 - 0.104],0.625 [-0.580 - 1.421],0.078 [-0.070 - 0.234],0.274 [0.118 - 0.440],0.795 [0.748 - 0.846],0.209 [0.059 - 0.375],0.184 [0.050 - 0.325],0.192 [0.048 - 0.327],,,,,,,,,,,
1,headache,full_features,tabpfn,version_2-5-real,80_20,patient,,,,0.420,0.170,2026-05-22 18:29:37,,0.638 [0.595 - 0.681],0.383 [0.322 - 0.445],0.173 [0.158 - 0.188],0.049 [0.027 - 0.071],0.808 [0.566 - 1.041],0.172 [0.094 - 0.247],0.670 [0.604 - 0.733],0.764 [0.739 - 0.792],0.523 [0.386 - 0.654],0.137 [0.095 - 0.185],0.216 [0.155 - 0.282],,,,,,,,,,,
1,headache,full_features,tabpfn,version_2-5-real,80_20,stratified,,,,0.350,0.160,2026-05-22 18:29:56,,0.702 [0.663 - 0.740],0.435 [0.372 - 0.501],0.163 [0.149 - 0.177],0.045 [0.023 - 0.070],1.055 [0.835 - 1.290],0.207 [0.128 - 0.280],0.817 [0.765 - 0.866],0.764 [0.735 - 0.789],0.489 [0.388 - 0.587],0.222 [0.168 - 0.277],0.304 [0.235 - 0.368],,,,,,,,,,,
1,headache,full_features,tabpfn,version_2-6,70_15_15,chrono,,,,0.330,0.220,2026-05-14 00:17:58,2026-05-14 00:59:45,0.518 [0.354 - 0.673],0.177 [0.096 - 0.283],0.126 [0.091 - 0.164],0.077 [0.034 - 0.126],-0.024 [-1.466 - 1.147],-0.083 [-0.124 - -0.045],0.208 [0.050 - 0.400],0.817 [0.750 - 0.875],0.000 [0.000 - 0.000],0.000 [0.000 - 0.000],0.000 [0.000 - 0.000],0.622 ± 0.052,0.340 ± 0.075,0.157 ± 0.021,0.029 ± 0.007,0.758 ± 0.245,0.175 ± 0.104,0.417 ± 0.102,0.729 ± 0.060,0.339 ± 0.129,0.363 ± 0.169,0.338 ± 0.141
1,headache,full_features,tabpfn,version_2-6,70_15_15,patient,,,,0.180,0.200,2026-05-22 14:57:36,,0.642 [0.588 - 0.696],0.388 [0.306 - 0.471],0.153 [0.135 - 0.172],0.046 [0.023 - 0.074],0.866 [0.589 - 1.156],0.144 [0.064 - 0.222],0.453 [0.370 - 0.534],0.633 [0.598 - 0.670],0.284 [0.228 - 0.343],0.504 [0.422 - 0.581],0.363 [0.301 - 0.427],,,,,,,,,,,
1,headache,full_features,tabpfn,version_2-6,70_15_15,stratified,,,,0.320,0.210,2026-05-14 00:18:14,,0.686 [0.637 - 0.737],0.428 [0.353 - 0.503],0.164 [0.146 - 0.180],0.035 [0.015 - 0.058],0.938 [0.692 - 1.184],0.255 [0.170 - 0.341],0.578 [0.503 - 0.658],0.762 [0.732 - 0.794],0.489 [0.393 - 0.586],0.319 [0.252 - 0.397],0.385 [0.310 - 0.462],,,,,,,,,,,
1,headache,full_features,tabpfn,version_2-6,70_30,chrono,,,,0.260,0.280,2026-05-23 10:28:55,,0.652 [0.589 - 0.712],0.411 [0.321 - 0.497],0.142 [0.124 - 0.162],0.035 [0.016 - 0.061],1.095 [0.744 - 1.427],0.228 [0.135 - 0.317],0.338 [0.255 - 0.431],0.759 [0.725 - 0.793],0.381 [0.289 - 0.469],0.374 [0.285 - 0.470],0.376 [0.292 - 0.453],,,,,,,,,,,
1,headache,full_features,tabpfn,version_2-6,70_30,patient,,,,0.420,0.160,2026-05-22 18:30:33,,0.631 [0.593 - 0.664],0.361 [0.310 - 0.413],0.173 [0.160 - 0.187],0.048 [0.029 - 0.069],0.697 [0.503 - 0.878],0.148 [0.082 - 0.214],0.640 [0.584 - 0.691],0.761 [0.740 - 0.785],0.465 [0.362 - 0.573],0.136 [0.099 - 0.176],0.210 [0.158 - 0.263],,,,,,,,,,,
1,headache,full_features,tabpfn,version_2-6,70_30,stratified,,,,0.320,0.140,2026-05-22 18:30:52,,0.690 [0.657 - 0.723],0.430 [0.375 - 0.485],0.164 [0.151 - 0.177],0.030 [0.015 - 0.048],0.960 [0.780 - 1.145],0.248 [0.188 - 0.307],0.853 [0.811 - 0.889],0.764 [0.740 - 0.787],0.496 [0.427 - 0.568],0.296 [0.248 - 0.347],0.370 [0.318 - 0.424],,,,,,,,,,,
1,headache,full_features,tabpfn,version_2-6,80_20,chrono,,,,0.240,0.250,2026-05-22 18:31:14,,0.543 [0.417 - 0.664],0.235 [0.118 - 0.357],0.117 [0.091 - 0.146],0.052 [0.019 - 0.088],0.591 [-0.515 - 1.351],0.066 [-0.080 - 0.212],0.184 [0.050 - 0.325],0.769 [0.718 - 0.816],0.189 [0.059 - 0.323],0.213 [0.069 - 0.360],0.198 [0.064 - 0.324],,,,,,,,,,,
1,headache,full_features,tabpfn,version_2-6,80_20,patient,,,,0.430,0.180,2026-05-22 18:31:35,,0.630 [0.584 - 0.675],0.382 [0.321 - 0.445],0.174 [0.158 - 0.189],0.049 [0.028 - 0.072],0.764 [0.529 - 0.994],0.172 [0.096 - 0.248],0.609 [0.542 - 0.674],0.764 [0.739 - 0.791],0.523 [0.390 - 0.655],0.137 [0.095 - 0.185],0.216 [0.156 - 0.282],,,,,,,,,,,
1,headache,full_features,tabpfn,version_2-6,80_20,stratified,,,,0.350,0.170,2026-05-22 18:31:54,,0.704 [0.667 - 0.744],0.442 [0.380 - 0.509],0.162 [0.149 - 0.177],0.037 [0.018 - 0.059],1.051 [0.851 - 1.284],0.240 [0.159 - 0.312],0.765 [0.707 - 0.819],0.770 [0.741 - 0.795],0.520 [0.423 - 0.616],0.250 [0.193 - 0.311],0.337 [0.268 - 0.401],,,,,,,,,,,
1,headache,full_features,tabpfn,version_3-binary,70_15_15,chrono,,,,0.360,0.230,2026-05-14 00:19:37,2026-05-14 01:00:01,0.510 [0.363 - 0.657],0.170 [0.095 - 0.274],0.126 [0.091 - 0.164],0.074 [0.035 - 0.124],-0.118 [-1.596 - 1.192],-0.056 [-0.095 - 0.000],0.158 [0.000 - 0.333],0.838 [0.772 - 0.897],0.000 [0.000 - 0.000],0.000 [0.000 - 0.000],0.000 [0.000 - 0.000],0.623 ± 0.056,0.341 ± 0.084,0.157 ± 0.021,0.034 ± 0.013,0.904 ± 0.401,0.185 ± 0.095,0.422 ± 0.120,0.758 ± 0.054,0.373 ± 0.114,0.305 ± 0.148,0.326 ± 0.137
1,headache,full_features,tabpfn,version_3-binary,70_15_15,patient,,,,0.130,0.210,2026-05-22 15:43:36,,0.647 [0.593 - 0.700],0.387 [0.307 - 0.471],0.152 [0.135 - 0.171],0.033 [0.014 - 0.058],0.923 [0.641 - 1.231],0.128 [0.061 - 0.189],0.417 [0.336 - 0.497],0.415 [0.376 - 0.451],0.240 [0.202 - 0.279],0.835 [0.774 - 0.891],0.372 [0.324 - 0.419],,,,,,,,,,,
1,headache,full_features,tabpfn,version_3-binary,70_15_15,stratified,,,,0.280,0.210,2026-05-14 00:19:50,,0.687 [0.638 - 0.738],0.423 [0.348 - 0.501],0.164 [0.147 - 0.181],0.035 [0.016 - 0.056],0.966 [0.699 - 1.246],0.233 [0.145 - 0.320],0.597 [0.521 - 0.679],0.738 [0.706 - 0.771],0.432 [0.349 - 0.512],0.370 [0.297 - 0.447],0.398 [0.324 - 0.468],,,,,,,,,,,
1,headache,full_features,tabpfn,version_3-binary,70_30,chrono,,,,0.280,0.220,2026-05-22 18:32:09,,0.653 [0.591 - 0.710],0.393 [0.307 - 0.477],0.144 [0.125 - 0.163],0.034 [0.016 - 0.059],1.104 [0.731 - 1.460],0.276 [0.180 - 0.375],0.455 [0.361 - 0.545],0.792 [0.760 - 0.824],0.458 [0.352 - 0.556],0.347 [0.259 - 0.442],0.394 [0.303 - 0.480],,,,,,,,,,,
1,headache,full_features,tabpfn,version_3-binary,70_30,patient,,,,0.450,0.170,2026-05-22 18:32:25,,0.637 [0.601 - 0.672],0.362 [0.311 - 0.414],0.173 [0.159 - 0.186],0.041 [0.021 - 0.062],0.746 [0.542 - 0.933],0.168 [0.104 - 0.235],0.610 [0.551 - 0.662],0.769 [0.746 - 0.793],0.526 [0.413 - 0.646],0.126 [0.091 - 0.164],0.203 [0.150 - 0.258],,,,,,,,,,,
1,headache,full_features,tabpfn,version_3-binary,70_30,stratified,,,,0.370,0.180,2026-05-22 18:32:40,,0.689 [0.656 - 0.722],0.426 [0.371 - 0.482],0.164 [0.152 - 0.177],0.030 [0.016 - 0.047],0.993 [0.803 - 1.182],0.232 [0.168 - 0.296],0.721 [0.674 - 0.769],0.774 [0.751 - 0.796],0.546 [0.462 - 0.639],0.212 [0.168 - 0.258],0.305 [0.249 - 0.362],,,,,,,,,,,
1,headache,full_features,tabpfn,version_3-binary,80_20,chrono,,,,0.310,0.240,2026-05-22 18:32:56,,0.546 [0.415 - 0.665],0.241 [0.120 - 0.363],0.117 [0.091 - 0.146],0.060 [0.028 - 0.100],0.628 [-0.622 - 1.393],0.106 [-0.064 - 0.274],0.213 [0.069 - 0.360],0.838 [0.791 - 0.880],0.280 [0.000 - 0.538],0.124 [0.000 - 0.250],0.168 [0.000 - 0.320],,,,,,,,,,,
1,headache,full_features,tabpfn,version_3-binary,80_20,patient,,,,0.340,0.190,2026-05-22 18:33:11,,0.640 [0.596 - 0.685],0.388 [0.327 - 0.452],0.173 [0.157 - 0.187],0.046 [0.025 - 0.069],0.826 [0.579 - 1.061],0.170 [0.100 - 0.247],0.599 [0.530 - 0.662],0.745 [0.717 - 0.773],0.433 [0.345 - 0.532],0.220 [0.170 - 0.279],0.292 [0.230 - 0.356],,,,,,,,,,,
1,headache,full_features,tabpfn,version_3-binary,80_20,stratified,,,,0.290,0.190,2026-05-22 18:33:25,,0.700 [0.662 - 0.738],0.434 [0.372 - 0.501],0.163 [0.150 - 0.177],0.038 [0.019 - 0.061],1.047 [0.830 - 1.290],0.300 [0.229 - 0.371],0.699 [0.637 - 0.755],0.767 [0.742 - 0.793],0.503 [0.429 - 0.577],0.392 [0.327 - 0.455],0.440 [0.377 - 0.499],,,,,,,,,,,
1,headache,full_features,tabpfn,version_3-default,70_15_15,chrono,,,,0.350,0.230,2026-05-14 00:20:59,2026-05-14 01:00:17,0.515 [0.365 - 0.666],0.174 [0.096 - 0.281],0.126 [0.091 - 0.164],0.077 [0.034 - 0.127],-0.051 [-1.439 - 1.224],-0.056 [-0.095 - 0.000],0.158 [0.000 - 0.333],0.838 [0.772 - 0.897],0.000 [0.000 - 0.000],0.000 [0.000 - 0.000],0.000 [0.000 - 0.000],0.623 ± 0.052,0.340 ± 0.080,0.157 ± 0.021,0.033 ± 0.013,0.858 ± 0.321,0.180 ± 0.103,0.421 ± 0.110,0.765 ± 0.040,0.385 ± 0.146,0.265 ± 0.122,0.306 ± 0.125
1,headache,full_features,tabpfn,version_3-default,70_15_15,patient,,,,0.180,0.210,2026-05-23 10:57:30,,0.646 [0.594 - 0.700],0.391 [0.309 - 0.474],0.152 [0.135 - 0.171],0.036 [0.015 - 0.062],0.901 [0.619 - 1.201],0.145 [0.067 - 0.226],0.410 [0.329 - 0.493],0.638 [0.601 - 0.674],0.286 [0.231 - 0.347],0.497 [0.413 - 0.579],0.362 [0.301 - 0.429],,,,,,,,,,,
1,headache,full_features,tabpfn,version_3-default,70_15_15,stratified,,,,0.500,0.210,2026-05-14 00:21:12,,0.690 [0.642 - 0.740],0.431 [0.354 - 0.507],0.164 [0.146 - 0.181],0.034 [0.016 - 0.057],0.978 [0.713 - 1.249],0.209 [0.120 - 0.294],0.604 [0.528 - 0.684],0.776 [0.745 - 0.808],0.584 [0.438 - 0.725],0.150 [0.098 - 0.208],0.238 [0.162 - 0.313],,,,,,,,,,,
1,headache,full_features,tabpfn,version_3-default,70_30,chrono,,,,0.300,0.210,2026-05-22 18:33:39,,0.653 [0.591 - 0.710],0.393 [0.307 - 0.476],0.143 [0.125 - 0.163],0.034 [0.015 - 0.058],1.099 [0.740 - 1.452],0.260 [0.159 - 0.358],0.500 [0.406 - 0.592],0.794 [0.762 - 0.826],0.460 [0.351 - 0.565],0.311 [0.231 - 0.400],0.370 [0.284 - 0.455],,,,,,,,,,,
1,headache,full_features,tabpfn,version_3-default,70_30,patient,,,,0.390,0.160,2026-05-22 18:33:54,,0.635 [0.599 - 0.669],0.364 [0.312 - 0.415],0.173 [0.159 - 0.186],0.044 [0.023 - 0.064],0.727 [0.529 - 0.907],0.143 [0.078 - 0.206],0.673 [0.616 - 0.724],0.757 [0.733 - 0.780],0.440 [0.337 - 0.536],0.149 [0.111 - 0.192],0.222 [0.170 - 0.276],,,,,,,,,,,
1,headache,full_features,tabpfn,version_3-default,70_30,stratified,,,,0.330,0.150,2026-05-22 18:34:08,,0.690 [0.658 - 0.722],0.430 [0.374 - 0.484],0.164 [0.151 - 0.177],0.028 [0.015 - 0.045],0.982 [0.799 - 1.175],0.240 [0.181 - 0.303],0.843 [0.800 - 0.880],0.766 [0.743 - 0.789],0.504 [0.435 - 0.581],0.268 [0.222 - 0.320],0.350 [0.298 - 0.407],,,,,,,,,,,
1,headache,full_features,tabpfn,version_3-default,80_20,chrono,,,,0.340,0.230,2026-05-22 18:34:24,,0.548 [0.420 - 0.667],0.246 [0.124 - 0.369],0.117 [0.090 - 0.146],0.058 [0.025 - 0.099],0.646 [-0.552 - 1.408],0.126 [-0.056 - 0.308],0.243 [0.091 - 0.400],0.856 [0.812 - 0.897],0.370 [0.000 - 0.750],0.092 [0.000 - 0.200],0.144 [0.000 - 0.294],,,,,,,,,,,
1,headache,full_features,tabpfn,version_3-default,80_20,patient,,,,0.390,0.170,2026-05-22 18:34:39,,0.639 [0.595 - 0.683],0.384 [0.323 - 0.448],0.173 [0.157 - 0.188],0.047 [0.025 - 0.070],0.800 [0.560 - 1.037],0.153 [0.080 - 0.232],0.666 [0.602 - 0.725],0.759 [0.734 - 0.785],0.480 [0.355 - 0.611],0.137 [0.095 - 0.185],0.212 [0.153 - 0.277],,,,,,,,,,,
1,headache,full_features,tabpfn,version_3-default,80_20,stratified,,,,0.370,0.170,2026-05-23 10:50:58,,0.700 [0.662 - 0.739],0.435 [0.373 - 0.503],0.163 [0.149 - 0.177],0.038 [0.019 - 0.062],1.045 [0.833 - 1.280],0.236 [0.152 - 0.308],0.780 [0.724 - 0.832],0.775 [0.747 - 0.799],0.548 [0.439 - 0.649],0.217 [0.162 - 0.273],0.310 [0.239 - 0.377],,,,,,,,,,,
1,headache,no_rolling_features,tabpfn,version_2-5-finetuned,70_15_15,chrono,,,,0.240,0.200,2026-05-14 00:22:22,2026-05-14 01:01:17,0.506 [0.363 - 0.655],0.180 [0.096 - 0.292],0.132 [0.101 - 0.165],0.092 [0.041 - 0.143],-0.195 [-2.631 - 1.406],0.009 [-0.153 - 0.186],0.425 [0.200 - 0.667],0.679 [0.603 - 0.757],0.146 [0.034 - 0.273],0.265 [0.071 - 0.474],0.185 [0.045 - 0.322],0.544 ± 0.035,0.261 ± 0.059,0.167 ± 0.023,0.051 ± 0.017,0.996 ± 1.063,0.059 ± 0.080,0.746 ± 0.144,0.724 ± 0.053,0.312 ± 0.134,0.146 ± 0.066,0.173 ± 0.059
1,headache,no_rolling_features,tabpfn,version_2-5-finetuned,70_15_15,patient,,,,0.200,0.190,2026-05-22 15:54:21,,0.472 [0.418 - 0.528],0.213 [0.170 - 0.263],0.171 [0.155 - 0.189],0.064 [0.038 - 0.094],-0.102 [-0.660 - 0.407],-0.051 [-0.123 - 0.022],0.670 [0.594 - 0.747],0.617 [0.582 - 0.655],0.173 [0.120 - 0.233],0.224 [0.158 - 0.292],0.195 [0.138 - 0.254],,,,,,,,,,,
1,headache,no_rolling_features,tabpfn,version_2-5-finetuned,70_15_15,stratified,,,,0.350,0.190,2026-05-14 00:22:36,,0.578 [0.528 - 0.630],0.308 [0.245 - 0.373],0.178 [0.160 - 0.195],0.033 [0.011 - 0.060],0.814 [0.254 - 1.379],0.095 [0.008 - 0.178],0.745 [0.676 - 0.808],0.763 [0.732 - 0.794],0.454 [0.250 - 0.667],0.063 [0.029 - 0.103],0.110 [0.052 - 0.175],,,,,,,,,,,
1,headache,no_rolling_features,tabpfn,version_2-5-finetuned,70_30,chrono,,,,0.330,0.200,2026-05-14 00:22:51,,0.556 [0.494 - 0.616],0.242 [0.188 - 0.302],0.158 [0.139 - 0.176],0.038 [0.015 - 0.067],0.603 [0.007 - 1.194],0.041 [-0.046 - 0.127],0.534 [0.448 - 0.628],0.763 [0.727 - 0.798],0.250 [0.130 - 0.368],0.107 [0.053 - 0.165],0.149 [0.077 - 0.222],,,,,,,,,,,
1,headache,no_rolling_features,tabpfn,version_2-5-finetuned,70_30,patient,,,,0.190,0.190,2026-05-22 16:03:26,,0.483 [0.446 - 0.524],0.235 [0.205 - 0.268],0.185 [0.171 - 0.198],0.055 [0.031 - 0.077],-0.084 [-0.470 - 0.290],-0.031 [-0.087 - 0.024],0.674 [0.621 - 0.724],0.382 [0.357 - 0.409],0.225 [0.200 - 0.253],0.674 [0.621 - 0.724],0.338 [0.306 - 0.371],,,,,,,,,,,
1,headache,no_rolling_features,tabpfn,version_2-5-finetuned,70_30,stratified,,,,0.340,0.190,2026-05-14 00:23:07,,0.564 [0.528 - 0.601],0.314 [0.268 - 0.361],0.177 [0.164 - 0.190],0.028 [0.009 - 0.050],1.061 [0.629 - 1.491],0.125 [0.061 - 0.194],0.853 [0.814 - 0.890],0.765 [0.744 - 0.787],0.501 [0.370 - 0.636],0.082 [0.053 - 0.114],0.141 [0.094 - 0.192],,,,,,,,,,,
1,headache,no_rolling_features,tabpfn,version_2-5-finetuned,80_20,chrono,,,,0.280,0.190,2026-05-14 00:23:23,,0.489 [0.372 - 0.603],0.155 [0.094 - 0.235],0.129 [0.105 - 0.155],0.084 [0.045 - 0.127],-0.233 [-1.652 - 0.914],-0.004 [-0.128 - 0.136],0.817 [0.676 - 0.941],0.748 [0.692 - 0.808],0.132 [0.029 - 0.262],0.154 [0.033 - 0.292],0.141 [0.031 - 0.262],,,,,,,,,,,
1,headache,no_rolling_features,tabpfn,version_2-5-finetuned,80_20,patient,,,,0.280,0.190,2026-05-22 16:11:46,,0.456 [0.413 - 0.501],0.233 [0.194 - 0.277],0.188 [0.172 - 0.204],0.069 [0.044 - 0.097],-0.340 [-0.882 - 0.191],-0.006 [-0.067 - 0.060],0.466 [0.407 - 0.533],0.691 [0.661 - 0.719],0.232 [0.161 - 0.310],0.127 [0.084 - 0.175],0.164 [0.115 - 0.220],,,,,,,,,,,
1,headache,no_rolling_features,tabpfn,version_2-5-finetuned,80_20,stratified,,,,0.340,0.200,2026-05-14 00:23:38,,0.568 [0.527 - 0.615],0.307 [0.254 - 0.361],0.177 [0.163 - 0.192],0.026 [0.008 - 0.049],0.970 [0.444 - 1.505],0.088 [0.010 - 0.161],0.728 [0.670 - 0.789],0.760 [0.733 - 0.788],0.425 [0.250 - 0.586],0.067 [0.034 - 0.101],0.115 [0.060 - 0.169],,,,,,,,,,,
1,headache,no_rolling_features,tabpfn,version_2-5-real,70_15_15,chrono,,,,0.200,0.200,2026-05-14 00:23:54,2026-05-14 01:01:34,0.548 [0.405 - 0.691],0.186 [0.103 - 0.304],0.131 [0.100 - 0.165],0.089 [0.043 - 0.142],-0.118 [-2.231 - 1.412],0.069 [-0.106 - 0.244],0.425 [0.200 - 0.667],0.635 [0.551 - 0.721],0.173 [0.075 - 0.286],0.425 [0.200 - 0.667],0.243 [0.105 - 0.371],0.535 ± 0.037,0.256 ± 0.060,0.167 ± 0.023,0.054 ± 0.017,0.513 ± 0.493,0.057 ± 0.070,0.873 ± 0.052,0.725 ± 0.050,0.303 ± 0.118,0.145 ± 0.057,0.174 ± 0.048
1,headache,no_rolling_features,tabpfn,version_2-5-real,70_15_15,patient,,,,0.200,0.190,2026-05-22 16:12:02,,0.473 [0.418 - 0.526],0.213 [0.171 - 0.263],0.169 [0.153 - 0.188],0.057 [0.030 - 0.087],-0.093 [-0.691 - 0.479],-0.045 [-0.118 - 0.027],0.670 [0.594 - 0.747],0.623 [0.588 - 0.661],0.177 [0.123 - 0.236],0.224 [0.158 - 0.292],0.197 [0.140 - 0.256],,,,,,,,,,,
1,headache,no_rolling_features,tabpfn,version_2-5-real,70_15_15,stratified,,,,0.360,0.190,2026-05-23 11:14:28,,0.573 [0.523 - 0.625],0.311 [0.250 - 0.378],0.178 [0.159 - 0.195],0.035 [0.012 - 0.063],0.805 [0.235 - 1.377],0.101 [0.010 - 0.187],0.725 [0.657 - 0.791],0.764 [0.735 - 0.795],0.475 [0.258 - 0.682],0.063 [0.029 - 0.103],0.111 [0.053 - 0.176],,,,,,,,,,,
1,headache,no_rolling_features,tabpfn,version_2-5-real,70_30,chrono,,,,0.300,0.190,2026-05-14 00:24:23,,0.573 [0.512 - 0.631],0.247 [0.192 - 0.308],0.158 [0.139 - 0.177],0.048 [0.023 - 0.077],0.589 [0.013 - 1.135],0.040 [-0.047 - 0.122],0.885 [0.817 - 0.939],0.744 [0.704 - 0.781],0.239 [0.133 - 0.339],0.143 [0.080 - 0.209],0.178 [0.104 - 0.249],,,,,,,,,,,
1,headache,no_rolling_features,tabpfn,version_2-5-real,70_30,patient,,,,0.190,0.190,2026-05-22 16:12:20,,0.480 [0.444 - 0.520],0.234 [0.205 - 0.266],0.184 [0.170 - 0.197],0.052 [0.028 - 0.075],-0.108 [-0.545 - 0.317],-0.033 [-0.088 - 0.022],0.668 [0.614 - 0.721],0.383 [0.358 - 0.410],0.225 [0.200 - 0.253],0.668 [0.614 - 0.721],0.336 [0.304 - 0.372],,,,,,,,,,,
1,headache,no_rolling_features,tabpfn,version_2-5-real,70_30,stratified,,,,0.330,0.190,2026-05-14 00:24:39,,0.557 [0.523 - 0.593],0.313 [0.265 - 0.360],0.177 [0.164 - 0.190],0.030 [0.010 - 0.050],1.090 [0.638 - 1.529],0.128 [0.065 - 0.194],0.743 [0.695 - 0.790],0.765 [0.743 - 0.787],0.500 [0.372 - 0.632],0.085 [0.057 - 0.119],0.145 [0.099 - 0.198],,,,,,,,,,,
1,headache,no_rolling_features,tabpfn,version_2-5-real,80_20,chrono,,,,0.280,0.200,2026-05-14 00:24:55,,0.514 [0.396 - 0.632],0.167 [0.098 - 0.256],0.129 [0.105 - 0.155],0.089 [0.047 - 0.131],-0.218 [-1.735 - 1.017],0.005 [-0.123 - 0.152],0.467 [0.290 - 0.649],0.756 [0.705 - 0.816],0.140 [0.030 - 0.276],0.154 [0.033 - 0.292],0.145 [0.032 - 0.269],,,,,,,,,,,
1,headache,no_rolling_features,tabpfn,version_2-5-real,80_20,patient,,,,0.190,0.190,2026-05-22 16:12:38,,0.455 [0.414 - 0.500],0.233 [0.194 - 0.279],0.188 [0.172 - 0.203],0.065 [0.040 - 0.093],-0.351 [-0.927 - 0.201],-0.056 [-0.120 - 0.003],0.646 [0.580 - 0.705],0.377 [0.346 - 0.409],0.223 [0.191 - 0.253],0.646 [0.580 - 0.705],0.331 [0.291 - 0.369],,,,,,,,,,,
1,headache,no_rolling_features,tabpfn,version_2-5-real,80_20,stratified,,,,0.350,0.190,2026-05-14 00:25:10,,0.572 [0.531 - 0.617],0.307 [0.255 - 0.361],0.177 [0.163 - 0.193],0.036 [0.014 - 0.061],0.884 [0.398 - 1.376],0.092 [0.014 - 0.166],0.747 [0.690 - 0.806],0.761 [0.735 - 0.789],0.438 [0.263 - 0.607],0.067 [0.034 - 0.101],0.116 [0.060 - 0.168],,,,,,,,,,,
1,headache,no_rolling_features,tabpfn,version_2-6,70_15_15,chrono,,,,0.200,0.200,2026-05-14 00:25:24,2026-05-14 01:01:50,0.489 [0.331 - 0.640],0.167 [0.091 - 0.269],0.132 [0.101 - 0.165],0.090 [0.037 - 0.140],-0.144 [-2.246 - 1.341],0.044 [-0.137 - 0.208],0.685 [0.461 - 0.883],0.420 [0.338 - 0.507],0.152 [0.079 - 0.233],0.685 [0.461 - 0.883],0.247 [0.139 - 0.359],0.532 ± 0.035,0.254 ± 0.059,0.168 ± 0.023,0.053 ± 0.015,0.520 ± 0.483,0.075 ± 0.064,0.637 ± 0.177,0.682 ± 0.093,0.304 ± 0.110,0.259 ± 0.152,0.235 ± 0.074
1,headache,no_rolling_features,tabpfn,version_2-6,70_15_15,patient,,,,0.230,0.190,2026-05-22 16:12:55,,0.469 [0.419 - 0.521],0.207 [0.166 - 0.253],0.170 [0.154 - 0.189],0.052 [0.027 - 0.080],-0.106 [-0.654 - 0.421],-0.022 [-0.091 - 0.052],0.490 [0.414 - 0.573],0.661 [0.628 - 0.693],0.191 [0.130 - 0.260],0.195 [0.133 - 0.260],0.192 [0.132 - 0.255],,,,,,,,,,,
1,headache,no_rolling_features,tabpfn,version_2-6,70_15_15,stratified,,,,0.410,0.190,2026-05-14 00:25:38,,0.544 [0.493 - 0.597],0.298 [0.238 - 0.367],0.178 [0.160 - 0.196],0.038 [0.014 - 0.067],0.676 [0.121 - 1.232],0.097 [0.007 - 0.184],0.592 [0.513 - 0.669],0.766 [0.736 - 0.798],0.500 [0.250 - 0.750],0.051 [0.019 - 0.084],0.091 [0.036 - 0.149],,,,,,,,,,,
1,headache,no_rolling_features,tabpfn,version_2-6,70_30,chrono,,,,0.230,0.200,2026-05-14 00:25:53,,0.579 [0.517 - 0.637],0.252 [0.194 - 0.312],0.158 [0.139 - 0.176],0.043 [0.020 - 0.069],0.613 [0.082 - 1.131],0.092 [0.005 - 0.177],0.740 [0.657 - 0.816],0.685 [0.645 - 0.722],0.259 [0.187 - 0.331],0.329 [0.246 - 0.414],0.289 [0.218 - 0.362],,,,,,,,,,,
1,headache,no_rolling_features,tabpfn,version_2-6,70_30,patient,,,,0.130,0.190,2026-05-22 16:13:12,,0.479 [0.443 - 0.519],0.232 [0.202 - 0.265],0.185 [0.171 - 0.198],0.058 [0.035 - 0.078],-0.150 [-0.552 - 0.255],-0.065 [-0.130 - -0.002],0.504 [0.448 - 0.559],0.239 [0.215 - 0.261],0.230 [0.206 - 0.253],0.957 [0.932 - 0.978],0.370 [0.339 - 0.401],,,,,,,,,,,
1,headache,no_rolling_features,tabpfn,version_2-6,70_30,stratified,,,,0.380,0.190,2026-05-14 00:26:07,,0.560 [0.521 - 0.598],0.316 [0.271 - 0.362],0.177 [0.164 - 0.191],0.031 [0.010 - 0.053],1.023 [0.565 - 1.472],0.141 [0.076 - 0.202],0.724 [0.676 - 0.770],0.772 [0.751 - 0.795],0.766 [0.556 - 0.941],0.041 [0.021 - 0.065],0.078 [0.040 - 0.121],,,,,,,,,,,
1,headache,no_rolling_features,tabpfn,version_2-6,80_20,chrono,,,,0.220,0.190,2026-05-14 00:26:23,,0.518 [0.402 - 0.632],0.165 [0.100 - 0.252],0.130 [0.106 - 0.155],0.088 [0.048 - 0.130],-0.158 [-1.561 - 0.940],0.014 [-0.110 - 0.153],0.784 [0.633 - 0.923],0.700 [0.645 - 0.757],0.144 [0.060 - 0.250],0.246 [0.102 - 0.406],0.180 [0.076 - 0.296],,,,,,,,,,,
1,headache,no_rolling_features,tabpfn,version_2-6,80_20,patient,,,,0.190,0.190,2026-05-22 16:13:30,,0.449 [0.408 - 0.491],0.226 [0.190 - 0.266],0.189 [0.173 - 0.205],0.075 [0.050 - 0.104],-0.418 [-0.957 - 0.096],-0.068 [-0.129 - -0.008],0.538 [0.475 - 0.601],0.421 [0.389 - 0.452],0.215 [0.182 - 0.250],0.538 [0.475 - 0.601],0.307 [0.265 - 0.347],,,,,,,,,,,
1,headache,no_rolling_features,tabpfn,version_2-6,80_20,stratified,,,,0.400,0.180,2026-05-14 00:26:37,,0.552 [0.507 - 0.595],0.296 [0.245 - 0.348],0.178 [0.163 - 0.193],0.037 [0.016 - 0.060],0.756 [0.296 - 1.220],0.094 [0.012 - 0.172],0.822 [0.768 - 0.867],0.766 [0.739 - 0.792],0.498 [0.263 - 0.714],0.048 [0.020 - 0.077],0.086 [0.036 - 0.138],,,,,,,,,,,
1,headache,no_rolling_features,tabpfn,version_3-binary,70_15_15,chrono,,,,0.240,0.190,2026-05-14 00:26:50,2026-05-14 01:02:04,0.537 [0.399 - 0.674],0.175 [0.099 - 0.276],0.132 [0.101 - 0.165],0.088 [0.037 - 0.139],-0.251 [-2.594 - 1.401],0.009 [-0.155 - 0.192],0.844 [0.667 - 1.000],0.679 [0.603 - 0.765],0.146 [0.034 - 0.273],0.265 [0.071 - 0.474],0.185 [0.045 - 0.327],0.543 ± 0.037,0.258 ± 0.063,0.167 ± 0.022,0.052 ± 0.017,0.628 ± 0.637,0.065 ± 0.065,0.813 ± 0.087,0.733 ± 0.040,0.314 ± 0.117,0.142 ± 0.056,0.173 ± 0.050
1,headache,no_rolling_features,tabpfn,version_3-binary,70_15_15,patient,,,,0.230,0.190,2026-05-22 16:13:55,,0.473 [0.418 - 0.530],0.211 [0.170 - 0.260],0.170 [0.154 - 0.188],0.062 [0.035 - 0.093],-0.123 [-0.716 - 0.436],-0.019 [-0.090 - 0.055],0.504 [0.422 - 0.587],0.654 [0.619 - 0.689],0.193 [0.132 - 0.258],0.210 [0.146 - 0.278],0.201 [0.141 - 0.265],,,,,,,,,,,
1,headache,no_rolling_features,tabpfn,version_3-binary,70_15_15,stratified,,,,0.180,0.190,2026-05-14 00:27:04,,0.561 [0.511 - 0.615],0.308 [0.246 - 0.376],0.177 [0.159 - 0.195],0.032 [0.010 - 0.059],0.845 [0.255 - 1.429],0.066 [-0.001 - 0.128],0.763 [0.701 - 0.826],0.324 [0.291 - 0.357],0.245 [0.211 - 0.278],0.908 [0.860 - 0.949],0.386 [0.342 - 0.427],,,,,,,,,,,
1,headache,no_rolling_features,tabpfn,version_3-binary,70_30,chrono,,,,0.330,0.190,2026-05-23 11:05:45,,0.582 [0.521 - 0.641],0.258 [0.199 - 0.321],0.158 [0.139 - 0.176],0.038 [0.015 - 0.066],0.653 [0.057 - 1.223],0.024 [-0.062 - 0.115],0.885 [0.817 - 0.939],0.763 [0.727 - 0.800],0.228 [0.111 - 0.354],0.089 [0.040 - 0.144],0.128 [0.059 - 0.199],,,,,,,,,,,
1,headache,no_rolling_features,tabpfn,version_3-binary,70_30,patient,,,,0.360,0.190,2026-05-23 11:25:32,,0.486 [0.447 - 0.527],0.237 [0.206 - 0.272],0.184 [0.170 - 0.197],0.052 [0.028 - 0.075],-0.022 [-0.438 - 0.398],0.002 [-0.052 - 0.056],0.512 [0.455 - 0.570],0.740 [0.716 - 0.765],0.237 [0.136 - 0.344],0.050 [0.025 - 0.076],0.082 [0.043 - 0.123],,,,,,,,,,,
1,headache,no_rolling_features,tabpfn,version_3-binary,70_30,stratified,,,,0.360,0.190,2026-05-14 00:27:31,,0.565 [0.529 - 0.603],0.324 [0.276 - 0.373],0.177 [0.164 - 0.190],0.028 [0.010 - 0.048],1.116 [0.637 - 1.564],0.115 [0.043 - 0.177],0.828 [0.784 - 0.870],0.770 [0.747 - 0.793],0.714 [0.437 - 0.929],0.032 [0.013 - 0.054],0.061 [0.025 - 0.101],,,,,,,,,,,
1,headache,no_rolling_features,tabpfn,version_3-binary,80_20,chrono,,,,0.230,0.190,2026-05-14 00:27:45,,0.519 [0.411 - 0.635],0.158 [0.098 - 0.236],0.130 [0.106 - 0.154],0.088 [0.049 - 0.131],-0.271 [-1.715 - 0.942],-0.006 [-0.128 - 0.127],0.817 [0.676 - 0.941],0.679 [0.620 - 0.739],0.132 [0.054 - 0.226],0.246 [0.102 - 0.406],0.170 [0.071 - 0.281],,,,,,,,,,,
1,headache,no_rolling_features,tabpfn,version_3-binary,80_20,patient,,,,0.320,0.180,2026-05-22 16:14:29,,0.470 [0.427 - 0.511],0.237 [0.198 - 0.280],0.188 [0.172 - 0.203],0.064 [0.039 - 0.090],-0.252 [-0.761 - 0.242],0.029 [-0.034 - 0.102],0.855 [0.807 - 0.898],0.728 [0.700 - 0.754],0.282 [0.186 - 0.403],0.089 [0.053 - 0.130],0.135 [0.084 - 0.190],,,,,,,,,,,
1,headache,no_rolling_features,tabpfn,version_3-binary,80_20,stratified,,,,0.280,0.190,2026-05-14 00:27:59,,0.564 [0.519 - 0.610],0.312 [0.259 - 0.370],0.177 [0.163 - 0.192],0.029 [0.009 - 0.052],0.833 [0.361 - 1.318],0.087 [0.014 - 0.158],0.822 [0.770 - 0.868],0.719 [0.688 - 0.748],0.327 [0.241 - 0.409],0.190 [0.139 - 0.244],0.240 [0.178 - 0.299],,,,,,,,,,,
1,headache,no_rolling_features,tabpfn,version_3-default,70_15_15,chrono,,,,0.200,0.190,2026-05-14 00:28:12,2026-05-14 01:02:17,0.510 [0.374 - 0.654],0.167 [0.092 - 0.263],0.131 [0.100 - 0.165],0.085 [0.039 - 0.136],-0.357 [-2.651 - 1.309],-0.024 [-0.183 - 0.151],0.844 [0.667 - 1.000],0.642 [0.559 - 0.728],0.127 [0.029 - 0.235],0.265 [0.071 - 0.474],0.170 [0.041 - 0.300],0.535 ± 0.055,0.255 ± 0.067,0.167 ± 0.023,0.051 ± 0.016,0.515 ± 0.603,0.062 ± 0.065,0.728 ± 0.126,0.736 ± 0.036,0.311 ± 0.120,0.134 ± 0.057,0.166 ± 0.049
1,headache,no_rolling_features,tabpfn,version_3-default,70_15_15,patient,,,,0.220,0.190,2026-05-22 16:14:45,,0.469 [0.417 - 0.519],0.209 [0.168 - 0.257],0.170 [0.154 - 0.189],0.062 [0.035 - 0.090],-0.111 [-0.682 - 0.420],-0.021 [-0.091 - 0.053],0.568 [0.488 - 0.646],0.653 [0.619 - 0.688],0.192 [0.133 - 0.257],0.210 [0.146 - 0.278],0.200 [0.141 - 0.265],,,,,,,,,,,
1,headache,no_rolling_features,tabpfn,version_3-default,70_15_15,stratified,,,,0.340,0.190,2026-05-14 00:28:25,,0.559 [0.508 - 0.614],0.313 [0.251 - 0.380],0.177 [0.159 - 0.194],0.032 [0.010 - 0.059],0.815 [0.245 - 1.370],0.079 [-0.001 - 0.169],0.820 [0.758 - 0.873],0.751 [0.720 - 0.785],0.372 [0.222 - 0.538],0.090 [0.049 - 0.140],0.144 [0.083 - 0.214],,,,,,,,,,,
1,headache,no_rolling_features,tabpfn,version_3-default,70_30,chrono,,,,0.310,0.190,2026-05-14 00:28:38,,0.571 [0.513 - 0.627],0.254 [0.196 - 0.317],0.158 [0.139 - 0.176],0.044 [0.020 - 0.073],0.592 [0.013 - 1.142],0.032 [-0.052 - 0.121],0.885 [0.817 - 0.939],0.758 [0.720 - 0.791],0.236 [0.127 - 0.354],0.107 [0.051 - 0.164],0.147 [0.075 - 0.220],,,,,,,,,,,
1,headache,no_rolling_features,tabpfn,version_3-default,70_30,patient,,,,0.190,0.190,2026-05-22 16:15:03,,0.482 [0.444 - 0.523],0.235 [0.205 - 0.269],0.184 [0.170 - 0.197],0.054 [0.030 - 0.077],-0.053 [-0.459 - 0.354],-0.034 [-0.091 - 0.022],0.581 [0.523 - 0.639],0.426 [0.400 - 0.452],0.222 [0.195 - 0.251],0.581 [0.523 - 0.639],0.321 [0.287 - 0.357],,,,,,,,,,,
1,headache,no_rolling_features,tabpfn,version_3-default,70_30,stratified,,,,0.340,0.190,2026-05-14 00:28:52,,0.554 [0.516 - 0.590],0.313 [0.266 - 0.363],0.177 [0.164 - 0.190],0.027 [0.008 - 0.048],0.936 [0.498 - 1.352],0.135 [0.070 - 0.200],0.815 [0.771 - 0.857],0.765 [0.743 - 0.788],0.501 [0.375 - 0.627],0.095 [0.063 - 0.128],0.159 [0.111 - 0.209],,,,,,,,,,,
1,headache,no_rolling_features,tabpfn,version_3-default,80_20,chrono,,,,0.400,0.190,2026-05-14 00:29:06,,0.417 [0.305 - 0.532],0.139 [0.085 - 0.215],0.130 [0.107 - 0.156],0.088 [0.048 - 0.130],-0.410 [-2.022 - 0.860],0.002 [-0.085 - 0.162],0.817 [0.676 - 0.941],0.843 [0.795 - 0.889],0.139 [0.000 - 0.500],0.031 [0.000 - 0.107],0.049 [0.000 - 0.167],,,,,,,,,,,
1,headache,no_rolling_features,tabpfn,version_3-default,80_20,patient,,,,0.390,0.180,2026-05-22 16:15:20,,0.469 [0.425 - 0.512],0.235 [0.197 - 0.278],0.189 [0.173 - 0.204],0.067 [0.043 - 0.095],-0.270 [-0.733 - 0.211],-0.017 [-0.074 - 0.050],0.855 [0.807 - 0.898],0.744 [0.717 - 0.771],0.197 [0.048 - 0.375],0.024 [0.005 - 0.047],0.042 [0.009 - 0.083],,,,,,,,,,,
1,headache,no_rolling_features,tabpfn,version_3-default,80_20,stratified,,,,0.380,0.190,2026-05-14 00:29:19,,0.562 [0.518 - 0.608],0.305 [0.252 - 0.360],0.178 [0.163 - 0.193],0.032 [0.011 - 0.055],0.712 [0.273 - 1.157],0.082 [0.006 - 0.156],0.794 [0.739 - 0.847],0.761 [0.735 - 0.788],0.429 [0.250 - 0.609],0.057 [0.028 - 0.090],0.100 [0.050 - 0.153],,,,,,,,,,,
1,migraine,full_features,tabpfn,version_2-5-auto,70_15_15,stratified,,,,0.310,0.120,2026-05-23 12:03:11,,0.733 [0.653 - 0.803],0.240 [0.140 - 0.362],0.062 [0.047 - 0.078],0.027 [0.012 - 0.045],0.770 [0.511 - 1.051],0.146 [0.014 - 0.292],0.369 [0.228 - 0.500],0.924 [0.903 - 0.944],0.371 [0.091 - 0.667],0.083 [0.020 - 0.171],0.133 [0.034 - 0.262],,,,,,,,,,,
1,migraine,full_features,tabpfn,version_2-5-auto,70_30,chrono,,,,0.100,0.070,2026-05-22 18:35:42,,0.745 [0.656 - 0.825],0.261 [0.139 - 0.395],0.056 [0.042 - 0.074],0.019 [0.007 - 0.036],0.992 [0.642 - 1.346],0.284 [0.163 - 0.398],0.473 [0.314 - 0.630],0.874 [0.849 - 0.899],0.256 [0.159 - 0.361],0.473 [0.314 - 0.630],0.330 [0.216 - 0.440],,,,,,,,,,,
1,migraine,full_features,tabpfn,version_2-5-finetuned,70_15_15,chrono,,,,0.170,0.130,2026-05-14 00:30:40,2026-05-14 01:04:31,0.530 [0.276 - 0.818],0.141 [0.015 - 0.470],0.037 [0.012 - 0.068],0.023 [0.005 - 0.046],0.593 [-0.318 - 2.151],0.180 [-0.042 - 0.604],0.190 [0.000 - 0.667],0.948 [0.904 - 0.985],0.241 [0.000 - 1.000],0.190 [0.000 - 0.667],0.195 [0.000 - 0.571],0.711 ± 0.063,0.228 ± 0.082,0.057 ± 0.013,0.021 ± 0.004,0.864 ± 0.204,0.196 ± 0.111,0.480 ± 0.141,0.888 ± 0.062,0.261 ± 0.163,0.276 ± 0.194,0.231 ± 0.118
1,migraine,full_features,tabpfn,version_2-5-finetuned,70_15_15,patient,,,,0.050,0.070,2026-05-22 16:27:25,,0.721 [0.643 - 0.804],0.177 [0.097 - 0.288],0.051 [0.038 - 0.067],0.029 [0.014 - 0.046],0.697 [0.459 - 0.967],0.176 [0.088 - 0.271],0.429 [0.281 - 0.600],0.802 [0.771 - 0.833],0.137 [0.084 - 0.201],0.485 [0.342 - 0.647],0.213 [0.137 - 0.298],,,,,,,,,,,
1,migraine,full_features,tabpfn,version_2-5-finetuned,70_15_15,stratified,,,,0.290,0.120,2026-05-23 11:50:44,,0.736 [0.655 - 0.805],0.266 [0.153 - 0.393],0.062 [0.047 - 0.078],0.020 [0.007 - 0.038],1.010 [0.683 - 1.355],0.198 [0.035 - 0.350],0.391 [0.250 - 0.527],0.930 [0.910 - 0.948],0.582 [0.167 - 1.000],0.083 [0.018 - 0.167],0.144 [0.034 - 0.275],,,,,,,,,,,
1,migraine,full_features,tabpfn,version_2-5-finetuned,70_30,chrono,,,,0.090,0.090,2026-05-23 11:33:12,,0.761 [0.668 - 0.838],0.320 [0.186 - 0.475],0.055 [0.040 - 0.072],0.021 [0.009 - 0.036],0.964 [0.604 - 1.346],0.215 [0.107 - 0.319],0.472 [0.316 - 0.635],0.828 [0.797 - 0.857],0.185 [0.111 - 0.262],0.472 [0.316 - 0.635],0.264 [0.167 - 0.357],,,,,,,,,,,
1,migraine,full_features,tabpfn,version_2-5-finetuned,70_30,patient,,,,0.060,0.020,2026-05-22 18:36:25,,0.727 [0.681 - 0.773],0.162 [0.121 - 0.206],0.071 [0.059 - 0.083],0.037 [0.023 - 0.051],0.627 [0.481 - 0.790],0.213 [0.150 - 0.274],0.940 [0.888 - 0.987],0.763 [0.739 - 0.789],0.176 [0.135 - 0.215],0.565 [0.468 - 0.663],0.268 [0.212 - 0.323],,,,,,,,,,,
1,migraine,full_features,tabpfn,version_2-5-finetuned,70_30,stratified,,,,0.370,0.280,2026-05-22 18:36:46,,0.709 [0.656 - 0.764],0.230 [0.153 - 0.319],0.064 [0.053 - 0.076],0.033 [0.021 - 0.047],0.664 [0.513 - 0.827],0.218 [0.110 - 0.330],0.162 [0.089 - 0.238],0.927 [0.913 - 0.941],0.496 [0.286 - 0.714],0.121 [0.060 - 0.192],0.193 [0.102 - 0.295],,,,,,,,,,,
1,migraine,full_features,tabpfn,version_2-5-finetuned,80_20,chrono,,,,0.110,0.130,2026-05-22 18:37:07,,0.573 [0.373 - 0.738],0.071 [0.027 - 0.148],0.042 [0.020 - 0.069],0.023 [0.009 - 0.046],0.218 [-0.443 - 0.863],0.006 [-0.079 - 0.171],0.094 [0.000 - 0.333],0.880 [0.838 - 0.919],0.047 [0.000 - 0.174],0.094 [0.000 - 0.333],0.060 [0.000 - 0.200],,,,,,,,,,,
1,migraine,full_features,tabpfn,version_2-5-finetuned,80_20,patient,,,,0.040,0.050,2026-05-22 18:37:29,,0.717 [0.652 - 0.781],0.173 [0.120 - 0.242],0.068 [0.055 - 0.083],0.032 [0.017 - 0.049],0.673 [0.461 - 0.893],0.172 [0.102 - 0.239],0.614 [0.500 - 0.732],0.658 [0.627 - 0.690],0.135 [0.097 - 0.172],0.658 [0.544 - 0.771],0.223 [0.167 - 0.280],,,,,,,,,,,
1,migraine,full_features,tabpfn,version_2-5-finetuned,80_20,stratified,,,,0.360,0.070,2026-05-22 18:37:53,,0.703 [0.635 - 0.767],0.231 [0.146 - 0.326],0.063 [0.050 - 0.076],0.031 [0.016 - 0.046],0.694 [0.499 - 0.907],0.181 [0.046 - 0.306],0.493 [0.379 - 0.617],0.927 [0.910 - 0.944],0.464 [0.176 - 0.750],0.093 [0.030 - 0.167],0.153 [0.052 - 0.264],,,,,,,,,,,
1,migraine,full_features,tabpfn,version_2-5-real,70_15_15,chrono,,,,0.180,0.120,2026-05-14 00:32:33,2026-05-14 01:04:57,0.561 [0.309 - 0.839],0.122 [0.016 - 0.421],0.037 [0.012 - 0.068],0.023 [0.006 - 0.045],0.546 [-0.329 - 2.022],0.180 [-0.042 - 0.604],0.190 [0.000 - 0.667],0.948 [0.904 - 0.985],0.241 [0.000 - 1.000],0.190 [0.000 - 0.667],0.195 [0.000 - 0.571],0.706 ± 0.067,0.230 ± 0.083,0.057 ± 0.013,0.022 ± 0.005,0.833 ± 0.254,0.175 ± 0.108,0.461 ± 0.132,0.885 ± 0.064,0.245 ± 0.148,0.264 ± 0.207,0.207 ± 0.126
1,migraine,full_features,tabpfn,version_2-5-real,70_15_15,patient,,,,0.050,0.070,2026-05-22 16:54:56,,0.710 [0.626 - 0.797],0.173 [0.095 - 0.285],0.052 [0.038 - 0.067],0.030 [0.015 - 0.046],0.669 [0.426 - 0.944],0.182 [0.085 - 0.276],0.403 [0.256 - 0.562],0.808 [0.777 - 0.838],0.142 [0.086 - 0.209],0.485 [0.342 - 0.647],0.218 [0.140 - 0.303],,,,,,,,,,,
1,migraine,full_features,tabpfn,version_2-5-real,70_15_15,stratified,,,,0.370,0.130,2026-05-14 00:32:50,,0.732 [0.647 - 0.804],0.257 [0.147 - 0.381],0.062 [0.047 - 0.078],0.027 [0.012 - 0.045],0.793 [0.529 - 1.071],0.111 [-0.022 - 0.265],0.391 [0.250 - 0.527],0.927 [0.906 - 0.947],0.410 [0.000 - 1.000],0.043 [0.000 - 0.106],0.076 [0.000 - 0.186],,,,,,,,,,,
1,migraine,full_features,tabpfn,version_2-5-real,70_30,chrono,,,,0.120,0.120,2026-05-22 23:41:00,,0.770 [0.679 - 0.846],0.306 [0.175 - 0.457],0.055 [0.041 - 0.073],0.020 [0.009 - 0.036],0.994 [0.657 - 1.358],0.327 [0.199 - 0.447],0.472 [0.316 - 0.635],0.896 [0.873 - 0.918],0.310 [0.193 - 0.429],0.472 [0.316 - 0.635],0.372 [0.247 - 0.484],,,,,,,,,,,
1,migraine,full_features,tabpfn,version_2-5-real,70_30,patient,,,,0.070,0.030,2026-05-22 18:38:35,,0.722 [0.673 - 0.768],0.163 [0.121 - 0.209],0.071 [0.059 - 0.083],0.037 [0.024 - 0.052],0.620 [0.472 - 0.785],0.179 [0.118 - 0.244],0.787 [0.708 - 0.863],0.779 [0.756 - 0.803],0.168 [0.126 - 0.211],0.474 [0.381 - 0.571],0.247 [0.193 - 0.303],,,,,,,,,,,
1,migraine,full_features,tabpfn,version_2-5-real,70_30,stratified,,,,0.290,0.300,2026-05-22 18:38:55,,0.706 [0.652 - 0.759],0.229 [0.154 - 0.317],0.064 [0.053 - 0.076],0.032 [0.021 - 0.045],0.623 [0.477 - 0.778],0.175 [0.079 - 0.272],0.152 [0.081 - 0.228],0.911 [0.895 - 0.926],0.295 [0.170 - 0.429],0.162 [0.089 - 0.238],0.208 [0.117 - 0.297],,,,,,,,,,,
1,migraine,full_features,tabpfn,version_2-5-real,80_20,chrono,,,,0.200,0.150,2026-05-22 18:39:16,,0.573 [0.376 - 0.735],0.076 [0.026 - 0.170],0.043 [0.021 - 0.069],0.025 [0.009 - 0.049],0.223 [-0.386 - 0.814],-0.030 [-0.047 - -0.015],0.094 [0.000 - 0.333],0.936 [0.906 - 0.966],0.000 [0.000 - 0.000],0.000 [0.000 - 0.000],0.000 [0.000 - 0.000],,,,,,,,,,,
1,migraine,full_features,tabpfn,version_2-5-real,80_20,patient,,,,0.230,0.070,2026-05-22 18:39:37,,0.714 [0.650 - 0.778],0.171 [0.119 - 0.239],0.068 [0.055 - 0.083],0.034 [0.019 - 0.051],0.660 [0.450 - 0.879],0.128 [0.031 - 0.241],0.555 [0.434 - 0.671],0.901 [0.882 - 0.920],0.230 [0.111 - 0.375],0.138 [0.060 - 0.231],0.172 [0.079 - 0.276],,,,,,,,,,,
1,migraine,full_features,tabpfn,version_2-5-real,80_20,stratified,,,,0.370,0.070,2026-05-22 18:39:57,,0.698 [0.629 - 0.764],0.232 [0.147 - 0.330],0.063 [0.050 - 0.076],0.033 [0.018 - 0.049],0.641 [0.455 - 0.841],0.182 [0.049 - 0.310],0.477 [0.364 - 0.603],0.927 [0.910 - 0.944],0.465 [0.182 - 0.750],0.093 [0.031 - 0.164],0.154 [0.054 - 0.265],,,,,,,,,,,
1,migraine,full_features,tabpfn,version_2-6,70_15_15,chrono,,,,0.210,0.120,2026-05-14 00:34:23,2026-05-14 01:05:21,0.544 [0.296 - 0.832],0.142 [0.016 - 0.473],0.037 [0.012 - 0.068],0.028 [0.011 - 0.053],0.497 [-0.549 - 2.109],0.180 [-0.042 - 0.604],0.190 [0.000 - 0.667],0.948 [0.904 - 0.985],0.241 [0.000 - 1.000],0.190 [0.000 - 0.667],0.195 [0.000 - 0.571],0.709 ± 0.077,0.243 ± 0.091,0.056 ± 0.012,0.020 ± 0.005,0.811 ± 0.209,0.203 ± 0.118,0.484 ± 0.144,0.866 ± 0.058,0.200 ± 0.109,0.372 ± 0.204,0.252 ± 0.130
1,migraine,full_features,tabpfn,version_2-6,70_15_15,patient,,,,0.040,0.060,2026-05-22 16:55:57,,0.710 [0.629 - 0.796],0.174 [0.095 - 0.288],0.052 [0.038 - 0.067],0.028 [0.014 - 0.044],0.649 [0.407 - 0.906],0.141 [0.058 - 0.224],0.429 [0.281 - 0.600],0.725 [0.689 - 0.757],0.107 [0.067 - 0.154],0.541 [0.385 - 0.696],0.179 [0.115 - 0.249],,,,,,,,,,,
1,migraine,full_features,tabpfn,version_2-6,70_15_15,stratified,,,,0.370,0.120,2026-05-14 00:34:39,,0.738 [0.655 - 0.808],0.257 [0.147 - 0.388],0.062 [0.047 - 0.078],0.028 [0.012 - 0.046],0.783 [0.525 - 1.051],0.196 [0.033 - 0.341],0.391 [0.250 - 0.527],0.930 [0.909 - 0.948],0.580 [0.166 - 1.000],0.082 [0.019 - 0.167],0.142 [0.034 - 0.271],,,,,,,,,,,
1,migraine,full_features,tabpfn,version_2-6,70_30,chrono,,,,0.130,0.140,2026-05-22 18:40:18,,0.769 [0.681 - 0.843],0.303 [0.173 - 0.454],0.055 [0.040 - 0.072],0.022 [0.010 - 0.038],0.975 [0.671 - 1.313],0.300 [0.172 - 0.422],0.420 [0.270 - 0.572],0.897 [0.873 - 0.920],0.301 [0.185 - 0.422],0.420 [0.270 - 0.572],0.348 [0.225 - 0.463],,,,,,,,,,,
1,migraine,full_features,tabpfn,version_2-6,70_30,patient,,,,0.060,0.060,2026-05-22 18:40:39,,0.719 [0.671 - 0.767],0.161 [0.120 - 0.208],0.072 [0.060 - 0.084],0.038 [0.024 - 0.052],0.594 [0.447 - 0.752],0.196 [0.134 - 0.259],0.525 [0.427 - 0.625],0.767 [0.743 - 0.791],0.171 [0.129 - 0.212],0.525 [0.427 - 0.625],0.257 [0.200 - 0.312],,,,,,,,,,,
1,migraine,full_features,tabpfn,version_2-6,70_30,stratified,,,,0.310,0.330,2026-05-22 18:40:59,,0.706 [0.653 - 0.761],0.232 [0.155 - 0.323],0.064 [0.053 - 0.076],0.033 [0.021 - 0.047],0.631 [0.486 - 0.787],0.176 [0.081 - 0.270],0.152 [0.081 - 0.228],0.914 [0.900 - 0.929],0.311 [0.176 - 0.457],0.152 [0.081 - 0.228],0.203 [0.114 - 0.293],,,,,,,,,,,
1,migraine,full_features,tabpfn,version_2-6,80_20,chrono,,,,0.140,0.180,2026-05-22 18:41:19,,0.545 [0.353 - 0.710],0.068 [0.025 - 0.145],0.043 [0.022 - 0.070],0.026 [0.011 - 0.050],0.150 [-0.491 - 0.746],0.025 [-0.068 - 0.214],0.094 [0.000 - 0.333],0.902 [0.863 - 0.936],0.062 [0.000 - 0.222],0.094 [0.000 - 0.333],0.072 [0.000 - 0.250],,,,,,,,,,,
1,migraine,full_features,tabpfn,version_2-6,80_20,patient,,,,0.070,0.070,2026-05-22 18:41:39,,0.718 [0.656 - 0.778],0.177 [0.121 - 0.250],0.069 [0.056 - 0.083],0.034 [0.019 - 0.051],0.647 [0.449 - 0.851],0.214 [0.138 - 0.298],0.526 [0.410 - 0.645],0.788 [0.761 - 0.814],0.182 [0.133 - 0.242],0.526 [0.410 - 0.645],0.270 [0.205 - 0.344],,,,,,,,,,,
1,migraine,full_features,tabpfn,version_2-6,80_20,stratified,,,,0.120,0.190,2026-05-22 18:41:59,,0.702 [0.635 - 0.766],0.226 [0.144 - 0.323],0.064 [0.050 - 0.076],0.033 [0.018 - 0.049],0.641 [0.460 - 0.829],0.167 [0.083 - 0.255],0.248 [0.149 - 0.362],0.842 [0.817 - 0.866],0.181 [0.119 - 0.250],0.340 [0.235 - 0.459],0.235 [0.160 - 0.315],,,,,,,,,,,
1,migraine,full_features,tabpfn,version_3-binary,70_15_15,chrono,,,,0.180,0.090,2026-05-14 00:36:05,2026-05-14 01:05:36,0.577 [0.335 - 0.848],0.144 [0.017 - 0.488],0.037 [0.013 - 0.068],0.034 [0.016 - 0.058],0.613 [-0.386 - 2.048],0.157 [-0.049 - 0.569],0.190 [0.000 - 0.667],0.940 [0.897 - 0.978],0.200 [0.000 - 0.750],0.190 [0.000 - 0.667],0.178 [0.000 - 0.545],0.705 ± 0.062,0.236 ± 0.082,0.057 ± 0.013,0.020 ± 0.003,0.894 ± 0.283,0.207 ± 0.054,0.466 ± 0.136,0.886 ± 0.063,0.278 ± 0.070,0.292 ± 0.176,0.238 ± 0.081
1,migraine,full_features,tabpfn,version_3-binary,70_15_15,patient,,,,0.050,0.070,2026-05-23 12:32:15,,0.716 [0.634 - 0.807],0.174 [0.097 - 0.286],0.051 [0.038 - 0.067],0.024 [0.011 - 0.039],0.707 [0.457 - 0.993],0.187 [0.094 - 0.282],0.351 [0.206 - 0.500],0.799 [0.766 - 0.832],0.141 [0.087 - 0.203],0.512 [0.367 - 0.674],0.220 [0.141 - 0.306],,,,,,,,,,,
1,migraine,full_features,tabpfn,version_3-binary,70_15_15,stratified,,,,0.420,0.110,2026-05-14 00:36:19,,0.737 [0.657 - 0.806],0.250 [0.143 - 0.372],0.062 [0.047 - 0.078],0.025 [0.010 - 0.043],0.804 [0.550 - 1.076],0.111 [-0.022 - 0.265],0.370 [0.234 - 0.500],0.927 [0.906 - 0.947],0.410 [0.000 - 1.000],0.043 [0.000 - 0.106],0.076 [0.000 - 0.186],,,,,,,,,,,
1,migraine,full_features,tabpfn,version_3-binary,70_30,chrono,,,,0.220,0.390,2026-05-22 18:42:15,,0.765 [0.675 - 0.843],0.298 [0.173 - 0.451],0.055 [0.041 - 0.072],0.024 [0.011 - 0.041],1.007 [0.674 - 1.360],0.311 [0.149 - 0.459],0.051 [0.000 - 0.125],0.927 [0.904 - 0.946],0.424 [0.222 - 0.618],0.288 [0.146 - 0.424],0.340 [0.179 - 0.478],,,,,,,,,,,
1,migraine,full_features,tabpfn,version_3-binary,70_30,patient,,,,0.130,0.220,2026-05-22 18:42:31,,0.724 [0.678 - 0.771],0.163 [0.121 - 0.208],0.071 [0.059 - 0.084],0.036 [0.023 - 0.050],0.638 [0.482 - 0.799],0.116 [0.045 - 0.189],0.172 [0.101 - 0.246],0.856 [0.836 - 0.876],0.169 [0.108 - 0.231],0.223 [0.148 - 0.302],0.192 [0.127 - 0.259],,,,,,,,,,,
1,migraine,full_features,tabpfn,version_3-binary,70_30,stratified,,,,0.190,0.690,2026-05-22 18:42:47,,0.708 [0.654 - 0.762],0.232 [0.159 - 0.320],0.064 [0.053 - 0.077],0.033 [0.022 - 0.047],0.643 [0.496 - 0.802],0.175 [0.099 - 0.257],0.000 [0.000 - 0.000],0.886 [0.869 - 0.903],0.230 [0.152 - 0.318],0.244 [0.164 - 0.327],0.236 [0.162 - 0.316],,,,,,,,,,,
1,migraine,full_features,tabpfn,version_3-binary,80_20,chrono,,,,0.230,0.340,2026-05-22 18:43:04,,0.539 [0.343 - 0.710],0.073 [0.025 - 0.166],0.043 [0.021 - 0.069],0.026 [0.011 - 0.049],0.185 [-0.494 - 0.818],-0.030 [-0.047 - -0.013],0.000 [0.000 - 0.000],0.936 [0.906 - 0.966],0.000 [0.000 - 0.000],0.000 [0.000 - 0.000],0.000 [0.000 - 0.000],,,,,,,,,,,
1,migraine,full_features,tabpfn,version_3-binary,80_20,patient,,,,0.190,0.200,2026-05-22 18:43:19,,0.720 [0.655 - 0.785],0.181 [0.124 - 0.256],0.068 [0.055 - 0.082],0.029 [0.015 - 0.046],0.701 [0.486 - 0.924],0.146 [0.048 - 0.249],0.183 [0.093 - 0.283],0.892 [0.871 - 0.911],0.226 [0.118 - 0.339],0.183 [0.093 - 0.283],0.201 [0.107 - 0.298],,,,,,,,,,,
1,migraine,full_features,tabpfn,version_3-binary,80_20,stratified,,,,0.200,0.400,2026-05-22 18:43:36,,0.700 [0.634 - 0.765],0.223 [0.142 - 0.319],0.064 [0.050 - 0.077],0.034 [0.019 - 0.049],0.643 [0.462 - 0.843],0.162 [0.069 - 0.268],0.093 [0.031 - 0.164],0.890 [0.871 - 0.910],0.226 [0.129 - 0.328],0.217 [0.125 - 0.322],0.220 [0.130 - 0.321],,,,,,,,,,,
1,migraine,full_features,tabpfn,version_3-default,70_15_15,chrono,,,,0.190,0.090,2026-05-14 00:37:33,2026-05-14 01:05:52,0.569 [0.305 - 0.852],0.144 [0.018 - 0.488],0.037 [0.012 - 0.068],0.033 [0.016 - 0.057],0.715 [-0.388 - 2.044],0.180 [-0.042 - 0.604],0.190 [0.000 - 0.667],0.948 [0.904 - 0.985],0.241 [0.000 - 1.000],0.190 [0.000 - 0.667],0.195 [0.000 - 0.571],0.702 ± 0.066,0.235 ± 0.088,0.057 ± 0.013,0.020 ± 0.004,0.839 ± 0.247,0.163 ± 0.094,0.465 ± 0.136,0.838 ± 0.087,0.163 ± 0.095,0.362 ± 0.197,0.216 ± 0.112
1,migraine,full_features,tabpfn,version_3-default,70_15_15,patient,,,,0.050,0.070,2026-05-22 16:57:58,,0.717 [0.637 - 0.806],0.175 [0.096 - 0.286],0.051 [0.038 - 0.067],0.026 [0.012 - 0.042],0.698 [0.454 - 0.977],0.175 [0.082 - 0.270],0.351 [0.206 - 0.500],0.801 [0.769 - 0.832],0.137 [0.083 - 0.200],0.485 [0.342 - 0.647],0.212 [0.134 - 0.301],,,,,,,,,,,
1,migraine,full_features,tabpfn,version_3-default,70_15_15,stratified,,,,0.410,0.110,2026-05-14 00:37:47,,0.735 [0.658 - 0.804],0.235 [0.137 - 0.352],0.062 [0.047 - 0.079],0.025 [0.010 - 0.043],0.776 [0.518 - 1.047],0.156 [-0.015 - 0.316],0.370 [0.234 - 0.500],0.928 [0.907 - 0.947],0.509 [0.000 - 1.000],0.062 [0.000 - 0.145],0.109 [0.000 - 0.243],,,,,,,,,,,
1,migraine,full_features,tabpfn,version_3-default,70_30,chrono,,,,0.280,0.130,2026-05-22 18:43:53,,0.764 [0.669 - 0.844],0.306 [0.177 - 0.455],0.054 [0.041 - 0.071],0.025 [0.011 - 0.042],0.972 [0.628 - 1.336],0.311 [0.145 - 0.464],0.420 [0.270 - 0.572],0.934 [0.913 - 0.953],0.500 [0.263 - 0.728],0.235 [0.103 - 0.364],0.316 [0.157 - 0.464],,,,,,,,,,,
1,migraine,full_features,tabpfn,version_3-default,70_30,patient,,,,0.060,0.060,2026-05-22 18:44:12,,0.725 [0.679 - 0.772],0.163 [0.121 - 0.208],0.071 [0.059 - 0.083],0.036 [0.023 - 0.051],0.631 [0.477 - 0.792],0.208 [0.148 - 0.273],0.555 [0.456 - 0.654],0.764 [0.740 - 0.790],0.175 [0.135 - 0.216],0.555 [0.456 - 0.654],0.265 [0.210 - 0.320],,,,,,,,,,,
1,migraine,full_features,tabpfn,version_3-default,70_30,stratified,,,,0.300,0.590,2026-05-22 18:44:33,,0.708 [0.654 - 0.762],0.227 [0.152 - 0.315],0.064 [0.053 - 0.077],0.034 [0.022 - 0.047],0.636 [0.490 - 0.794],0.150 [0.061 - 0.242],0.020 [0.000 - 0.051],0.910 [0.894 - 0.925],0.268 [0.146 - 0.397],0.142 [0.077 - 0.216],0.184 [0.101 - 0.273],,,,,,,,,,,
1,migraine,full_features,tabpfn,version_3-default,80_20,chrono,,,,0.180,0.220,2026-05-22 18:44:50,,0.524 [0.311 - 0.707],0.072 [0.024 - 0.167],0.043 [0.021 - 0.069],0.026 [0.011 - 0.050],0.112 [-0.594 - 0.752],0.051 [-0.054 - 0.278],0.000 [0.000 - 0.000],0.923 [0.889 - 0.953],0.091 [0.000 - 0.333],0.094 [0.000 - 0.333],0.088 [0.000 - 0.308],,,,,,,,,,,
1,migraine,full_features,tabpfn,version_3-default,80_20,patient,,,,0.320,0.070,2026-05-22 18:45:06,,0.722 [0.658 - 0.783],0.185 [0.127 - 0.262],0.068 [0.055 - 0.082],0.029 [0.015 - 0.047],0.700 [0.491 - 0.918],0.038 [-0.036 - 0.139],0.555 [0.437 - 0.672],0.915 [0.896 - 0.932],0.159 [0.000 - 0.400],0.031 [0.000 - 0.079],0.051 [0.000 - 0.127],,,,,,,,,,,
1,migraine,full_features,tabpfn,version_3-default,80_20,stratified,,,,0.300,0.140,2026-05-22 18:45:22,,0.702 [0.636 - 0.765],0.225 [0.144 - 0.319],0.064 [0.050 - 0.077],0.032 [0.019 - 0.047],0.635 [0.453 - 0.832],0.145 [0.038 - 0.259],0.279 [0.180 - 0.394],0.914 [0.897 - 0.931],0.279 [0.130 - 0.450],0.125 [0.049 - 0.203],0.171 [0.071 - 0.275],,,,,,,,,,,
1,migraine,no_rolling_features,tabpfn,version_2-5-finetuned,70_15_15,chrono,,,,0.130,0.050,2026-05-14 00:39:01,2026-05-14 01:09:07,0.737 [0.498 - 0.925],0.129 [0.025 - 0.284],0.037 [0.012 - 0.068],0.033 [0.012 - 0.058],0.690 [-1.525 - 1.828],-0.050 [-0.079 - -0.024],0.592 [0.000 - 1.000],0.897 [0.846 - 0.941],0.000 [0.000 - 0.000],0.000 [0.000 - 0.000],0.000 [0.000 - 0.000],0.620 ± 0.059,0.115 ± 0.022,0.061 ± 0.015,0.022 ± 0.008,1.509 ± 1.662,0.110 ± 0.060,0.531 ± 0.077,0.822 ± 0.114,0.160 ± 0.085,0.275 ± 0.130,0.171 ± 0.037
1,migraine,no_rolling_features,tabpfn,version_2-5-finetuned,70_15_15,patient,,,,0.040,0.040,2026-05-22 17:05:37,,0.548 [0.447 - 0.641],0.085 [0.049 - 0.139],0.053 [0.039 - 0.070],0.016 [0.005 - 0.032],0.353 [-0.336 - 0.869],0.027 [-0.047 - 0.101],0.408 [0.255 - 0.563],0.635 [0.600 - 0.668],0.064 [0.034 - 0.096],0.408 [0.255 - 0.563],0.110 [0.061 - 0.162],,,,,,,,,,,
1,migraine,no_rolling_features,tabpfn,version_2-5-finetuned,70_15_15,stratified,,,,0.200,0.060,2026-05-14 00:39:17,,0.522 [0.433 - 0.612],0.097 [0.059 - 0.145],0.067 [0.051 - 0.086],0.026 [0.010 - 0.047],0.342 [-0.401 - 0.917],-0.043 [-0.055 - -0.031],0.306 [0.176 - 0.442],0.905 [0.882 - 0.926],0.000 [0.000 - 0.000],0.000 [0.000 - 0.000],0.000 [0.000 - 0.000],,,,,,,,,,,
1,migraine,no_rolling_features,tabpfn,version_2-5-finetuned,70_30,chrono,,,,0.090,0.050,2026-05-14 00:39:32,,0.641 [0.550 - 0.732],0.137 [0.074 - 0.225],0.061 [0.045 - 0.081],0.017 [0.005 - 0.036],0.799 [0.268 - 1.278],0.084 [-0.016 - 0.189],0.521 [0.367 - 0.677],0.852 [0.824 - 0.880],0.125 [0.049 - 0.208],0.208 [0.091 - 0.349],0.155 [0.062 - 0.250],,,,,,,,,,,
1,migraine,no_rolling_features,tabpfn,version_2-5-finetuned,70_30,patient,,,,0.240,0.040,2026-05-22 17:12:35,,0.578 [0.520 - 0.638],0.098 [0.073 - 0.126],0.072 [0.060 - 0.085],0.034 [0.021 - 0.049],0.335 [-0.031 - 0.675],-0.006 [-0.038 - 0.048],0.514 [0.413 - 0.614],0.912 [0.897 - 0.928],0.062 [0.000 - 0.200],0.010 [0.000 - 0.033],0.017 [0.000 - 0.056],,,,,,,,,,,
1,migraine,no_rolling_features,tabpfn,version_2-5-finetuned,70_30,stratified,,,,0.150,0.160,2026-05-23 12:53:30,,0.614 [0.553 - 0.677],0.128 [0.090 - 0.178],0.067 [0.055 - 0.080],0.027 [0.014 - 0.041],0.573 [0.300 - 0.827],0.116 [0.040 - 0.202],0.141 [0.080 - 0.213],0.894 [0.877 - 0.910],0.197 [0.111 - 0.297],0.152 [0.085 - 0.223],0.170 [0.098 - 0.252],,,,,,,,,,,
1,migraine,no_rolling_features,tabpfn,version_2-5-finetuned,80_20,chrono,,,,0.170,0.060,2026-05-14 00:40:03,,0.655 [0.508 - 0.801],0.093 [0.034 - 0.199],0.042 [0.021 - 0.066],0.024 [0.010 - 0.043],0.507 [-0.814 - 1.364],0.043 [-0.064 - 0.253],0.388 [0.000 - 0.714],0.910 [0.872 - 0.944],0.078 [0.000 - 0.267],0.105 [0.000 - 0.375],0.085 [0.000 - 0.286],,,,,,,,,,,
1,migraine,no_rolling_features,tabpfn,version_2-5-finetuned,80_20,patient,,,,0.150,0.050,2026-05-22 17:20:20,,0.570 [0.500 - 0.647],0.102 [0.070 - 0.143],0.070 [0.056 - 0.086],0.030 [0.015 - 0.048],0.374 [-0.100 - 0.850],0.025 [-0.041 - 0.115],0.362 [0.242 - 0.486],0.911 [0.893 - 0.928],0.122 [0.000 - 0.300],0.031 [0.000 - 0.075],0.048 [0.000 - 0.118],,,,,,,,,,,
1,migraine,no_rolling_features,tabpfn,version_2-5-finetuned,80_20,stratified,,,,0.150,0.080,2026-05-14 00:40:18,,0.551 [0.480 - 0.626],0.104 [0.070 - 0.149],0.068 [0.053 - 0.082],0.031 [0.014 - 0.047],0.322 [-0.052 - 0.670],0.100 [0.014 - 0.193],0.261 [0.158 - 0.375],0.892 [0.873 - 0.912],0.177 [0.083 - 0.279],0.140 [0.062 - 0.228],0.155 [0.074 - 0.246],,,,,,,,,,,
1,migraine,no_rolling_features,tabpfn,version_2-5-real,70_15_15,chrono,,,,0.260,0.040,2026-05-23 12:39:23,2026-05-14 01:09:24,0.749 [0.517 - 0.926],0.132 [0.026 - 0.291],0.038 [0.012 - 0.068],0.032 [0.012 - 0.058],0.712 [-1.088 - 1.710],-0.012 [-0.035 - 0.000],0.798 [0.333 - 1.000],0.955 [0.919 - 0.985],0.000 [0.000 - 0.000],0.000 [0.000 - 0.000],0.000 [0.000 - 0.000],0.628 ± 0.072,0.119 ± 0.027,0.062 ± 0.015,0.022 ± 0.004,0.764 ± 0.218,0.058 ± 0.073,0.752 ± 0.204,0.847 ± 0.071,0.109 ± 0.069,0.179 ± 0.157,0.124 ± 0.079
1,migraine,no_rolling_features,tabpfn,version_2-5-real,70_15_15,patient,,,,0.040,0.040,2026-05-22 17:20:38,,0.544 [0.445 - 0.638],0.086 [0.049 - 0.141],0.053 [0.039 - 0.069],0.016 [0.005 - 0.032],0.368 [-0.303 - 0.876],0.018 [-0.052 - 0.092],0.300 [0.167 - 0.444],0.711 [0.679 - 0.743],0.063 [0.030 - 0.100],0.300 [0.167 - 0.444],0.103 [0.051 - 0.160],,,,,,,,,,,
1,migraine,no_rolling_features,tabpfn,version_2-5-real,70_15_15,stratified,,,,0.280,0.070,2026-05-14 00:40:49,,0.537 [0.448 - 0.626],0.102 [0.062 - 0.152],0.068 [0.051 - 0.086],0.029 [0.012 - 0.050],0.280 [-0.322 - 0.762],-0.033 [-0.045 - -0.022],0.306 [0.176 - 0.442],0.914 [0.892 - 0.934],0.000 [0.000 - 0.000],0.000 [0.000 - 0.000],0.000 [0.000 - 0.000],,,,,,,,,,,
1,migraine,no_rolling_features,tabpfn,version_2-5-real,70_30,chrono,,,,0.280,0.040,2026-05-14 00:41:04,,0.630 [0.535 - 0.725],0.142 [0.074 - 0.232],0.061 [0.045 - 0.080],0.021 [0.007 - 0.042],0.717 [0.245 - 1.141],0.047 [-0.030 - 0.195],0.597 [0.450 - 0.742],0.928 [0.904 - 0.948],0.194 [0.000 - 0.667],0.026 [0.000 - 0.083],0.045 [0.000 - 0.140],,,,,,,,,,,
1,migraine,no_rolling_features,tabpfn,version_2-5-real,70_30,patient,,,,0.240,0.030,2026-05-22 17:20:56,,0.575 [0.515 - 0.638],0.098 [0.073 - 0.125],0.072 [0.060 - 0.085],0.034 [0.021 - 0.049],0.330 [-0.025 - 0.666],-0.006 [-0.038 - 0.048],0.950 [0.902 - 0.990],0.912 [0.897 - 0.928],0.062 [0.000 - 0.200],0.010 [0.000 - 0.033],0.017 [0.000 - 0.056],,,,,,,,,,,
1,migraine,no_rolling_features,tabpfn,version_2-5-real,70_30,stratified,,,,0.150,0.160,2026-05-14 00:41:20,,0.596 [0.534 - 0.656],0.126 [0.089 - 0.176],0.067 [0.055 - 0.080],0.024 [0.012 - 0.038],0.613 [0.316 - 0.878],0.112 [0.037 - 0.191],0.141 [0.080 - 0.213],0.896 [0.880 - 0.912],0.196 [0.109 - 0.295],0.141 [0.080 - 0.213],0.163 [0.093 - 0.240],,,,,,,,,,,
1,migraine,no_rolling_features,tabpfn,version_2-5-real,80_20,chrono,,,,0.110,0.060,2026-05-14 00:41:35,,0.679 [0.522 - 0.830],0.097 [0.036 - 0.201],0.042 [0.021 - 0.066],0.025 [0.011 - 0.045],0.503 [-0.876 - 1.334],0.078 [-0.068 - 0.274],0.388 [0.000 - 0.714],0.885 [0.842 - 0.923],0.093 [0.000 - 0.250],0.199 [0.000 - 0.500],0.123 [0.000 - 0.300],,,,,,,,,,,
1,migraine,no_rolling_features,tabpfn,version_2-5-real,80_20,patient,,,,0.060,0.060,2026-05-22 17:21:15,,0.551 [0.476 - 0.628],0.098 [0.067 - 0.140],0.070 [0.057 - 0.086],0.030 [0.015 - 0.047],0.287 [-0.235 - 0.773],0.010 [-0.049 - 0.083],0.210 [0.126 - 0.313],0.761 [0.734 - 0.787],0.080 [0.043 - 0.124],0.210 [0.126 - 0.313],0.116 [0.065 - 0.174],,,,,,,,,,,
1,migraine,no_rolling_features,tabpfn,version_2-5-real,80_20,stratified,,,,0.160,0.090,2026-05-14 00:41:50,,0.542 [0.469 - 0.619],0.102 [0.069 - 0.147],0.068 [0.053 - 0.082],0.028 [0.012 - 0.045],0.330 [-0.066 - 0.697],0.095 [0.010 - 0.189],0.215 [0.123 - 0.318],0.896 [0.877 - 0.916],0.179 [0.079 - 0.292],0.124 [0.053 - 0.214],0.146 [0.066 - 0.238],,,,,,,,,,,
1,migraine,no_rolling_features,tabpfn,version_2-6,70_15_15,chrono,,,,0.130,0.040,2026-05-14 00:42:05,2026-05-14 01:10:14,0.727 [0.458 - 0.937],0.138 [0.024 - 0.318],0.037 [0.013 - 0.067],0.041 [0.016 - 0.069],0.768 [-1.791 - 1.791],-0.050 [-0.079 - -0.024],0.798 [0.333 - 1.000],0.897 [0.846 - 0.941],0.000 [0.000 - 0.000],0.000 [0.000 - 0.000],0.000 [0.000 - 0.000],0.625 ± 0.041,0.122 ± 0.021,0.062 ± 0.015,0.023 ± 0.003,0.667 ± 0.190,0.066 ± 0.068,0.615 ± 0.213,0.886 ± 0.024,0.135 ± 0.072,0.123 ± 0.094,0.121 ± 0.080
1,migraine,no_rolling_features,tabpfn,version_2-6,70_15_15,patient,,,,0.040,0.040,2026-05-22 17:21:33,,0.515 [0.428 - 0.610],0.080 [0.045 - 0.135],0.053 [0.039 - 0.070],0.017 [0.006 - 0.033],0.254 [-0.485 - 0.777],0.009 [-0.060 - 0.087],0.302 [0.171 - 0.452],0.693 [0.658 - 0.726],0.059 [0.030 - 0.095],0.302 [0.171 - 0.452],0.098 [0.051 - 0.154],,,,,,,,,,,
1,migraine,no_rolling_features,tabpfn,version_2-6,70_15_15,stratified,,,,0.300,0.070,2026-05-14 00:42:20,,0.533 [0.445 - 0.623],0.097 [0.061 - 0.144],0.068 [0.052 - 0.087],0.028 [0.011 - 0.049],0.210 [-0.349 - 0.674],-0.034 [-0.045 - -0.022],0.307 [0.179 - 0.447],0.913 [0.892 - 0.934],0.000 [0.000 - 0.000],0.000 [0.000 - 0.000],0.000 [0.000 - 0.000],,,,,,,,,,,
1,migraine,no_rolling_features,tabpfn,version_2-6,70_30,chrono,,,,0.290,0.040,2026-05-14 00:42:36,,0.640 [0.546 - 0.731],0.136 [0.075 - 0.217],0.061 [0.046 - 0.081],0.019 [0.007 - 0.038],0.733 [0.273 - 1.142],-0.029 [-0.041 - -0.016],0.707 [0.559 - 0.848],0.921 [0.897 - 0.943],0.000 [0.000 - 0.000],0.000 [0.000 - 0.000],0.000 [0.000 - 0.000],,,,,,,,,,,
1,migraine,no_rolling_features,tabpfn,version_2-6,70_30,patient,,,,0.220,0.030,2026-05-22 17:21:50,,0.552 [0.492 - 0.613],0.094 [0.071 - 0.122],0.073 [0.060 - 0.085],0.035 [0.022 - 0.051],0.278 [-0.084 - 0.625],-0.016 [-0.044 - 0.032],0.991 [0.968 - 1.000],0.907 [0.891 - 0.923],0.045 [0.000 - 0.143],0.010 [0.000 - 0.033],0.016 [0.000 - 0.052],,,,,,,,,,,
1,migraine,no_rolling_features,tabpfn,version_2-6,70_30,stratified,,,,0.160,0.160,2026-05-14 00:42:50,,0.605 [0.543 - 0.665],0.120 [0.086 - 0.165],0.068 [0.056 - 0.080],0.025 [0.013 - 0.039],0.536 [0.262 - 0.775],0.108 [0.037 - 0.190],0.131 [0.070 - 0.198],0.899 [0.883 - 0.914],0.198 [0.108 - 0.302],0.131 [0.070 - 0.198],0.157 [0.086 - 0.233],,,,,,,,,,,
1,migraine,no_rolling_features,tabpfn,version_2-6,80_20,chrono,,,,0.150,0.060,2026-05-14 00:43:06,,0.633 [0.439 - 0.816],0.105 [0.038 - 0.227],0.041 [0.021 - 0.066],0.035 [0.015 - 0.057],0.625 [-1.173 - 1.460],0.028 [-0.069 - 0.226],0.388 [0.000 - 0.714],0.898 [0.859 - 0.936],0.063 [0.000 - 0.222],0.105 [0.000 - 0.375],0.076 [0.000 - 0.250],,,,,,,,,,,
1,migraine,no_rolling_features,tabpfn,version_2-6,80_20,patient,,,,0.220,0.050,2026-05-22 17:22:09,,0.549 [0.475 - 0.628],0.096 [0.067 - 0.136],0.071 [0.057 - 0.086],0.031 [0.016 - 0.047],0.247 [-0.254 - 0.696],-0.004 [-0.045 - 0.071],0.361 [0.246 - 0.477],0.910 [0.892 - 0.927],0.068 [0.000 - 0.231],0.016 [0.000 - 0.053],0.025 [0.000 - 0.082],,,,,,,,,,,
1,migraine,no_rolling_features,tabpfn,version_2-6,80_20,stratified,,,,0.210,0.120,2026-05-14 00:43:20,,0.525 [0.453 - 0.599],0.094 [0.065 - 0.133],0.069 [0.054 - 0.083],0.031 [0.015 - 0.047],0.268 [-0.100 - 0.607],0.046 [-0.030 - 0.139],0.140 [0.062 - 0.228],0.905 [0.886 - 0.924],0.137 [0.030 - 0.273],0.061 [0.015 - 0.123],0.084 [0.021 - 0.163],,,,,,,,,,,
1,migraine,no_rolling_features,tabpfn,version_3-binary,70_15_15,chrono,,,,0.090,0.050,2026-05-14 00:43:34,2026-05-14 01:10:27,0.638 [0.315 - 0.912],0.107 [0.020 - 0.260],0.038 [0.012 - 0.068],0.030 [0.010 - 0.055],0.492 [-3.512 - 1.763],0.033 [-0.092 - 0.259],0.592 [0.000 - 1.000],0.845 [0.787 - 0.904],0.054 [0.000 - 0.182],0.190 [0.000 - 0.667],0.080 [0.000 - 0.261],0.631 ± 0.040,0.122 ± 0.031,0.061 ± 0.015,0.021 ± 0.005,0.803 ± 0.202,0.090 ± 0.043,0.538 ± 0.159,0.839 ± 0.065,0.135 ± 0.057,0.229 ± 0.092,0.157 ± 0.046
1,migraine,no_rolling_features,tabpfn,version_3-binary,70_15_15,patient,,,,0.040,0.040,2026-05-22 17:22:25,,0.507 [0.408 - 0.612],0.081 [0.045 - 0.135],0.053 [0.039 - 0.070],0.015 [0.006 - 0.032],0.266 [-0.375 - 0.781],0.010 [-0.061 - 0.084],0.329 [0.192 - 0.471],0.671 [0.637 - 0.705],0.059 [0.030 - 0.093],0.329 [0.192 - 0.471],0.100 [0.052 - 0.152],,,,,,,,,,,
1,migraine,no_rolling_features,tabpfn,version_3-binary,70_15_15,stratified,,,,0.110,0.070,2026-05-14 00:43:48,,0.542 [0.458 - 0.628],0.098 [0.062 - 0.144],0.068 [0.052 - 0.086],0.028 [0.011 - 0.048],0.194 [-0.340 - 0.651],0.077 [-0.018 - 0.188],0.327 [0.196 - 0.465],0.877 [0.851 - 0.900],0.143 [0.054 - 0.250],0.144 [0.054 - 0.255],0.142 [0.054 - 0.244],,,,,,,,,,,
1,migraine,no_rolling_features,tabpfn,version_3-binary,70_30,chrono,,,,0.270,0.060,2026-05-14 00:44:02,,0.663 [0.568 - 0.750],0.148 [0.079 - 0.237],0.060 [0.045 - 0.080],0.018 [0.005 - 0.037],0.810 [0.359 - 1.240],-0.022 [-0.033 - -0.010],0.494 [0.333 - 0.650],0.927 [0.903 - 0.946],0.000 [0.000 - 0.000],0.000 [0.000 - 0.000],0.000 [0.000 - 0.000],,,,,,,,,,,
1,migraine,no_rolling_features,tabpfn,version_3-binary,70_30,patient,,,,0.210,0.030,2026-05-23 17:13:32,,0.599 [0.543 - 0.655],0.103 [0.078 - 0.133],0.072 [0.060 - 0.085],0.034 [0.020 - 0.048],0.425 [0.115 - 0.734],-0.013 [-0.041 - 0.037],1.000 [1.000 - 1.000],0.909 [0.894 - 0.925],0.049 [0.000 - 0.158],0.010 [0.000 - 0.033],0.016 [0.000 - 0.053],,,,,,,,,,,
1,migraine,no_rolling_features,tabpfn,version_3-binary,70_30,stratified,,,,0.170,0.180,2026-05-14 00:44:17,,0.597 [0.531 - 0.661],0.124 [0.088 - 0.173],0.067 [0.055 - 0.080],0.020 [0.009 - 0.033],0.612 [0.325 - 0.874],0.115 [0.041 - 0.198],0.121 [0.063 - 0.187],0.901 [0.885 - 0.917],0.211 [0.117 - 0.322],0.131 [0.070 - 0.198],0.160 [0.089 - 0.239],,,,,,,,,,,
1,migraine,no_rolling_features,tabpfn,version_3-binary,80_20,chrono,,,,0.150,0.070,2026-05-14 00:44:33,,0.603 [0.414 - 0.770],0.090 [0.031 - 0.200],0.042 [0.021 - 0.067],0.024 [0.009 - 0.043],0.340 [-1.397 - 1.306],0.037 [-0.066 - 0.242],0.296 [0.000 - 0.667],0.906 [0.868 - 0.944],0.072 [0.000 - 0.250],0.105 [0.000 - 0.375],0.082 [0.000 - 0.273],,,,,,,,,,,
1,migraine,no_rolling_features,tabpfn,version_3-binary,80_20,patient,,,,0.070,0.070,2026-05-22 17:23:01,,0.571 [0.502 - 0.647],0.100 [0.069 - 0.139],0.070 [0.057 - 0.086],0.031 [0.017 - 0.048],0.366 [-0.046 - 0.767],0.024 [-0.040 - 0.095],0.227 [0.136 - 0.333],0.765 [0.738 - 0.793],0.088 [0.050 - 0.132],0.227 [0.136 - 0.333],0.126 [0.073 - 0.184],,,,,,,,,,,
1,migraine,no_rolling_features,tabpfn,version_3-binary,80_20,stratified,,,,0.190,0.090,2026-05-14 00:44:46,,0.528 [0.453 - 0.604],0.100 [0.068 - 0.142],0.068 [0.053 - 0.082],0.033 [0.018 - 0.050],0.321 [-0.057 - 0.678],0.059 [-0.022 - 0.153],0.291 [0.185 - 0.403],0.903 [0.884 - 0.923],0.151 [0.036 - 0.280],0.076 [0.016 - 0.148],0.101 [0.022 - 0.190],,,,,,,,,,,
1,migraine,no_rolling_features,tabpfn,version_3-default,70_15_15,chrono,,,,0.090,0.040,2026-05-14 00:45:00,2026-05-14 01:10:41,0.652 [0.355 - 0.911],0.106 [0.020 - 0.246],0.037 [0.012 - 0.068],0.027 [0.008 - 0.052],0.533 [-3.242 - 1.756],0.049 [-0.084 - 0.281],0.592 [0.000 - 1.000],0.867 [0.809 - 0.919],0.065 [0.000 - 0.214],0.190 [0.000 - 0.667],0.092 [0.000 - 0.286],0.620 ± 0.040,0.120 ± 0.033,0.061 ± 0.015,0.021 ± 0.003,0.810 ± 0.227,0.093 ± 0.037,0.598 ± 0.144,0.811 ± 0.082,0.122 ± 0.034,0.290 ± 0.157,0.158 ± 0.045
1,migraine,no_rolling_features,tabpfn,version_3-default,70_15_15,patient,,,,0.040,0.040,2026-05-22 17:23:18,,0.521 [0.421 - 0.622],0.080 [0.046 - 0.129],0.053 [0.039 - 0.070],0.016 [0.006 - 0.032],0.263 [-0.393 - 0.777],0.011 [-0.058 - 0.088],0.302 [0.171 - 0.452],0.696 [0.664 - 0.728],0.060 [0.030 - 0.095],0.302 [0.171 - 0.452],0.099 [0.051 - 0.154],,,,,,,,,,,
1,migraine,no_rolling_features,tabpfn,version_3-default,70_15_15,stratified,,,,0.120,0.060,2026-05-14 00:45:14,,0.529 [0.442 - 0.615],0.093 [0.060 - 0.136],0.068 [0.052 - 0.087],0.029 [0.011 - 0.049],0.179 [-0.359 - 0.638],0.077 [-0.022 - 0.184],0.327 [0.196 - 0.465],0.887 [0.863 - 0.910],0.151 [0.048 - 0.269],0.124 [0.040 - 0.225],0.135 [0.045 - 0.238],,,,,,,,,,,
1,migraine,no_rolling_features,tabpfn,version_3-default,70_30,chrono,,,,0.270,0.050,2026-05-14 00:45:29,,0.642 [0.540 - 0.740],0.143 [0.077 - 0.232],0.061 [0.045 - 0.080],0.017 [0.004 - 0.037],0.775 [0.307 - 1.204],-0.022 [-0.033 - -0.010],0.494 [0.333 - 0.650],0.927 [0.903 - 0.948],0.000 [0.000 - 0.000],0.000 [0.000 - 0.000],0.000 [0.000 - 0.000],,,,,,,,,,,
1,migraine,no_rolling_features,tabpfn,version_3-default,70_30,patient,,,,0.220,0.030,2026-05-22 17:23:35,,0.594 [0.535 - 0.650],0.103 [0.077 - 0.132],0.072 [0.060 - 0.085],0.035 [0.021 - 0.049],0.375 [0.050 - 0.693],-0.013 [-0.042 - 0.039],1.000 [1.000 - 1.000],0.909 [0.894 - 0.925],0.049 [0.000 - 0.158],0.010 [0.000 - 0.033],0.016 [0.000 - 0.053],,,,,,,,,,,
1,migraine,no_rolling_features,tabpfn,version_3-default,70_30,stratified,,,,0.150,0.190,2026-05-14 00:45:43,,0.606 [0.544 - 0.667],0.124 [0.087 - 0.172],0.067 [0.055 - 0.080],0.022 [0.010 - 0.037],0.577 [0.292 - 0.837],0.094 [0.024 - 0.171],0.120 [0.063 - 0.187],0.892 [0.875 - 0.909],0.174 [0.092 - 0.269],0.131 [0.070 - 0.198],0.149 [0.082 - 0.222],,,,,,,,,,,
1,migraine,no_rolling_features,tabpfn,version_3-default,80_20,chrono,,,,0.160,0.070,2026-05-14 00:45:57,,0.565 [0.368 - 0.756],0.080 [0.028 - 0.175],0.042 [0.021 - 0.067],0.023 [0.009 - 0.043],0.248 [-1.995 - 1.250],0.037 [-0.066 - 0.242],0.296 [0.000 - 0.667],0.906 [0.868 - 0.944],0.072 [0.000 - 0.250],0.105 [0.000 - 0.375],0.082 [0.000 - 0.273],,,,,,,,,,,
1,migraine,no_rolling_features,tabpfn,version_3-default,80_20,patient,,,,0.100,0.050,2026-05-22 17:23:53,,0.568 [0.498 - 0.641],0.099 [0.069 - 0.138],0.070 [0.057 - 0.086],0.031 [0.017 - 0.048],0.317 [-0.120 - 0.741],0.049 [-0.024 - 0.136],0.360 [0.250 - 0.480],0.868 [0.846 - 0.890],0.121 [0.048 - 0.209],0.121 [0.045 - 0.206],0.120 [0.048 - 0.200],,,,,,,,,,,
1,migraine,no_rolling_features,tabpfn,version_3-default,80_20,stratified,,,,0.200,0.100,2026-05-14 00:46:10,,0.522 [0.448 - 0.598],0.096 [0.065 - 0.137],0.068 [0.053 - 0.082],0.034 [0.017 - 0.050],0.304 [-0.071 - 0.651],0.039 [-0.032 - 0.126],0.170 [0.086 - 0.263],0.902 [0.883 - 0.921],0.124 [0.027 - 0.250],0.061 [0.015 - 0.123],0.081 [0.020 - 0.160],,,,,,,,,,,
1,migraine,park_features,tabpfn,version_2-5-finetuned,70_15_15,chrono,,,,0.110,0.040,2026-05-14 00:46:24,2026-05-14 01:11:07,0.603 [0.385 - 0.915],0.083 [0.015 - 0.220],0.037 [0.011 - 0.068],0.026 [0.008 - 0.051],-1.091 [-13.804 - 1.789],-0.047 [-0.078 - -0.022],1.000 [1.000 - 1.000],0.904 [0.853 - 0.949],0.000 [0.000 - 0.000],0.000 [0.000 - 0.000],0.000 [0.000 - 0.000],0.598 ± 0.034,0.110 ± 0.039,0.061 ± 0.015,0.020 ± 0.006,1.089 ± 0.546,0.079 ± 0.100,0.987 ± 0.019,0.707 ± 0.312,0.129 ± 0.084,0.379 ± 0.331,0.162 ± 0.093
1,migraine,park_features,tabpfn,version_2-5-finetuned,70_15_15,patient,,,,0.050,0.040,2026-05-22 17:27:08,,0.532 [0.471 - 0.599],0.062 [0.042 - 0.087],0.053 [0.039 - 0.070],0.017 [0.006 - 0.035],0.097 [-0.840 - 0.757],0.043 [-0.036 - 0.130],1.000 [1.000 - 1.000],0.814 [0.783 - 0.842],0.079 [0.033 - 0.134],0.220 [0.097 - 0.355],0.115 [0.048 - 0.191],,,,,,,,,,,
1,migraine,park_features,tabpfn,version_2-5-finetuned,70_15_15,stratified,,,,0.060,0.040,2026-05-14 00:46:37,,0.528 [0.467 - 0.590],0.086 [0.058 - 0.126],0.067 [0.050 - 0.085],0.019 [0.003 - 0.041],0.499 [-0.396 - 1.176],0.020 [-0.056 - 0.097],1.000 [1.000 - 1.000],0.779 [0.746 - 0.811],0.083 [0.035 - 0.133],0.206 [0.098 - 0.314],0.117 [0.052 - 0.184],,,,,,,,,,,
1,migraine,park_features,tabpfn,version_2-5-finetuned,70_30,chrono,,,,0.110,0.040,2026-05-14 00:46:50,,0.625 [0.543 - 0.707],0.121 [0.066 - 0.195],0.060 [0.044 - 0.080],0.014 [0.003 - 0.033],1.137 [0.486 - 1.731],0.146 [0.022 - 0.281],1.000 [1.000 - 1.000],0.902 [0.878 - 0.925],0.216 [0.083 - 0.367],0.182 [0.069 - 0.314],0.196 [0.074 - 0.321],,,,,,,,,,,
1,migraine,park_features,tabpfn,version_2-5-finetuned,70_30,patient,,,,0.160,0.040,2026-05-22 17:30:25,,0.541 [0.498 - 0.588],0.084 [0.067 - 0.104],0.073 [0.060 - 0.085],0.036 [0.022 - 0.051],0.153 [-0.352 - 0.570],-0.040 [-0.048 - -0.031],1.000 [1.000 - 1.000],0.904 [0.888 - 0.920],0.000 [0.000 - 0.000],0.000 [0.000 - 0.000],0.000 [0.000 - 0.000],,,,,,,,,,,
1,migraine,park_features,tabpfn,version_2-5-finetuned,70_30,stratified,,,,0.070,0.080,2026-05-14 00:47:05,,0.567 [0.518 - 0.618],0.099 [0.071 - 0.135],0.067 [0.055 - 0.080],0.018 [0.006 - 0.032],0.650 [0.253 - 1.031],0.081 [0.019 - 0.147],0.296 [0.206 - 0.388],0.787 [0.765 - 0.808],0.117 [0.077 - 0.163],0.296 [0.206 - 0.388],0.167 [0.113 - 0.225],,,,,,,,,,,
1,migraine,park_features,tabpfn,version_2-5-finetuned,80_20,chrono,,,,0.110,0.040,2026-05-14 00:47:18,,0.527 [0.352 - 0.729],0.081 [0.025 - 0.203],0.041 [0.020 - 0.066],0.019 [0.004 - 0.040],-23.753 [-9.529 - 1.763],0.048 [-0.060 - 0.269],1.000 [1.000 - 1.000],0.915 [0.876 - 0.949],0.084 [0.000 - 0.286],0.105 [0.000 - 0.375],0.089 [0.000 - 0.286],,,,,,,,,,,
1,migraine,park_features,tabpfn,version_2-5-finetuned,80_20,patient,,,,0.100,0.030,2026-05-22 17:34:29,,0.521 [0.475 - 0.578],0.078 [0.060 - 0.100],0.071 [0.057 - 0.087],0.034 [0.019 - 0.052],0.049 [-0.586 - 0.602],-0.009 [-0.059 - 0.062],1.000 [1.000 - 1.000],0.892 [0.871 - 0.910],0.062 [0.000 - 0.161],0.032 [0.000 - 0.083],0.042 [0.000 - 0.105],,,,,,,,,,,
1,migraine,park_features,tabpfn,version_2-5-finetuned,80_20,stratified,,,,0.100,0.080,2026-05-14 00:47:30,,0.556 [0.500 - 0.611],0.094 [0.066 - 0.128],0.066 [0.052 - 0.081],0.019 [0.005 - 0.034],0.585 [0.053 - 1.023],0.085 [0.005 - 0.174],0.244 [0.141 - 0.343],0.877 [0.856 - 0.897],0.150 [0.070 - 0.235],0.152 [0.075 - 0.242],0.150 [0.074 - 0.233],,,,,,,,,,,
1,migraine,park_features,tabpfn,version_2-5-real,70_15_15,chrono,,,,0.100,0.040,2026-05-14 00:47:43,2026-05-14 01:11:18,0.601 [0.385 - 0.911],0.081 [0.015 - 0.213],0.037 [0.011 - 0.068],0.025 [0.009 - 0.050],-1.128 [-14.838 - 1.792],-0.047 [-0.078 - -0.022],1.000 [1.000 - 1.000],0.904 [0.853 - 0.949],0.000 [0.000 - 0.000],0.000 [0.000 - 0.000],0.000 [0.000 - 0.000],0.601 ± 0.032,0.110 ± 0.039,0.061 ± 0.015,0.022 ± 0.005,1.108 ± 0.464,0.084 ± 0.100,0.978 ± 0.027,0.689 ± 0.308,0.120 ± 0.084,0.413 ± 0.324,0.167 ± 0.099
1,migraine,park_features,tabpfn,version_2-5-real,70_15_15,patient,,,,0.040,0.030,2026-05-22 17:34:45,,0.532 [0.471 - 0.599],0.062 [0.042 - 0.087],0.053 [0.039 - 0.070],0.018 [0.006 - 0.036],0.096 [-0.868 - 0.757],0.043 [-0.036 - 0.130],1.000 [1.000 - 1.000],0.814 [0.783 - 0.842],0.079 [0.033 - 0.134],0.220 [0.097 - 0.355],0.115 [0.048 - 0.191],,,,,,,,,,,
1,migraine,park_features,tabpfn,version_2-5-real,70_15_15,stratified,,,,0.070,0.040,2026-05-14 00:47:56,,0.533 [0.470 - 0.597],0.100 [0.062 - 0.154],0.067 [0.050 - 0.085],0.022 [0.004 - 0.044],0.437 [-0.318 - 1.026],0.033 [-0.043 - 0.115],1.000 [1.000 - 1.000],0.781 [0.748 - 0.811],0.090 [0.044 - 0.142],0.225 [0.115 - 0.345],0.128 [0.064 - 0.197],,,,,,,,,,,
1,migraine,park_features,tabpfn,version_2-5-real,70_30,chrono,,,,0.100,0.040,2026-05-14 00:48:09,,0.625 [0.544 - 0.707],0.121 [0.066 - 0.195],0.060 [0.044 - 0.080],0.014 [0.003 - 0.034],1.119 [0.484 - 1.690],0.146 [0.022 - 0.281],1.000 [1.000 - 1.000],0.902 [0.878 - 0.925],0.216 [0.083 - 0.367],0.182 [0.069 - 0.314],0.196 [0.074 - 0.321],,,,,,,,,,,
1,migraine,park_features,tabpfn,version_2-5-real,70_30,patient,,,,0.160,0.030,2026-05-22 17:35:02,,0.539 [0.496 - 0.585],0.084 [0.067 - 0.104],0.073 [0.060 - 0.085],0.037 [0.023 - 0.051],0.148 [-0.354 - 0.559],-0.039 [-0.048 - -0.030],1.000 [1.000 - 1.000],0.905 [0.889 - 0.921],0.000 [0.000 - 0.000],0.000 [0.000 - 0.000],0.000 [0.000 - 0.000],,,,,,,,,,,
1,migraine,park_features,tabpfn,version_2-5-real,70_30,stratified,,,,0.070,0.080,2026-05-14 00:48:22,,0.567 [0.517 - 0.618],0.100 [0.072 - 0.139],0.067 [0.055 - 0.080],0.019 [0.007 - 0.034],0.633 [0.246 - 1.005],0.081 [0.019 - 0.147],0.296 [0.206 - 0.388],0.787 [0.765 - 0.808],0.117 [0.077 - 0.163],0.296 [0.206 - 0.388],0.167 [0.113 - 0.225],,,,,,,,,,,
1,migraine,park_features,tabpfn,version_2-5-real,80_20,chrono,,,,0.100,0.040,2026-05-14 00:48:34,,0.558 [0.397 - 0.748],0.081 [0.025 - 0.203],0.041 [0.020 - 0.066],0.019 [0.004 - 0.040],-0.158 [-10.985 - 1.871],0.048 [-0.060 - 0.269],1.000 [1.000 - 1.000],0.915 [0.876 - 0.949],0.084 [0.000 - 0.286],0.105 [0.000 - 0.375],0.089 [0.000 - 0.286],,,,,,,,,,,
1,migraine,park_features,tabpfn,version_2-5-real,80_20,patient,,,,0.090,0.040,2026-05-22 17:35:18,,0.521 [0.475 - 0.578],0.078 [0.060 - 0.100],0.071 [0.057 - 0.087],0.033 [0.017 - 0.050],-0.011 [-0.811 - 0.601],-0.008 [-0.058 - 0.065],1.000 [1.000 - 1.000],0.893 [0.872 - 0.912],0.064 [0.000 - 0.162],0.032 [0.000 - 0.083],0.042 [0.000 - 0.106],,,,,,,,,,,
1,migraine,park_features,tabpfn,version_2-5-real,80_20,stratified,,,,0.100,0.080,2026-05-14 00:48:48,,0.555 [0.499 - 0.609],0.094 [0.066 - 0.128],0.066 [0.052 - 0.081],0.019 [0.005 - 0.035],0.564 [0.047 - 0.988],0.085 [0.005 - 0.174],0.260 [0.155 - 0.361],0.877 [0.856 - 0.897],0.150 [0.070 - 0.235],0.152 [0.075 - 0.242],0.150 [0.074 - 0.233],,,,,,,,,,,
1,migraine,park_features,tabpfn,version_2-6,70_15_15,chrono,,,,0.100,0.040,2026-05-14 00:49:00,2026-05-14 01:11:28,0.604 [0.387 - 0.911],0.081 [0.015 - 0.213],0.037 [0.011 - 0.069],0.026 [0.009 - 0.050],-0.991 [-13.475 - 1.718],-0.047 [-0.078 - -0.022],1.000 [1.000 - 1.000],0.904 [0.853 - 0.949],0.000 [0.000 - 0.000],0.000 [0.000 - 0.000],0.000 [0.000 - 0.000],0.574 ± 0.080,0.103 ± 0.041,0.061 ± 0.015,0.019 ± 0.004,0.574 ± 1.105,0.078 ± 0.104,0.927 ± 0.123,0.690 ± 0.305,0.119 ± 0.084,0.409 ± 0.317,0.166 ± 0.098
1,migraine,park_features,tabpfn,version_2-6,70_15_15,patient,,,,0.050,0.040,2026-05-22 17:35:34,,0.531 [0.471 - 0.598],0.062 [0.042 - 0.088],0.053 [0.039 - 0.070],0.017 [0.006 - 0.034],0.090 [-0.918 - 0.768],0.043 [-0.036 - 0.130],1.000 [1.000 - 1.000],0.814 [0.783 - 0.842],0.079 [0.033 - 0.134],0.220 [0.097 - 0.355],0.115 [0.048 - 0.191],,,,,,,,,,,
1,migraine,park_features,tabpfn,version_2-6,70_15_15,stratified,,,,0.070,0.040,2026-05-14 00:49:12,,0.530 [0.469 - 0.594],0.089 [0.059 - 0.130],0.067 [0.050 - 0.085],0.018 [0.003 - 0.039],0.513 [-0.279 - 1.107],0.029 [-0.046 - 0.107],1.000 [1.000 - 1.000],0.792 [0.760 - 0.822],0.088 [0.042 - 0.141],0.204 [0.104 - 0.317],0.123 [0.061 - 0.190],,,,,,,,,,,
1,migraine,park_features,tabpfn,version_2-6,70_30,chrono,,,,0.110,0.040,2026-05-14 00:49:25,,0.633 [0.552 - 0.713],0.124 [0.068 - 0.199],0.060 [0.044 - 0.080],0.014 [0.003 - 0.033],1.116 [0.471 - 1.685],0.146 [0.022 - 0.281],1.000 [1.000 - 1.000],0.902 [0.878 - 0.925],0.216 [0.083 - 0.367],0.182 [0.069 - 0.314],0.196 [0.074 - 0.321],,,,,,,,,,,
1,migraine,park_features,tabpfn,version_2-6,70_30,patient,,,,0.180,0.040,2026-05-22 17:35:49,,0.541 [0.498 - 0.587],0.084 [0.067 - 0.104],0.073 [0.060 - 0.085],0.035 [0.021 - 0.049],0.147 [-0.366 - 0.564],-0.039 [-0.048 - -0.030],1.000 [1.000 - 1.000],0.905 [0.889 - 0.921],0.000 [0.000 - 0.000],0.000 [0.000 - 0.000],0.000 [0.000 - 0.000],,,,,,,,,,,
1,migraine,park_features,tabpfn,version_2-6,70_30,stratified,,,,0.070,0.080,2026-05-14 00:49:38,,0.567 [0.517 - 0.619],0.100 [0.072 - 0.139],0.067 [0.055 - 0.080],0.018 [0.006 - 0.033],0.660 [0.261 - 1.038],0.081 [0.019 - 0.147],0.275 [0.189 - 0.368],0.787 [0.765 - 0.808],0.117 [0.077 - 0.163],0.296 [0.206 - 0.388],0.167 [0.113 - 0.225],,,,,,,,,,,
1,migraine,park_features,tabpfn,version_2-6,80_20,chrono,,,,0.110,0.040,2026-05-14 00:49:54,,0.562 [0.397 - 0.759],0.086 [0.026 - 0.211],0.041 [0.020 - 0.066],0.020 [0.004 - 0.041],-0.177 [-11.395 - 1.911],0.048 [-0.060 - 0.269],1.000 [1.000 - 1.000],0.915 [0.876 - 0.949],0.084 [0.000 - 0.286],0.105 [0.000 - 0.375],0.089 [0.000 - 0.286],,,,,,,,,,,
1,migraine,park_features,tabpfn,version_2-6,80_20,patient,,,,0.090,0.040,2026-05-22 17:36:04,,0.521 [0.474 - 0.577],0.078 [0.059 - 0.100],0.071 [0.057 - 0.086],0.032 [0.017 - 0.050],0.044 [-0.676 - 0.649],-0.012 [-0.061 - 0.059],1.000 [1.000 - 1.000],0.890 [0.867 - 0.909],0.059 [0.000 - 0.154],0.032 [0.000 - 0.083],0.041 [0.000 - 0.103],,,,,,,,,,,
1,migraine,park_features,tabpfn,version_2-6,80_20,stratified,,,,0.110,0.080,2026-05-14 00:50:07,,0.556 [0.500 - 0.613],0.095 [0.066 - 0.130],0.066 [0.052 - 0.081],0.018 [0.004 - 0.033],0.604 [0.083 - 1.031],0.081 [0.002 - 0.168],0.260 [0.155 - 0.361],0.883 [0.863 - 0.903],0.152 [0.069 - 0.243],0.138 [0.061 - 0.226],0.143 [0.068 - 0.226],,,,,,,,,,,
1,migraine,park_features,tabpfn,version_3-binary,70_15_15,chrono,,,,0.120,0.040,2026-05-14 00:50:20,2026-05-14 01:11:40,0.580 [0.385 - 0.846],0.059 [0.015 - 0.138],0.037 [0.011 - 0.068],0.026 [0.009 - 0.051],-0.555 [-9.822 - 1.761],-0.047 [-0.078 - -0.022],1.000 [1.000 - 1.000],0.904 [0.853 - 0.949],0.000 [0.000 - 0.000],0.000 [0.000 - 0.000],0.000 [0.000 - 0.000],0.567 ± 0.082,0.098 ± 0.043,0.061 ± 0.015,0.020 ± 0.004,0.738 ± 0.767,0.079 ± 0.093,0.987 ± 0.019,0.684 ± 0.305,0.112 ± 0.072,0.419 ± 0.324,0.162 ± 0.093
1,migraine,park_features,tabpfn,version_3-binary,70_15_15,patient,,,,0.060,0.030,2026-05-22 17:36:21,,0.532 [0.471 - 0.599],0.062 [0.042 - 0.088],0.054 [0.039 - 0.070],0.020 [0.007 - 0.037],0.120 [-0.676 - 0.695],0.047 [-0.035 - 0.135],1.000 [1.000 - 1.000],0.819 [0.787 - 0.847],0.081 [0.033 - 0.138],0.220 [0.097 - 0.355],0.118 [0.050 - 0.194],,,,,,,,,,,
1,migraine,park_features,tabpfn,version_3-binary,70_15_15,stratified,,,,0.090,0.040,2026-05-14 00:50:33,,0.532 [0.470 - 0.598],0.097 [0.061 - 0.149],0.067 [0.050 - 0.085],0.019 [0.003 - 0.040],0.429 [-0.265 - 0.988],0.032 [-0.044 - 0.111],1.000 [1.000 - 1.000],0.797 [0.765 - 0.826],0.091 [0.043 - 0.145],0.204 [0.104 - 0.317],0.125 [0.062 - 0.193],,,,,,,,,,,
1,migraine,park_features,tabpfn,version_3-binary,70_30,chrono,,,,0.120,0.040,2026-05-23 17:20:45,,0.646 [0.559 - 0.735],0.126 [0.070 - 0.202],0.060 [0.044 - 0.080],0.014 [0.003 - 0.033],1.048 [0.423 - 1.616],0.146 [0.022 - 0.281],1.000 [1.000 - 1.000],0.902 [0.878 - 0.925],0.216 [0.083 - 0.367],0.182 [0.069 - 0.314],0.196 [0.074 - 0.321],,,,,,,,,,,
1,migraine,park_features,tabpfn,version_3-binary,70_30,patient,,,,0.160,0.030,2026-05-22 17:36:38,,0.492 [0.434 - 0.551],0.084 [0.065 - 0.107],0.073 [0.060 - 0.085],0.039 [0.025 - 0.053],0.195 [-0.255 - 0.576],-0.040 [-0.048 - -0.031],1.000 [1.000 - 1.000],0.904 [0.888 - 0.920],0.000 [0.000 - 0.000],0.000 [0.000 - 0.000],0.000 [0.000 - 0.000],,,,,,,,,,,
1,migraine,park_features,tabpfn,version_3-binary,70_30,stratified,,,,0.090,0.090,2026-05-14 00:50:59,,0.615 [0.567 - 0.664],0.106 [0.079 - 0.142],0.067 [0.055 - 0.081],0.019 [0.007 - 0.033],0.597 [0.227 - 0.958],0.081 [0.020 - 0.152],0.275 [0.189 - 0.368],0.801 [0.779 - 0.822],0.120 [0.077 - 0.167],0.275 [0.189 - 0.368],0.167 [0.110 - 0.227],,,,,,,,,,,
1,migraine,park_features,tabpfn,version_3-binary,80_20,chrono,,,,0.110,0.040,2026-05-14 00:51:13,,0.546 [0.397 - 0.725],0.068 [0.021 - 0.173],0.041 [0.020 - 0.066],0.020 [0.004 - 0.040],-0.041 [-7.749 - 1.709],0.048 [-0.060 - 0.269],1.000 [1.000 - 1.000],0.915 [0.876 - 0.949],0.084 [0.000 - 0.286],0.105 [0.000 - 0.375],0.089 [0.000 - 0.286],,,,,,,,,,,
1,migraine,park_features,tabpfn,version_3-binary,80_20,patient,,,,0.100,0.030,2026-05-22 17:36:56,,0.446 [0.378 - 0.522],0.074 [0.055 - 0.096],0.071 [0.057 - 0.087],0.033 [0.017 - 0.051],0.061 [-0.567 - 0.607],-0.022 [-0.056 - 0.040],1.000 [1.000 - 1.000],0.899 [0.879 - 0.918],0.041 [0.000 - 0.143],0.016 [0.000 - 0.053],0.023 [0.000 - 0.073],,,,,,,,,,,
1,migraine,park_features,tabpfn,version_3-binary,80_20,stratified,,,,0.120,0.090,2026-05-14 00:51:27,,0.618 [0.554 - 0.680],0.120 [0.079 - 0.174],0.066 [0.052 - 0.081],0.018 [0.004 - 0.033],0.574 [0.088 - 0.990],0.094 [0.011 - 0.183],0.260 [0.155 - 0.361],0.890 [0.871 - 0.909],0.169 [0.080 - 0.273],0.138 [0.061 - 0.226],0.151 [0.072 - 0.236],,,,,,,,,,,
1,migraine,park_features,tabpfn,version_3-default,70_15_15,chrono,,,,0.120,0.040,2026-05-22 22:16:05,2026-05-14 01:11:51,0.582 [0.385 - 0.847],0.060 [0.015 - 0.143],0.037 [0.011 - 0.068],0.025 [0.008 - 0.051],-0.819 [-12.413 - 1.799],-0.047 [-0.078 - -0.022],1.000 [1.000 - 1.000],0.904 [0.853 - 0.949],0.000 [0.000 - 0.000],0.000 [0.000 - 0.000],0.000 [0.000 - 0.000],0.564 ± 0.082,0.097 ± 0.043,0.061 ± 0.015,0.020 ± 0.004,0.579 ± 1.128,0.079 ± 0.093,0.987 ± 0.019,0.684 ± 0.305,0.112 ± 0.072,0.419 ± 0.324,0.162 ± 0.093
1,migraine,park_features,tabpfn,version_3-default,70_15_15,patient,,,,0.050,0.030,2026-05-22 17:37:13,,0.532 [0.471 - 0.599],0.062 [0.042 - 0.088],0.054 [0.039 - 0.070],0.020 [0.007 - 0.038],0.112 [-0.694 - 0.690],0.047 [-0.035 - 0.135],1.000 [1.000 - 1.000],0.819 [0.787 - 0.847],0.081 [0.033 - 0.138],0.220 [0.097 - 0.355],0.118 [0.050 - 0.194],,,,,,,,,,,
1,migraine,park_features,tabpfn,version_3-default,70_15_15,stratified,,,,0.060,0.040,2026-05-14 00:51:53,,0.533 [0.470 - 0.598],0.097 [0.061 - 0.149],0.067 [0.050 - 0.085],0.019 [0.003 - 0.040],0.437 [-0.291 - 1.011],0.040 [-0.039 - 0.122],1.000 [1.000 - 1.000],0.775 [0.740 - 0.805],0.093 [0.046 - 0.147],0.246 [0.127 - 0.364],0.135 [0.069 - 0.202],,,,,,,,,,,
1,migraine,park_features,tabpfn,version_3-default,70_30,chrono,,,,0.120,0.040,2026-05-14 00:52:06,,0.606 [0.500 - 0.701],0.119 [0.065 - 0.189],0.060 [0.044 - 0.080],0.014 [0.003 - 0.033],1.059 [0.424 - 1.647],0.146 [0.022 - 0.281],1.000 [1.000 - 1.000],0.902 [0.878 - 0.925],0.216 [0.083 - 0.367],0.182 [0.069 - 0.314],0.196 [0.074 - 0.321],,,,,,,,,,,
1,migraine,park_features,tabpfn,version_3-default,70_30,patient,,,,0.160,0.030,2026-05-23 17:24:29,,0.536 [0.495 - 0.583],0.082 [0.065 - 0.100],0.073 [0.060 - 0.085],0.039 [0.025 - 0.053],0.181 [-0.280 - 0.563],-0.040 [-0.048 - -0.031],1.000 [1.000 - 1.000],0.904 [0.888 - 0.920],0.000 [0.000 - 0.000],0.000 [0.000 - 0.000],0.000 [0.000 - 0.000],,,,,,,,,,,
1,migraine,park_features,tabpfn,version_3-default,70_30,stratified,,,,0.080,0.090,2026-05-14 00:52:19,,0.518 [0.457 - 0.576],0.096 [0.069 - 0.133],0.067 [0.055 - 0.081],0.019 [0.006 - 0.033],0.606 [0.231 - 0.969],0.081 [0.019 - 0.147],0.275 [0.189 - 0.368],0.787 [0.765 - 0.808],0.117 [0.077 - 0.163],0.296 [0.206 - 0.388],0.167 [0.113 - 0.225],,,,,,,,,,,
1,migraine,park_features,tabpfn,version_3-default,80_20,chrono,,,,0.110,0.040,2026-05-14 00:52:32,,0.547 [0.397 - 0.727],0.081 [0.021 - 0.220],0.041 [0.020 - 0.066],0.020 [0.004 - 0.041],-0.134 [-9.212 - 1.762],0.048 [-0.060 - 0.269],1.000 [1.000 - 1.000],0.915 [0.876 - 0.949],0.084 [0.000 - 0.286],0.105 [0.000 - 0.375],0.089 [0.000 - 0.286],,,,,,,,,,,
1,migraine,park_features,tabpfn,version_3-default,80_20,patient,,,,0.100,0.030,2026-05-22 17:37:47,,0.448 [0.379 - 0.525],0.076 [0.056 - 0.102],0.071 [0.057 - 0.087],0.033 [0.017 - 0.051],0.028 [-0.622 - 0.591],-0.022 [-0.056 - 0.040],1.000 [1.000 - 1.000],0.899 [0.879 - 0.918],0.041 [0.000 - 0.143],0.016 [0.000 - 0.053],0.023 [0.000 - 0.073],,,,,,,,,,,
1,migraine,park_features,tabpfn,version_3-default,80_20,stratified,,,,0.120,0.090,2026-05-23 17:22:26,,0.618 [0.554 - 0.680],0.119 [0.079 - 0.170],0.066 [0.052 - 0.081],0.018 [0.004 - 0.033],0.587 [0.087 - 1.006],0.094 [0.011 - 0.183],0.260 [0.155 - 0.361],0.890 [0.871 - 0.909],0.169 [0.080 - 0.273],0.138 [0.061 - 0.226],0.151 [0.072 - 0.236],,,,,,,,,,,
2,?,?,?,,?,,,,,,,,,,,,,,,,,,,,,,,,,,,,,,
