leaf_path,addition,header_duration_s,autogluon_runtime_s,span_s,training_log_basename,generated_ts,finished_ts,earliest_training_ts,latest_results_ts,n_training_logs,n_results_files,multi_day_gap,notes
0/headache/full_features/stacked_2xgb_meta_lr/70_15_15/chrono/HyperparameterTuned/pareto_AUROC_slope/auroc_max,0,336,,10519,training_20260515_161104_252_0b93e25a-811a-41be-8ff5-b1dc87a53f7c.txt,2026-05-15T16:11:04,2026-05-15T16:16:40,2026-05-15T16:08:40,2026-05-15T19:03:59,2,1,False,header-precise
0/headache/full_features/stacked_2xgb_meta_lr/70_15_15/chrono/HyperparameterTuned/pareto_AUROC_slope/knee,0,1,,10045,training_20260515_161642_087_d3d0df37-bd47-44a5-ba84-41a5ecff3706.txt,2026-05-15T16:16:42,2026-05-15T16:16:43,2026-05-15T16:16:42,2026-05-15T19:04:07,1,1,False,header-precise
0/headache/full_features/stacked_2xgb_meta_lr/70_15_15/chrono/HyperparameterTuned/pareto_AUROC_slope/slope_closest,0,2,,10050,training_20260515_161644_509_09083ccd-6401-419d-8c35-c3fb8f62db47.txt,2026-05-15T16:16:44,2026-05-15T16:16:46,2026-05-15T16:16:44,2026-05-15T19:04:14,1,1,False,header-precise
0/headache/full_features/stacked_2xgb_meta_lr/70_15_15/chrono/HyperparameterTuned/single_AUROC/HP020,0,329,,11955,training_20260515_161646_948_9e0c4ee8-7dba-45b0-a1a0-f4852397a204.txt,2026-05-15T16:16:46,2026-05-15T16:22:15,2026-05-15T15:45:07,2026-05-15T19:04:22,2,2,False,header-precise
0/headache/full_features/stacked_2xgb_meta_lr/70_15_15/chrono/HyperparameterTuned/single_AUROC/HP050,0,1,,9733,training_20260515_162216_179_f1ccd0d4-8c19-4854-b58b-f3340ef78823.txt,2026-05-15T16:22:16,2026-05-15T16:22:17,2026-05-15T16:22:16,2026-05-15T19:04:29,1,1,False,header-precise
0/headache/full_features/stacked_2xgb_meta_lr/70_15_15/chrono/HyperparameterTuned/single_AUROC/HP100,0,2,,9738,training_20260515_162218_752_a4c366c5-3fb9-4be3-9f81-dd77cdfb4cac.txt,2026-05-15T16:22:18,2026-05-15T16:22:20,2026-05-15T16:22:18,2026-05-15T19:04:36,1,1,False,header-precise
0/headache/full_features/stacked_2xgb_meta_lr/70_15_15/chrono/HyperparameterTuned/single_AUROC/HP200,0,1,,9742,training_20260515_162221_082_8fbf3d39-de25-4f5b-b03f-d897c1076a29.txt,2026-05-15T16:22:21,2026-05-15T16:22:22,2026-05-15T16:22:21,2026-05-15T19:04:43,1,1,False,header-precise
0/headache/full_features/stacked_2xgb_meta_lr/70_15_15/chrono/HyperparameterTuned/single_AUROC/HP500,0,2,,9747,training_20260515_162223_451_06963fd8-6ab8-42d1-b666-a034fecc2778.txt,2026-05-15T16:22:23,2026-05-15T16:22:25,2026-05-15T16:22:23,2026-05-15T19:04:50,1,1,False,header-precise
0/headache/full_features/stacked_2xgb_meta_lr/70_15_15/chrono/NonHP,0,1,,860109,training_20260515_162226_037_4adddf93-9b88-4a13-b775-6e9ee57c7738.txt,2026-05-15T16:22:26,2026-05-15T16:22:27,2026-05-13T00:07:25,2026-05-22T23:02:34,7,24,True,header-precise;multi_day_gap
0/headache/full_features/stacked_2xgb_meta_lr/70_15_15/patient/HyperparameterTuned/pareto_AUROC_slope/auroc_max,0,338,,345,training_20260522_173748_577_8aded700-6c5f-4111-8c31-aecba43bcd38.txt,2026-05-22T17:37:48,2026-05-22T17:43:26,2026-05-22T17:37:48,2026-05-22T17:43:33,1,1,False,header-precise
0/headache/full_features/stacked_2xgb_meta_lr/70_15_15/patient/HyperparameterTuned/pareto_AUROC_slope/knee,0,2,,10,training_20260522_174333_752_15673f44-f726-4214-b2eb-d9f016ce70d1.txt,2026-05-22T17:43:33,2026-05-22T17:43:35,2026-05-22T17:43:33,2026-05-22T17:43:43,1,1,False,header-precise
0/headache/full_features/stacked_2xgb_meta_lr/70_15_15/patient/HyperparameterTuned/pareto_AUROC_slope/slope_closest,0,2,,9,training_20260522_174343_669_b2fcd8a8-91ac-4158-ad8b-e34d9a9ad5f5.txt,2026-05-22T17:43:43,2026-05-22T17:43:45,2026-05-22T17:43:43,2026-05-22T17:43:52,1,1,False,header-precise
0/headache/full_features/stacked_2xgb_meta_lr/70_15_15/patient/HyperparameterTuned/single_AUROC/HP020,0,319,,326,training_20260522_174352_866_4e19c870-ff43-4af5-b385-6d966562c78b.txt,2026-05-22T17:43:52,2026-05-22T17:49:11,2026-05-22T17:43:52,2026-05-22T17:49:18,1,1,False,header-precise
0/headache/full_features/stacked_2xgb_meta_lr/70_15_15/patient/HyperparameterTuned/single_AUROC/HP050,0,2,,9,training_20260522_174919_513_a2108297-d4d2-45de-861f-ca22667617c8.txt,2026-05-22T17:49:19,2026-05-22T17:49:21,2026-05-22T17:49:19,2026-05-22T17:49:28,1,1,False,header-precise
0/headache/full_features/stacked_2xgb_meta_lr/70_15_15/patient/HyperparameterTuned/single_AUROC/HP100,0,2,,9,training_20260522_174928_804_258422cf-fdf5-4c35-8332-d9361fb21ca9.txt,2026-05-22T17:49:28,2026-05-22T17:49:30,2026-05-22T17:49:28,2026-05-22T17:49:37,1,1,False,header-precise
0/headache/full_features/stacked_2xgb_meta_lr/70_15_15/patient/HyperparameterTuned/single_AUROC/HP200,0,2,,8,training_20260522_174937_638_fc20bc38-b570-4d39-aa59-63909b9eb867.txt,2026-05-22T17:49:37,2026-05-22T17:49:39,2026-05-22T17:49:37,2026-05-22T17:49:45,1,1,False,header-precise
0/headache/full_features/stacked_2xgb_meta_lr/70_15_15/patient/HyperparameterTuned/single_AUROC/HP500,0,2,,9,training_20260522_174946_496_1b86c95e-b8fe-4eb7-977e-fe9258de12d4.txt,2026-05-22T17:49:46,2026-05-22T17:49:48,2026-05-22T17:49:46,2026-05-22T17:49:55,1,1,False,header-precise
0/headache/full_features/stacked_2xgb_meta_lr/70_15_15/patient/NonHP,0,1,,9,training_20260522_145657_066_a35b7969-c366-4817-8743-88b4fe07498a.txt,2026-05-22T14:56:57,2026-05-22T14:56:58,2026-05-22T14:56:57,2026-05-22T14:57:06,1,1,False,header-precise
0/headache/full_features/stacked_2xgb_meta_lr/70_15_15/stratified/HyperparameterTuned/pareto_AUROC_slope/auroc_max,0,328,,9756,training_20260515_162228_408_16f91fec-8017-4fdc-9110-18246135ec29.txt,2026-05-15T16:22:28,2026-05-15T16:27:56,2026-05-15T16:22:28,2026-05-15T19:05:04,1,1,False,header-precise
0/headache/full_features/stacked_2xgb_meta_lr/70_15_15/stratified/HyperparameterTuned/pareto_AUROC_slope/knee,0,2,,9434,training_20260515_162757_793_0abd13d1-6dbd-42cd-8891-f173e7b5d80d.txt,2026-05-15T16:27:57,2026-05-15T16:27:59,2026-05-15T16:27:57,2026-05-15T19:05:11,1,1,False,header-precise
0/headache/full_features/stacked_2xgb_meta_lr/70_15_15/stratified/HyperparameterTuned/pareto_AUROC_slope/slope_closest,0,1,,9438,training_20260515_162800_083_a2150006-46ff-4485-9cb4-f55fb3bb7c41.txt,2026-05-15T16:28:00,2026-05-15T16:28:01,2026-05-15T16:28:00,2026-05-15T19:05:18,1,1,False,header-precise
0/headache/full_features/stacked_2xgb_meta_lr/70_15_15/stratified/HyperparameterTuned/single_AUROC/HP020,0,330,,9444,training_20260515_162802_300_8a69de42-d08d-4fa2-a139-4e641a1ded75.txt,2026-05-15T16:28:02,2026-05-15T16:33:32,2026-05-15T16:28:02,2026-05-15T19:05:26,1,1,False,header-precise
0/headache/full_features/stacked_2xgb_meta_lr/70_15_15/stratified/HyperparameterTuned/single_AUROC/HP050,0,1,,9118,training_20260515_163334_097_a0552541-48fb-40ae-8eee-5ee91cd7b5c4.txt,2026-05-15T16:33:34,2026-05-15T16:33:35,2026-05-15T16:33:34,2026-05-15T19:05:32,1,1,False,header-precise
0/headache/full_features/stacked_2xgb_meta_lr/70_15_15/stratified/HyperparameterTuned/single_AUROC/HP100,0,2,,9124,training_20260515_163336_413_5966e56b-0fe9-41c3-bc93-0f01ac87ec06.txt,2026-05-15T16:33:36,2026-05-15T16:33:38,2026-05-15T16:33:36,2026-05-15T19:05:40,1,1,False,header-precise
0/headache/full_features/stacked_2xgb_meta_lr/70_15_15/stratified/HyperparameterTuned/single_AUROC/HP200,0,2,,1046524,training_20260515_163338_861_4f6964a1-955a-41b1-8a16-fb79cd397190.txt,2026-05-15T16:33:38,2026-05-15T16:33:40,2026-05-15T16:33:38,2026-05-27T19:15:42,1,4,True,header-precise;multi_day_gap
0/headache/full_features/stacked_2xgb_meta_lr/70_15_15/stratified/HyperparameterTuned/single_AUROC/HP500,0,1,,9133,training_20260515_163341_068_015b558b-3591-4a94-9e58-931b09cf9bd3.txt,2026-05-15T16:33:41,2026-05-15T16:33:42,2026-05-15T16:33:41,2026-05-15T19:05:54,1,1,False,header-precise
0/headache/full_features/stacked_2xgb_meta_lr/70_15_15/stratified/NonHP,0,1,,860127,training_20260515_163343_506_bfb1e02e-fec5-42ac-8c12-1b2670968773.txt,2026-05-15T16:33:43,2026-05-15T16:33:44,2026-05-13T00:07:28,2026-05-22T23:02:55,3,8,True,header-precise;multi_day_gap
0/headache/full_features/stacked_2xgb_meta_lr/70_30/chrono/HyperparameterTuned/pareto_AUROC_slope/auroc_max,0,332,,10828,training_20260515_163345_768_524beab8-0aab-4f62-9728-eb5568299b50.txt,2026-05-15T16:33:45,2026-05-15T16:39:17,2026-05-15T16:33:45,2026-05-15T19:34:13,1,1,False,header-precise
0/headache/full_features/stacked_2xgb_meta_lr/70_30/chrono/HyperparameterTuned/pareto_AUROC_slope/knee,0,2,,10495,training_20260515_163918_905_77295bfd-ea78-43df-be95-47d0c092733d.txt,2026-05-15T16:39:18,2026-05-15T16:39:20,2026-05-15T16:39:18,2026-05-15T19:34:13,1,1,False,header-precise
0/headache/full_features/stacked_2xgb_meta_lr/70_30/chrono/HyperparameterTuned/pareto_AUROC_slope/slope_closest,0,2,,10490,training_20260515_163921_506_9bc341ec-9268-4d53-9879-0c63128bc62b.txt,2026-05-15T16:39:21,2026-05-15T16:39:23,2026-05-15T16:39:21,2026-05-15T19:34:11,1,1,False,header-precise
0/headache/full_features/stacked_2xgb_meta_lr/70_30/chrono/HyperparameterTuned/single_AUROC/HP020,0,332,,1045456,training_20260515_163924_111_562db6ff-87d7-4d59-b0cd-a926acf00bb7.txt,2026-05-15T16:39:24,2026-05-15T16:44:56,2026-05-15T16:39:24,2026-05-27T19:03:40,1,5,True,header-precise;multi_day_gap
0/headache/full_features/stacked_2xgb_meta_lr/70_30/chrono/HyperparameterTuned/single_AUROC/HP050,0,2,,10156,training_20260515_164457_753_d35f4157-f4a0-4085-a3ac-aafa56464605.txt,2026-05-15T16:44:57,2026-05-15T16:44:59,2026-05-15T16:44:57,2026-05-15T19:34:13,1,1,False,header-precise
0/headache/full_features/stacked_2xgb_meta_lr/70_30/chrono/HyperparameterTuned/single_AUROC/HP100,0,1,,10154,training_20260515_164500_060_18842b58-aa55-4fec-b12b-7cf8969d2e60.txt,2026-05-15T16:45:00,2026-05-15T16:45:01,2026-05-15T16:45:00,2026-05-15T19:34:14,1,1,False,header-precise
0/headache/full_features/stacked_2xgb_meta_lr/70_30/chrono/HyperparameterTuned/single_AUROC/HP200,0,2,,10152,training_20260515_164502_666_30125ec3-168d-4e99-8b3a-17f2599dc226.txt,2026-05-15T16:45:02,2026-05-15T16:45:04,2026-05-15T16:45:02,2026-05-15T19:34:14,1,1,False,header-precise
0/headache/full_features/stacked_2xgb_meta_lr/70_30/chrono/HyperparameterTuned/single_AUROC/HP500,0,1,,10148,training_20260515_164505_073_4ec64660-5b5f-405b-836a-c79c435d7a7b.txt,2026-05-15T16:45:05,2026-05-15T16:45:06,2026-05-15T16:45:05,2026-05-15T19:34:13,1,1,False,header-precise
0/headache/full_features/stacked_2xgb_meta_lr/70_30/chrono/NonHP,0,1,,242840,training_20260515_164507_497_6c6f6f5f-39e7-4bb9-ac4b-224a2d8aabc4.txt,2026-05-15T16:45:07,2026-05-15T16:45:08,2026-05-13T00:07:30,2026-05-15T19:34:50,3,7,True,header-precise;multi_day_gap
0/headache/full_features/stacked_2xgb_meta_lr/70_30/patient/HyperparameterTuned/pareto_AUROC_slope/auroc_max,0,304,,313,training_20260522_174955_938_43fd5017-a108-4ba7-a024-5b09ffeca326.txt,2026-05-22T17:49:55,2026-05-22T17:54:59,2026-05-22T17:49:55,2026-05-22T17:55:08,1,1,False,header-precise
0/headache/full_features/stacked_2xgb_meta_lr/70_30/patient/HyperparameterTuned/pareto_AUROC_slope/knee,0,1,,9,training_20260522_175509_316_4b94c54d-a840-4b77-a177-30545d8f36b1.txt,2026-05-22T17:55:09,2026-05-22T17:55:10,2026-05-22T17:55:09,2026-05-22T17:55:18,1,1,False,header-precise
0/headache/full_features/stacked_2xgb_meta_lr/70_30/patient/HyperparameterTuned/pareto_AUROC_slope/slope_closest,0,1,,10,training_20260522_175519_151_dd0e5ce9-eda4-417d-81cd-3a440f756522.txt,2026-05-22T17:55:19,2026-05-22T17:55:20,2026-05-22T17:55:19,2026-05-22T17:55:29,1,1,False,header-precise
0/headache/full_features/stacked_2xgb_meta_lr/70_30/patient/HyperparameterTuned/single_AUROC/HP020,0,315,,323,training_20260522_175529_841_a359e7e9-1026-47c6-aa21-a2f2df231bf9.txt,2026-05-22T17:55:29,2026-05-22T18:00:44,2026-05-22T17:55:29,2026-05-22T18:00:52,1,1,False,header-precise
0/headache/full_features/stacked_2xgb_meta_lr/70_30/patient/HyperparameterTuned/single_AUROC/HP050,0,1,,10,training_20260522_180053_237_869af618-d7ef-4dc3-88f2-d571c2ff586e.txt,2026-05-22T18:00:53,2026-05-22T18:00:54,2026-05-22T18:00:53,2026-05-22T18:01:03,1,1,False,header-precise
0/headache/full_features/stacked_2xgb_meta_lr/70_30/patient/HyperparameterTuned/single_AUROC/HP100,0,1,,10,training_20260522_180104_178_dd9bdc87-c8b6-4d51-aa1b-4af19933e2f5.txt,2026-05-22T18:01:04,2026-05-22T18:01:05,2026-05-22T18:01:04,2026-05-22T18:01:14,1,1,False,header-precise
0/headache/full_features/stacked_2xgb_meta_lr/70_30/patient/HyperparameterTuned/single_AUROC/HP200,0,2,,9,training_20260522_180114_910_6fec91c1-cd2a-4525-a35a-6a342a047216.txt,2026-05-22T18:01:14,2026-05-22T18:01:16,2026-05-22T18:01:14,2026-05-22T18:01:23,1,1,False,header-precise
0/headache/full_features/stacked_2xgb_meta_lr/70_30/patient/HyperparameterTuned/single_AUROC/HP500,0,2,,10,training_20260522_180124_547_0aa886db-24a7-4785-8f4f-56a5dcca288f.txt,2026-05-22T18:01:24,2026-05-22T18:01:26,2026-05-22T18:01:24,2026-05-22T18:01:34,1,1,False,header-precise
0/headache/full_features/stacked_2xgb_meta_lr/70_30/patient/NonHP,0,2,,11,training_20260522_145901_765_5ade927f-4445-4fa4-829f-9580e468a436.txt,2026-05-22T14:59:01,2026-05-22T14:59:03,2026-05-22T14:59:01,2026-05-22T14:59:12,1,1,False,header-precise
0/headache/full_features/stacked_2xgb_meta_lr/70_30/stratified/HyperparameterTuned/pareto_AUROC_slope/auroc_max,0,369,,10189,training_20260515_164509_803_945e4976-89f4-4d39-882c-bd3f43730678.txt,2026-05-15T16:45:09,2026-05-15T16:51:18,2026-05-15T16:45:09,2026-05-15T19:34:58,1,1,False,header-precise
0/headache/full_features/stacked_2xgb_meta_lr/70_30/stratified/HyperparameterTuned/pareto_AUROC_slope/knee,0,1,,9819,training_20260515_165120_001_1d794f8d-a07b-4a04-889f-08ccaa647641.txt,2026-05-15T16:51:20,2026-05-15T16:51:21,2026-05-15T16:51:20,2026-05-15T19:34:59,1,1,False,header-precise
0/headache/full_features/stacked_2xgb_meta_lr/70_30/stratified/HyperparameterTuned/pareto_AUROC_slope/slope_closest,0,2,,9815,training_20260515_165122_690_388e8d6c-4ca5-434c-9368-730218816c8c.txt,2026-05-15T16:51:22,2026-05-15T16:51:24,2026-05-15T16:51:22,2026-05-15T19:34:57,1,1,False,header-precise
0/headache/full_features/stacked_2xgb_meta_lr/70_30/stratified/HyperparameterTuned/single_AUROC/HP020,0,326,,9816,training_20260515_165125_316_d53ceb2a-2abb-40b8-92d7-0c1b4774fcd0.txt,2026-05-15T16:51:25,2026-05-15T16:56:51,2026-05-15T16:51:25,2026-05-15T19:35:01,1,1,False,header-precise
0/headache/full_features/stacked_2xgb_meta_lr/70_30/stratified/HyperparameterTuned/single_AUROC/HP050,0,2,,9485,training_20260515_165653_240_516bc025-f73a-420e-b17a-b631d8d492cb.txt,2026-05-15T16:56:53,2026-05-15T16:56:55,2026-05-15T16:56:53,2026-05-15T19:34:58,1,1,False,header-precise
0/headache/full_features/stacked_2xgb_meta_lr/70_30/stratified/HyperparameterTuned/single_AUROC/HP100,0,1,,9483,training_20260515_165656_031_f35b25b6-1c86-422b-81c1-5546b11a7b4f.txt,2026-05-15T16:56:56,2026-05-15T16:56:57,2026-05-15T16:56:56,2026-05-15T19:34:59,1,1,False,header-precise
0/headache/full_features/stacked_2xgb_meta_lr/70_30/stratified/HyperparameterTuned/single_AUROC/HP200,0,2,,9480,training_20260515_165658_742_ae9b0c78-f0d2-4be8-b011-77918bf8f6e8.txt,2026-05-15T16:56:58,2026-05-15T16:57:00,2026-05-15T16:56:58,2026-05-15T19:34:58,1,1,False,header-precise
0/headache/full_features/stacked_2xgb_meta_lr/70_30/stratified/HyperparameterTuned/single_AUROC/HP500,0,2,,9506,training_20260515_165701_365_59e4dbd9-a91f-4841-892d-a9d6f1403f4b.txt,2026-05-15T16:57:01,2026-05-15T16:57:03,2026-05-15T16:57:01,2026-05-15T19:35:27,1,1,False,header-precise
0/headache/full_features/stacked_2xgb_meta_lr/70_30/stratified/NonHP,0,1,,242894,training_20260515_165704_002_bd795109-aa37-47d6-930a-92044b6f15ea.txt,2026-05-15T16:57:04,2026-05-15T16:57:05,2026-05-13T00:07:32,2026-05-15T19:35:46,3,6,True,header-precise;multi_day_gap
0/headache/full_features/stacked_2xgb_meta_lr/80_20/chrono/HyperparameterTuned/pareto_AUROC_slope/auroc_max,0,335,,9506,training_20260515_165706_266_c154dcbf-c1d1-469d-88fa-25e32a90af69.txt,2026-05-15T16:57:06,2026-05-15T17:02:41,2026-05-15T16:57:06,2026-05-15T19:35:32,1,1,False,header-precise
0/headache/full_features/stacked_2xgb_meta_lr/80_20/chrono/HyperparameterTuned/pareto_AUROC_slope/knee,0,1,,9169,training_20260515_170242_485_7593ccad-440d-480e-9279-8a0a750f1c0a.txt,2026-05-15T17:02:42,2026-05-15T17:02:43,2026-05-15T17:02:42,2026-05-15T19:35:31,1,1,False,header-precise
0/headache/full_features/stacked_2xgb_meta_lr/80_20/chrono/HyperparameterTuned/pareto_AUROC_slope/slope_closest,0,2,,9168,training_20260515_170244_827_d5d73f3a-8097-4796-8a58-18d796ca0016.txt,2026-05-15T17:02:44,2026-05-15T17:02:46,2026-05-15T17:02:44,2026-05-15T19:35:32,1,1,False,header-precise
0/headache/full_features/stacked_2xgb_meta_lr/80_20/chrono/HyperparameterTuned/single_AUROC/HP020,0,326,,9165,training_20260515_170247_320_d1b3a523-d45f-4c8a-93b8-312ad4c9cc97.txt,2026-05-15T17:02:47,2026-05-15T17:08:13,2026-05-15T17:02:47,2026-05-15T19:35:32,1,1,False,header-precise
0/headache/full_features/stacked_2xgb_meta_lr/80_20/chrono/HyperparameterTuned/single_AUROC/HP050,0,2,,8838,training_20260515_170814_886_d759ab76-af9d-40f2-a9c7-6586e550cffb.txt,2026-05-15T17:08:14,2026-05-15T17:08:16,2026-05-15T17:08:14,2026-05-15T19:35:32,1,1,False,header-precise
0/headache/full_features/stacked_2xgb_meta_lr/80_20/chrono/HyperparameterTuned/single_AUROC/HP100,0,2,,8836,training_20260515_170817_408_1ae8696d-6bf9-43ff-a431-4c6b6e411bbc.txt,2026-05-15T17:08:17,2026-05-15T17:08:19,2026-05-15T17:08:17,2026-05-15T19:35:33,1,1,False,header-precise
0/headache/full_features/stacked_2xgb_meta_lr/80_20/chrono/HyperparameterTuned/single_AUROC/HP200,0,2,,8861,training_20260515_170819_964_55e6708a-ddfa-496d-b8c5-8a2143539428.txt,2026-05-15T17:08:19,2026-05-15T17:08:21,2026-05-15T17:08:19,2026-05-15T19:36:00,1,1,False,header-precise
0/headache/full_features/stacked_2xgb_meta_lr/80_20/chrono/HyperparameterTuned/single_AUROC/HP500,0,1,,8866,training_20260515_170822_284_2565c713-7915-40fe-8144-ff1bf1ef275b.txt,2026-05-15T17:08:22,2026-05-15T17:08:23,2026-05-15T17:08:22,2026-05-15T19:36:08,1,1,False,header-precise
0/headache/full_features/stacked_2xgb_meta_lr/80_20/chrono/NonHP,0,1,,242914,training_20260515_170824_580_8317b22c-9f8d-4c98-9e8a-c81a1e4bf6b3.txt,2026-05-15T17:08:24,2026-05-15T17:08:25,2026-05-13T00:07:35,2026-05-15T19:36:09,3,6,True,header-precise;multi_day_gap
0/headache/full_features/stacked_2xgb_meta_lr/80_20/patient/HyperparameterTuned/pareto_AUROC_slope/auroc_max,0,314,,323,training_20260522_180134_756_1935df1c-5f3c-4cd4-a503-6b124ef6b950.txt,2026-05-22T18:01:34,2026-05-22T18:06:48,2026-05-22T18:01:34,2026-05-22T18:06:57,1,1,False,header-precise
0/headache/full_features/stacked_2xgb_meta_lr/80_20/patient/HyperparameterTuned/pareto_AUROC_slope/knee,0,1,,9,training_20260522_180658_332_21ebb4a7-7ff9-48af-ac13-ca2c06083df4.txt,2026-05-22T18:06:58,2026-05-22T18:06:59,2026-05-22T18:06:58,2026-05-22T18:07:07,1,1,False,header-precise
0/headache/full_features/stacked_2xgb_meta_lr/80_20/patient/HyperparameterTuned/pareto_AUROC_slope/slope_closest,0,1,,9,training_20260522_180708_190_5ef26286-be81-4104-b410-46939925e1e1.txt,2026-05-22T18:07:08,2026-05-22T18:07:09,2026-05-22T18:07:08,2026-05-22T18:07:17,1,1,False,header-precise
0/headache/full_features/stacked_2xgb_meta_lr/80_20/patient/HyperparameterTuned/single_AUROC/HP020,0,318,,436805,training_20260522_180718_222_93efdef8-281f-4cc7-99cb-52f2290b7f69.txt,2026-05-22T18:07:18,2026-05-22T18:12:36,2026-05-22T18:07:18,2026-05-27T19:27:23,1,4,True,header-precise;multi_day_gap
0/headache/full_features/stacked_2xgb_meta_lr/80_20/patient/HyperparameterTuned/single_AUROC/HP050,0,2,,10,training_20260522_181246_408_3a2cabe2-ae88-4504-bca7-e4ae6f9ff076.txt,2026-05-22T18:12:46,2026-05-22T18:12:48,2026-05-22T18:12:46,2026-05-22T18:12:56,1,1,False,header-precise
0/headache/full_features/stacked_2xgb_meta_lr/80_20/patient/HyperparameterTuned/single_AUROC/HP100,0,1,,10,training_20260522_181257_054_4d6375ca-891a-4e8d-b12c-b6ea8522567b.txt,2026-05-22T18:12:57,2026-05-22T18:12:58,2026-05-22T18:12:57,2026-05-22T18:13:07,1,1,False,header-precise
0/headache/full_features/stacked_2xgb_meta_lr/80_20/patient/HyperparameterTuned/single_AUROC/HP200,0,2,,10,training_20260522_181307_701_89a46939-20cd-4e1d-80e0-bcab45ff5c3d.txt,2026-05-22T18:13:07,2026-05-22T18:13:09,2026-05-22T18:13:07,2026-05-22T18:13:17,1,1,False,header-precise
0/headache/full_features/stacked_2xgb_meta_lr/80_20/patient/HyperparameterTuned/single_AUROC/HP500,0,2,,10,training_20260522_181317_909_0f26741e-3d8b-428d-b279-4fa18f01f567.txt,2026-05-22T18:13:17,2026-05-22T18:13:19,2026-05-22T18:13:17,2026-05-22T18:13:27,1,1,False,header-precise
0/headache/full_features/stacked_2xgb_meta_lr/80_20/patient/NonHP,0,1,,11,training_20260522_145913_020_d1c9d28f-715e-4de2-9b07-c632d266b769.txt,2026-05-22T14:59:13,2026-05-22T14:59:14,2026-05-22T14:59:13,2026-05-22T14:59:24,1,1,False,header-precise
0/headache/full_features/stacked_2xgb_meta_lr/80_20/stratified/HyperparameterTuned/pareto_AUROC_slope/auroc_max,0,356,,8866,training_20260515_170826_809_716c8db6-9a0e-4578-a977-90a28c4d0948.txt,2026-05-15T17:08:26,2026-05-15T17:14:22,2026-05-15T17:08:26,2026-05-15T19:36:12,1,1,False,header-precise
0/headache/full_features/stacked_2xgb_meta_lr/80_20/stratified/HyperparameterTuned/pareto_AUROC_slope/knee,0,2,,8508,training_20260515_171423_882_469d2e3c-e1d9-4297-84ef-7c3e5034609c.txt,2026-05-15T17:14:23,2026-05-15T17:14:25,2026-05-15T17:14:23,2026-05-15T19:36:11,1,1,False,header-precise
0/headache/full_features/stacked_2xgb_meta_lr/80_20/stratified/HyperparameterTuned/pareto_AUROC_slope/slope_closest,0,2,,8505,training_20260515_171426_620_bb2d6c1e-6bcf-400b-9249-3c0ab6baaddf.txt,2026-05-15T17:14:26,2026-05-15T17:14:28,2026-05-15T17:14:26,2026-05-15T19:36:11,1,1,False,header-precise
0/headache/full_features/stacked_2xgb_meta_lr/80_20/stratified/HyperparameterTuned/single_AUROC/HP020,0,327,,8505,training_20260515_171429_393_06b68ec3-a963-42fe-a1f8-a42c01ac0d51.txt,2026-05-15T17:14:29,2026-05-15T17:19:56,2026-05-15T17:14:29,2026-05-15T19:36:14,1,1,False,header-precise
0/headache/full_features/stacked_2xgb_meta_lr/80_20/stratified/HyperparameterTuned/single_AUROC/HP050,0,1,,8189,training_20260515_171957_389_b065935f-3676-4f22-ab61-b3b968039905.txt,2026-05-15T17:19:57,2026-05-15T17:19:58,2026-05-15T17:19:57,2026-05-15T19:36:26,1,1,False,header-precise
0/headache/full_features/stacked_2xgb_meta_lr/80_20/stratified/HyperparameterTuned/single_AUROC/HP100,0,2,,8200,training_20260515_171959_739_c2d8f32a-218f-4c0c-b71f-4c8e9420f82e.txt,2026-05-15T17:19:59,2026-05-15T17:20:01,2026-05-15T17:19:59,2026-05-15T19:36:39,1,1,False,header-precise
0/headache/full_features/stacked_2xgb_meta_lr/80_20/stratified/HyperparameterTuned/single_AUROC/HP200,0,1,,8208,training_20260515_172002_322_55c98f72-dca8-465d-8de6-03fdd1b51157.txt,2026-05-15T17:20:02,2026-05-15T17:20:03,2026-05-15T17:20:02,2026-05-15T19:36:50,1,1,False,header-precise
0/headache/full_features/stacked_2xgb_meta_lr/80_20/stratified/HyperparameterTuned/single_AUROC/HP500,0,2,,8207,training_20260515_172004_678_e25250f7-80f7-4a91-b0de-b79bf3625bf5.txt,2026-05-15T17:20:04,2026-05-15T17:20:06,2026-05-15T17:20:04,2026-05-15T19:36:51,1,1,False,header-precise
0/headache/full_features/stacked_2xgb_meta_lr/80_20/stratified/NonHP,0,1,,242958,training_20260515_192051_019_ba6881dc-4adc-4b7e-b127-fd02f56bc467.txt,2026-05-15T19:20:51,2026-05-15T19:20:52,2026-05-13T00:07:37,2026-05-15T19:36:55,4,6,True,header-precise;multi_day_gap
0/headache/no_rolling_features/stacked_2xgb_meta_lr/70_15_15/chrono/NonHP,0,1,,860221,training_20260515_172008_127_8b1a6255-0771-4fe4-9378-2eb53fb80110.txt,2026-05-15T17:20:08,2026-05-15T17:20:09,2026-05-13T00:07:39,2026-05-22T23:04:40,9,19,True,header-precise;multi_day_gap
0/headache/no_rolling_features/stacked_2xgb_meta_lr/70_15_15/patient/NonHP,0,1,,11,training_20260522_145925_005_63f44b38-dfa8-4ca3-8304-cbf2c02c3e2a.txt,2026-05-22T14:59:25,2026-05-22T14:59:26,2026-05-22T14:59:25,2026-05-22T14:59:36,1,1,False,header-precise
0/headache/no_rolling_features/stacked_2xgb_meta_lr/70_15_15/stratified/NonHP,0,1,,1281048,training_20260515_172010_127_e9b76775-d8ae-42e4-8b1c-e87de122a166.txt,2026-05-15T17:20:10,2026-05-15T17:20:11,2026-05-13T00:07:41,2026-05-27T19:58:29,3,9,True,header-precise;multi_day_gap
0/headache/no_rolling_features/stacked_2xgb_meta_lr/70_30/chrono/NonHP,0,1,,1280173,training_20260515_192053_343_d3268d4e-2e4e-4e50-b08c-138701eaf4f3.txt,2026-05-15T19:20:53,2026-05-15T19:20:54,2026-05-13T00:07:43,2026-05-27T19:43:56,4,9,True,header-precise;multi_day_gap
0/headache/no_rolling_features/stacked_2xgb_meta_lr/70_30/patient/NonHP,0,1,,10,training_20260522_145937_104_16facb02-5f37-4ee3-a01b-999bdbcd3a03.txt,2026-05-22T14:59:37,2026-05-22T14:59:38,2026-05-22T14:59:37,2026-05-22T14:59:47,1,1,False,header-precise
0/headache/no_rolling_features/stacked_2xgb_meta_lr/70_30/stratified/NonHP,0,1,,241150,training_20260515_172013_297_5cacc4da-b80b-40bd-aa06-d326a435d6eb.txt,2026-05-15T17:20:13,2026-05-15T17:20:14,2026-05-13T00:07:45,2026-05-15T19:06:55,3,6,True,header-precise;multi_day_gap
0/headache/no_rolling_features/stacked_2xgb_meta_lr/80_20/chrono/NonHP,0,1,,241156,training_20260515_172015_273_56531f58-36bf-42e6-ab74-fe703db9648a.txt,2026-05-15T17:20:15,2026-05-15T17:20:16,2026-05-13T00:07:47,2026-05-15T19:07:03,3,6,True,header-precise;multi_day_gap
0/headache/no_rolling_features/stacked_2xgb_meta_lr/80_20/patient/NonHP,0,1,,449957,training_20260522_145947_668_02df2f99-a544-4131-ae8e-334b1c5dbeb5.txt,2026-05-22T14:59:47,2026-05-22T14:59:48,2026-05-22T14:59:47,2026-05-27T19:59:04,1,4,True,header-precise;multi_day_gap
0/headache/no_rolling_features/stacked_2xgb_meta_lr/80_20/stratified/NonHP,0,1,,241161,training_20260515_172017_394_38c6af93-2841-4ff0-9997-bdd921e88c41.txt,2026-05-15T17:20:17,2026-05-15T17:20:18,2026-05-13T00:07:50,2026-05-15T19:07:11,3,6,True,header-precise;multi_day_gap
0/headache/spano_features/blended_xgb_lr_spano2026/70_15_15/chrono/NonHP,0,7,,241166,training_20260515_172019_503_86b7fbe6-676b-4618-8e12-5722698441a4.txt,2026-05-15T17:20:19,2026-05-15T17:20:26,2026-05-13T00:07:52,2026-05-15T19:07:18,8,14,True,header-precise;multi_day_gap
0/headache/spano_features/stacked_2xgb_meta_lr/70_15_15/chrono/NonHP,0,1,,241168,training_20260515_172027_215_94b9d9d6-3f5a-47d6-ad32-6c78bf0a4cda.txt,2026-05-15T17:20:27,2026-05-15T17:20:28,2026-05-13T00:07:58,2026-05-15T19:07:26,7,12,True,header-precise;multi_day_gap
0/headache/spano_features/stacked_2xgb_meta_lr/70_15_15/patient/NonHP,0,2,,9,training_20260522_145958_841_35db50a8-fe11-43b7-a3c3-76c42b3004e4.txt,2026-05-22T14:59:58,2026-05-22T15:00:00,2026-05-22T14:59:58,2026-05-22T15:00:07,1,1,False,header-precise
0/headache/spano_features/stacked_2xgb_meta_lr/70_15_15/stratified/NonHP,0,1,,1279267,training_20260515_172029_229_d31e0096-3aac-4231-b6ee-6875894686c1.txt,2026-05-15T17:20:29,2026-05-15T17:20:30,2026-05-13T00:08:00,2026-05-27T19:29:07,3,9,True,header-precise;multi_day_gap
0/headache/spano_features/stacked_2xgb_meta_lr/70_30/chrono/NonHP,0,1,,1279207,training_20260515_172031_219_af26de47-7c7e-4696-970b-044024de34e5.txt,2026-05-15T17:20:31,2026-05-15T17:20:32,2026-05-13T00:08:02,2026-05-27T19:28:09,3,8,True,header-precise;multi_day_gap
0/headache/spano_features/stacked_2xgb_meta_lr/70_30/patient/NonHP,0,2,,448172,training_20260522_150007_901_bc488e64-0ca1-4936-9dc3-609f5f27c1f3.txt,2026-05-22T15:00:07,2026-05-22T15:00:09,2026-05-22T15:00:07,2026-05-27T19:29:39,1,4,True,header-precise;multi_day_gap
0/headache/spano_features/stacked_2xgb_meta_lr/70_30/stratified/NonHP,0,1,,241185,training_20260515_172033_405_3d9adefa-615b-4ea8-8ff9-68d920b7620b.txt,2026-05-15T17:20:33,2026-05-15T17:20:34,2026-05-13T00:08:04,2026-05-15T19:07:49,3,5,True,header-precise;multi_day_gap
0/headache/spano_features/stacked_2xgb_meta_lr/80_20/chrono/NonHP,0,1,,241191,training_20260515_172035_459_d91b0492-dcca-4363-8d14-374652983677.txt,2026-05-15T17:20:35,2026-05-15T17:20:36,2026-05-13T00:08:06,2026-05-15T19:07:57,3,5,True,header-precise;multi_day_gap
0/headache/spano_features/stacked_2xgb_meta_lr/80_20/patient/NonHP,0,1,,11,training_20260522_150018_556_3e8ab2c4-e567-4b9b-bc30-5d6ce64fe304.txt,2026-05-22T15:00:18,2026-05-22T15:00:19,2026-05-22T15:00:18,2026-05-22T15:00:29,1,1,False,header-precise
0/headache/spano_features/stacked_2xgb_meta_lr/80_20/stratified/NonHP,0,1,,861703,training_20260515_172037_499_c6e7ff2f-c778-4dc1-bd4f-65312620876d.txt,2026-05-15T17:20:37,2026-05-15T17:20:38,2026-05-13T00:08:08,2026-05-22T23:29:51,3,6,True,header-precise;multi_day_gap
0/migraine/full_features/stacked_2xgb_meta_lr/70_15_15/chrono/HyperparameterTuned/pareto_AUPRC_slope/auprc_max,0,362,,6500,training_20260515_172039_538_3d3b2cb1-be4f-4f4d-b8db-7cc01ee383b6.txt,2026-05-15T17:20:39,2026-05-15T17:26:41,2026-05-15T17:20:39,2026-05-15T19:08:59,1,1,False,header-precise
0/migraine/full_features/stacked_2xgb_meta_lr/70_15_15/chrono/HyperparameterTuned/pareto_AUPRC_slope/knee,0,1,,6145,training_20260515_172642_319_5cf80262-4bb7-4f4d-a45b-8a8488654c9e.txt,2026-05-15T17:26:42,2026-05-15T17:26:43,2026-05-15T17:26:42,2026-05-15T19:09:07,1,1,False,header-precise
0/migraine/full_features/stacked_2xgb_meta_lr/70_15_15/chrono/HyperparameterTuned/pareto_AUPRC_slope/slope_closest,0,2,,6150,training_20260515_172644_698_fe28c81b-e4ed-4ee7-9bc5-74eb73a94f61.txt,2026-05-15T17:26:44,2026-05-15T17:26:46,2026-05-15T17:26:44,2026-05-15T19:09:14,1,1,False,header-precise
0/migraine/full_features/stacked_2xgb_meta_lr/70_15_15/chrono/HyperparameterTuned/pareto_AUROC_slope/auroc_max,0,359,,6155,training_20260515_172647_043_490ba63b-7107-48c0-b930-43dfe5a26feb.txt,2026-05-15T17:26:47,2026-05-15T17:32:46,2026-05-15T17:26:47,2026-05-15T19:09:22,1,1,False,header-precise
0/migraine/full_features/stacked_2xgb_meta_lr/70_15_15/chrono/HyperparameterTuned/pareto_AUROC_slope/knee,0,2,,5802,training_20260515_173247_788_eb557f8e-1863-458a-8a74-01514ecbbf63.txt,2026-05-15T17:32:47,2026-05-15T17:32:49,2026-05-15T17:32:47,2026-05-15T19:09:29,1,1,False,header-precise
0/migraine/full_features/stacked_2xgb_meta_lr/70_15_15/chrono/HyperparameterTuned/pareto_AUROC_slope/slope_closest,0,1,,5808,training_20260515_173250_040_50f731f3-95ac-4868-b404-fcda41d2d444.txt,2026-05-15T17:32:50,2026-05-15T17:32:51,2026-05-15T17:32:50,2026-05-15T19:09:38,1,1,False,header-precise
0/migraine/full_features/stacked_2xgb_meta_lr/70_15_15/chrono/HyperparameterTuned/single_AUROC/HP020,0,354,,5813,training_20260515_173252_438_bf3ce95d-1417-4fc2-87e1-4b2d8499ed87.txt,2026-05-15T17:32:52,2026-05-15T17:38:46,2026-05-15T17:32:52,2026-05-15T19:09:45,1,1,False,header-precise
0/migraine/full_features/stacked_2xgb_meta_lr/70_15_15/chrono/HyperparameterTuned/single_AUROC/HP050,0,2,,5465,training_20260515_173847_964_df80109d-9e76-4f92-893f-4ba0fefd525e.txt,2026-05-15T17:38:47,2026-05-15T17:38:49,2026-05-15T17:38:47,2026-05-15T19:09:52,1,1,False,header-precise
0/migraine/full_features/stacked_2xgb_meta_lr/70_15_15/chrono/HyperparameterTuned/single_AUROC/HP100,0,2,,5468,training_20260515_173850_572_761b1895-a54c-4f4f-9f49-09aa3a926499.txt,2026-05-15T17:38:50,2026-05-15T17:38:52,2026-05-15T17:38:50,2026-05-15T19:09:58,1,1,False,header-precise
0/migraine/full_features/stacked_2xgb_meta_lr/70_15_15/chrono/HyperparameterTuned/single_AUROC/HP200,0,1,,5474,training_20260515_173853_049_1bf67944-5fee-4efc-826f-62e0818e3e04.txt,2026-05-15T17:38:53,2026-05-15T17:38:54,2026-05-15T17:38:53,2026-05-15T19:10:07,1,1,False,header-precise
0/migraine/full_features/stacked_2xgb_meta_lr/70_15_15/chrono/HyperparameterTuned/single_AUROC/HP500,0,1,,5479,training_20260515_173855_408_00d71bc2-8ee1-435a-9a7d-29c955b00aef.txt,2026-05-15T17:38:55,2026-05-15T17:38:56,2026-05-15T17:38:55,2026-05-15T19:10:14,1,1,False,header-precise
0/migraine/full_features/stacked_2xgb_meta_lr/70_15_15/chrono/NonHP,0,2,,860126,training_20260515_173857_681_517b12b7-be85-44d8-84ee-bde618227bc2.txt,2026-05-15T17:38:57,2026-05-15T17:38:59,2026-05-13T00:08:10,2026-05-22T23:03:36,6,13,True,header-precise;multi_day_gap
0/migraine/full_features/stacked_2xgb_meta_lr/70_15_15/patient/HyperparameterTuned/pareto_AUPRC_slope/auprc_max,0,308,,317,training_20260522_181327_859_2eed52f5-1e48-41a7-a168-91eb8192e41c.txt,2026-05-22T18:13:27,2026-05-22T18:18:35,2026-05-22T18:13:27,2026-05-22T18:18:44,1,1,False,header-precise
0/migraine/full_features/stacked_2xgb_meta_lr/70_15_15/patient/HyperparameterTuned/pareto_AUPRC_slope/knee,0,2,,10,training_20260522_181844_856_e1532b9f-bbfe-4fb4-b983-6f058c892951.txt,2026-05-22T18:18:44,2026-05-22T18:18:46,2026-05-22T18:18:44,2026-05-22T18:18:54,1,1,False,header-precise
0/migraine/full_features/stacked_2xgb_meta_lr/70_15_15/patient/HyperparameterTuned/pareto_AUPRC_slope/slope_closest,0,2,,10,training_20260522_181854_681_61091eda-c34b-4c16-a14f-38900487ef0d.txt,2026-05-22T18:18:54,2026-05-22T18:18:56,2026-05-22T18:18:54,2026-05-22T18:19:04,1,1,False,header-precise
0/migraine/full_features/stacked_2xgb_meta_lr/70_15_15/patient/HyperparameterTuned/pareto_AUROC_slope/auroc_max,0,303,,313,training_20260522_181905_541_fe6a27cf-a795-435c-8f9a-b6a730c5ac0f.txt,2026-05-22T18:19:05,2026-05-22T18:24:08,2026-05-22T18:19:05,2026-05-22T18:24:18,1,1,False,header-precise
0/migraine/full_features/stacked_2xgb_meta_lr/70_15_15/patient/HyperparameterTuned/pareto_AUROC_slope/knee,0,1,,10,training_20260522_182419_061_931c256d-eef9-4a02-8a01-f0738b3e15ae.txt,2026-05-22T18:24:19,2026-05-22T18:24:20,2026-05-22T18:24:19,2026-05-22T18:24:29,1,1,False,header-precise
0/migraine/full_features/stacked_2xgb_meta_lr/70_15_15/patient/HyperparameterTuned/pareto_AUROC_slope/slope_closest,0,1,,442755,training_20260522_182430_089_17b3e0ba-5215-4239-8902-aab3d5f71554.txt,2026-05-22T18:24:30,2026-05-22T18:24:31,2026-05-22T18:24:30,2026-05-27T21:23:45,1,4,True,header-precise;multi_day_gap
0/migraine/full_features/stacked_2xgb_meta_lr/70_15_15/patient/HyperparameterTuned/single_AUROC/HP020,0,363,,374,training_20260522_182441_015_0492f93c-6bef-4f02-8a42-bfaf93005561.txt,2026-05-22T18:24:41,2026-05-22T18:30:44,2026-05-22T18:24:41,2026-05-22T18:30:55,1,1,False,header-precise
0/migraine/full_features/stacked_2xgb_meta_lr/70_15_15/patient/HyperparameterTuned/single_AUROC/HP050,0,1,,11,training_20260522_183056_070_59bdbb65-1ce8-492c-bded-3217fbe8cffa.txt,2026-05-22T18:30:56,2026-05-22T18:30:57,2026-05-22T18:30:56,2026-05-22T18:31:07,1,1,False,header-precise
0/migraine/full_features/stacked_2xgb_meta_lr/70_15_15/patient/HyperparameterTuned/single_AUROC/HP100,0,2,,12,training_20260522_183108_154_bd62a419-35c5-4918-b72c-5ab830b2d4e8.txt,2026-05-22T18:31:08,2026-05-22T18:31:10,2026-05-22T18:31:08,2026-05-22T18:31:20,1,1,False,header-precise
0/migraine/full_features/stacked_2xgb_meta_lr/70_15_15/patient/HyperparameterTuned/single_AUROC/HP200,0,2,,13,training_20260522_183120_754_d19270f8-ffe9-4d2f-9cd9-0c457d90ece3.txt,2026-05-22T18:31:20,2026-05-22T18:31:22,2026-05-22T18:31:20,2026-05-22T18:31:33,1,1,False,header-precise
0/migraine/full_features/stacked_2xgb_meta_lr/70_15_15/patient/HyperparameterTuned/single_AUROC/HP500,0,2,,11,training_20260522_183133_819_44371388-a1ad-4003-8a2d-e6e5ed44e9b6.txt,2026-05-22T18:31:33,2026-05-22T18:31:35,2026-05-22T18:31:33,2026-05-22T18:31:44,1,1,False,header-precise
0/migraine/full_features/stacked_2xgb_meta_lr/70_15_15/patient/NonHP,0,2,,11,training_20260522_150029_879_367dfb87-a044-48bd-8c74-4d4f39b10e55.txt,2026-05-22T15:00:29,2026-05-22T15:00:31,2026-05-22T15:00:29,2026-05-22T15:00:40,1,1,False,header-precise
0/migraine/full_features/stacked_2xgb_meta_lr/70_15_15/stratified/HyperparameterTuned/pareto_AUPRC_slope/auprc_max,0,349,,5489,training_20260515_173900_178_7d4f0e88-8dfe-482c-b480-821ffea70552.txt,2026-05-15T17:39:00,2026-05-15T17:44:49,2026-05-15T17:39:00,2026-05-15T19:10:29,1,1,False,header-precise
0/migraine/full_features/stacked_2xgb_meta_lr/70_15_15/stratified/HyperparameterTuned/pareto_AUPRC_slope/knee,0,2,,5147,training_20260515_174450_631_c050909b-52f3-4724-8374-9d6f978fffd8.txt,2026-05-15T17:44:50,2026-05-15T17:44:52,2026-05-15T17:44:50,2026-05-15T19:10:37,1,1,False,header-precise
0/migraine/full_features/stacked_2xgb_meta_lr/70_15_15/stratified/HyperparameterTuned/pareto_AUPRC_slope/slope_closest,0,1,,5151,training_20260515_174453_179_c3bdbc0e-b1a4-453b-827e-1f26362403d9.txt,2026-05-15T17:44:53,2026-05-15T17:44:54,2026-05-15T17:44:53,2026-05-15T19:10:44,1,1,False,header-precise
0/migraine/full_features/stacked_2xgb_meta_lr/70_15_15/stratified/HyperparameterTuned/pareto_AUROC_slope/auroc_max,0,327,,5156,training_20260515_174455_724_a016563e-93dc-4c70-a6e7-7171719e410e.txt,2026-05-15T17:44:55,2026-05-15T17:50:22,2026-05-15T17:44:55,2026-05-15T19:10:51,1,1,False,header-precise
0/migraine/full_features/stacked_2xgb_meta_lr/70_15_15/stratified/HyperparameterTuned/pareto_AUROC_slope/knee,0,1,,4835,training_20260515_175024_089_a3d17e24-0255-4a19-a731-d762e8950566.txt,2026-05-15T17:50:24,2026-05-15T17:50:25,2026-05-15T17:50:24,2026-05-15T19:10:59,1,1,False,header-precise
0/migraine/full_features/stacked_2xgb_meta_lr/70_15_15/stratified/HyperparameterTuned/pareto_AUROC_slope/slope_closest,0,1,,4841,training_20260515_175026_470_82832919-2e7e-41c2-8425-e6f3b89c46f5.txt,2026-05-15T17:50:26,2026-05-15T17:50:27,2026-05-15T17:50:26,2026-05-15T19:11:07,1,1,False,header-precise
0/migraine/full_features/stacked_2xgb_meta_lr/70_15_15/stratified/HyperparameterTuned/single_AUROC/HP020,0,342,,4847,training_20260515_175028_615_3eb27d07-82a6-4f82-aef9-f74eb6c009fa.txt,2026-05-15T17:50:28,2026-05-15T17:56:10,2026-05-15T17:50:28,2026-05-15T19:11:15,1,1,False,header-precise
0/migraine/full_features/stacked_2xgb_meta_lr/70_15_15/stratified/HyperparameterTuned/single_AUROC/HP050,0,1,,4512,training_20260515_175611_394_aad5b7e3-2265-400a-8b7d-0fd81798db5c.txt,2026-05-15T17:56:11,2026-05-15T17:56:12,2026-05-15T17:56:11,2026-05-15T19:11:23,1,1,False,header-precise
0/migraine/full_features/stacked_2xgb_meta_lr/70_15_15/stratified/HyperparameterTuned/single_AUROC/HP100,0,2,,4518,training_20260515_175613_822_9367035a-95a9-49a9-88c0-5ecd886432a8.txt,2026-05-15T17:56:13,2026-05-15T17:56:15,2026-05-15T17:56:13,2026-05-15T19:11:31,1,1,False,header-precise
0/migraine/full_features/stacked_2xgb_meta_lr/70_15_15/stratified/HyperparameterTuned/single_AUROC/HP200,0,2,,4522,training_20260515_175616_422_ae2505fe-8cce-4998-982d-cddd85945e41.txt,2026-05-15T17:56:16,2026-05-15T17:56:18,2026-05-15T17:56:16,2026-05-15T19:11:38,1,1,False,header-precise
0/migraine/full_features/stacked_2xgb_meta_lr/70_15_15/stratified/HyperparameterTuned/single_AUROC/HP500,0,1,,4527,training_20260515_175619_040_3da89d63-b9e9-448f-9fec-f66f82d43cb3.txt,2026-05-15T17:56:19,2026-05-15T17:56:20,2026-05-15T17:56:19,2026-05-15T19:11:46,1,1,False,header-precise
0/migraine/full_features/stacked_2xgb_meta_lr/70_15_15/stratified/NonHP,0,1,,860147,training_20260515_175621_349_04f80e40-d32c-4926-98d0-37f481170f71.txt,2026-05-15T17:56:21,2026-05-15T17:56:22,2026-05-13T00:08:12,2026-05-22T23:03:59,3,8,True,header-precise;multi_day_gap
0/migraine/full_features/stacked_2xgb_meta_lr/70_30/chrono/HyperparameterTuned/pareto_AUPRC_slope/auprc_max,0,300,,6030,training_20260515_175623_661_a85df7c3-9f3b-4c91-8ab2-d02c0b453714.txt,2026-05-15T17:56:23,2026-05-15T18:01:23,2026-05-15T17:56:23,2026-05-15T19:36:53,1,1,False,header-precise
0/migraine/full_features/stacked_2xgb_meta_lr/70_30/chrono/HyperparameterTuned/pareto_AUPRC_slope/knee,0,1,,5730,training_20260515_180124_287_a8735407-979d-46fa-a57a-ddaf80231ef9.txt,2026-05-15T18:01:24,2026-05-15T18:01:25,2026-05-15T18:01:24,2026-05-15T19:36:54,1,1,False,header-precise
0/migraine/full_features/stacked_2xgb_meta_lr/70_30/chrono/HyperparameterTuned/pareto_AUPRC_slope/slope_closest,0,2,,5728,training_20260515_180126_565_a4dfa382-9f6d-441c-a1a6-0a59c820d752.txt,2026-05-15T18:01:26,2026-05-15T18:01:28,2026-05-15T18:01:26,2026-05-15T19:36:54,1,1,False,header-precise
0/migraine/full_features/stacked_2xgb_meta_lr/70_30/chrono/HyperparameterTuned/pareto_AUROC_slope/auroc_max,0,333,,5733,training_20260515_180128_907_1d7fc3ca-9ceb-4048-92cb-7f0ecabef8fc.txt,2026-05-15T18:01:28,2026-05-15T18:07:01,2026-05-15T18:01:28,2026-05-15T19:37:01,1,1,False,header-precise
0/migraine/full_features/stacked_2xgb_meta_lr/70_30/chrono/HyperparameterTuned/pareto_AUROC_slope/knee,0,1,,5416,training_20260515_180702_474_87389507-6cb4-4354-9a5c-99396b45508d.txt,2026-05-15T18:07:02,2026-05-15T18:07:03,2026-05-15T18:07:02,2026-05-15T19:37:18,1,1,False,header-precise
0/migraine/full_features/stacked_2xgb_meta_lr/70_30/chrono/HyperparameterTuned/pareto_AUROC_slope/slope_closest,0,2,,5422,training_20260515_180704_870_69e57c1b-faac-40d1-ad58-02d86650fa60.txt,2026-05-15T18:07:04,2026-05-15T18:07:06,2026-05-15T18:07:04,2026-05-15T19:37:26,1,1,False,header-precise
0/migraine/full_features/stacked_2xgb_meta_lr/70_30/chrono/HyperparameterTuned/single_AUROC/HP020,0,343,,1044263,training_20260515_180707_348_f1295026-1460-4bfe-95aa-de3c0924738d.txt,2026-05-15T18:07:07,2026-05-15T18:12:50,2026-05-15T18:07:07,2026-05-27T20:11:30,1,5,True,header-precise;multi_day_gap
0/migraine/full_features/stacked_2xgb_meta_lr/70_30/chrono/HyperparameterTuned/single_AUROC/HP050,0,1,,623884,training_20260515_181252_177_187140a0-55ac-4184-9573-2fd1668de577.txt,2026-05-15T18:12:52,2026-05-15T18:12:53,2026-05-15T18:12:52,2026-05-22T23:30:56,1,2,True,header-precise;multi_day_gap
0/migraine/full_features/stacked_2xgb_meta_lr/70_30/chrono/HyperparameterTuned/single_AUROC/HP100,0,2,,5078,training_20260515_181254_766_3ae548c3-4c2c-4b4c-9bf3-faaf1a120443.txt,2026-05-15T18:12:54,2026-05-15T18:12:56,2026-05-15T18:12:54,2026-05-15T19:37:32,1,1,False,header-precise
0/migraine/full_features/stacked_2xgb_meta_lr/70_30/chrono/HyperparameterTuned/single_AUROC/HP200,0,2,,5077,training_20260515_181257_304_5a2ea7b5-0432-4d3e-b14e-df8ac50de329.txt,2026-05-15T18:12:57,2026-05-15T18:12:59,2026-05-15T18:12:57,2026-05-15T19:37:34,1,1,False,header-precise
0/migraine/full_features/stacked_2xgb_meta_lr/70_30/chrono/HyperparameterTuned/single_AUROC/HP500,0,2,,5075,training_20260515_181259_934_a17242a1-dc72-43bd-a50a-bbbfe35ed441.txt,2026-05-15T18:12:59,2026-05-15T18:13:01,2026-05-15T18:12:59,2026-05-15T19:37:34,1,1,False,header-precise
0/migraine/full_features/stacked_2xgb_meta_lr/70_30/chrono/NonHP,0,2,,242964,training_20260515_181302_590_b3ba36f6-ee5b-4582-87fb-1e798a37b1d1.txt,2026-05-15T18:13:02,2026-05-15T18:13:04,2026-05-13T00:08:15,2026-05-15T19:37:39,3,6,True,header-precise;multi_day_gap
0/migraine/full_features/stacked_2xgb_meta_lr/70_30/patient/HyperparameterTuned/pareto_AUPRC_slope/auprc_max,0,347,,357,training_20260522_183144_849_1e1bfe00-3a3d-43c5-b3bf-07e7f4fe77b2.txt,2026-05-22T18:31:44,2026-05-22T18:37:31,2026-05-22T18:31:44,2026-05-22T18:37:41,1,1,False,header-precise
0/migraine/full_features/stacked_2xgb_meta_lr/70_30/patient/HyperparameterTuned/pareto_AUPRC_slope/knee,0,2,,14,training_20260522_183742_346_1b5ba041-5a22-4bee-b9e9-5568c5883601.txt,2026-05-22T18:37:42,2026-05-22T18:37:44,2026-05-22T18:37:42,2026-05-22T18:37:56,1,1,False,header-precise
0/migraine/full_features/stacked_2xgb_meta_lr/70_30/patient/HyperparameterTuned/pareto_AUPRC_slope/slope_closest,0,2,,13,training_20260522_183756_757_0fa45c7c-37a9-4e7f-9470-ba02d0b199da.txt,2026-05-22T18:37:56,2026-05-22T18:37:58,2026-05-22T18:37:56,2026-05-22T18:38:09,1,1,False,header-precise
0/migraine/full_features/stacked_2xgb_meta_lr/70_30/patient/HyperparameterTuned/pareto_AUROC_slope/auroc_max,0,349,,363,training_20260522_183809_840_d3046499-94c8-466d-bdef-38efce47508c.txt,2026-05-22T18:38:09,2026-05-22T18:43:58,2026-05-22T18:38:09,2026-05-22T18:44:12,1,1,False,header-precise
0/migraine/full_features/stacked_2xgb_meta_lr/70_30/patient/HyperparameterTuned/pareto_AUROC_slope/knee,0,2,,14,training_20260522_184412_861_2ae966f4-60bf-4b4e-a3e0-34cfb33d203a.txt,2026-05-22T18:44:12,2026-05-22T18:44:14,2026-05-22T18:44:12,2026-05-22T18:44:26,1,1,False,header-precise
0/migraine/full_features/stacked_2xgb_meta_lr/70_30/patient/HyperparameterTuned/pareto_AUROC_slope/slope_closest,0,2,,12,training_20260522_184427_077_2919f524-0acb-4dbe-a1a1-79a8e12b9c25.txt,2026-05-22T18:44:27,2026-05-22T18:44:29,2026-05-22T18:44:27,2026-05-22T18:44:39,1,1,False,header-precise
0/migraine/full_features/stacked_2xgb_meta_lr/70_30/patient/HyperparameterTuned/single_AUROC/HP020,0,324,,333,training_20260522_184440_622_6a8907c7-de27-4d59-8768-c1ab65f219ff.txt,2026-05-22T18:44:40,2026-05-22T18:50:04,2026-05-22T18:44:40,2026-05-22T18:50:13,1,1,False,header-precise
0/migraine/full_features/stacked_2xgb_meta_lr/70_30/patient/HyperparameterTuned/single_AUROC/HP050,0,1,,9,training_20260522_185014_022_c6f0834e-264c-4c54-b79e-12a6d64e05a8.txt,2026-05-22T18:50:14,2026-05-22T18:50:15,2026-05-22T18:50:14,2026-05-22T18:50:23,1,1,False,header-precise
0/migraine/full_features/stacked_2xgb_meta_lr/70_30/patient/HyperparameterTuned/single_AUROC/HP100,0,1,,9,training_20260522_185024_469_64fbfcfb-0197-464c-828e-d2879510d9eb.txt,2026-05-22T18:50:24,2026-05-22T18:50:25,2026-05-22T18:50:24,2026-05-22T18:50:33,1,1,False,header-precise
0/migraine/full_features/stacked_2xgb_meta_lr/70_30/patient/HyperparameterTuned/single_AUROC/HP200,0,1,,10,training_20260522_185034_215_c678ca16-4daa-46d0-af85-d45461a039d1.txt,2026-05-22T18:50:34,2026-05-22T18:50:35,2026-05-22T18:50:34,2026-05-22T18:50:44,1,1,False,header-precise
0/migraine/full_features/stacked_2xgb_meta_lr/70_30/patient/HyperparameterTuned/single_AUROC/HP500,0,2,,11,training_20260522_185044_711_372db12e-1e89-4d57-afdd-ed1d16909c28.txt,2026-05-22T18:50:44,2026-05-22T18:50:46,2026-05-22T18:50:44,2026-05-22T18:50:55,1,1,False,header-precise
0/migraine/full_features/stacked_2xgb_meta_lr/70_30/patient/NonHP,0,1,,11,training_20260522_150041_493_aa2b196f-bdf2-4edb-a7f8-0f64850a1d3b.txt,2026-05-22T15:00:41,2026-05-22T15:00:42,2026-05-22T15:00:41,2026-05-22T15:00:52,1,1,False,header-precise
0/migraine/full_features/stacked_2xgb_meta_lr/70_30/stratified/HyperparameterTuned/pareto_AUPRC_slope/auprc_max,0,270,,5097,training_20260515_181305_102_0c6ea729-8dac-4b02-a563-8dd30d044ffc.txt,2026-05-15T18:13:05,2026-05-15T18:17:35,2026-05-15T18:13:05,2026-05-15T19:38:02,1,1,False,header-precise
0/migraine/full_features/stacked_2xgb_meta_lr/70_30/stratified/HyperparameterTuned/pareto_AUPRC_slope/knee,0,1,,4839,training_20260515_181736_606_5f8a2203-8375-4a94-a0a3-a3f9e685810d.txt,2026-05-15T18:17:36,2026-05-15T18:17:37,2026-05-15T18:17:36,2026-05-15T19:38:15,1,1,False,header-precise
0/migraine/full_features/stacked_2xgb_meta_lr/70_30/stratified/HyperparameterTuned/pareto_AUPRC_slope/slope_closest,0,2,,4843,training_20260515_181738_948_99168895-f2df-4589-be50-db6f41605e51.txt,2026-05-15T18:17:38,2026-05-15T18:17:40,2026-05-15T18:17:38,2026-05-15T19:38:21,1,1,False,header-precise
0/migraine/full_features/stacked_2xgb_meta_lr/70_30/stratified/HyperparameterTuned/pareto_AUROC_slope/auroc_max,0,274,,4841,training_20260515_181741_041_36ce488e-ad09-473b-ba2d-0c54905190a5.txt,2026-05-15T18:17:41,2026-05-15T18:22:15,2026-05-15T18:17:41,2026-05-15T19:38:22,1,1,False,header-precise
0/migraine/full_features/stacked_2xgb_meta_lr/70_30/stratified/HyperparameterTuned/pareto_AUROC_slope/knee,0,1,,4566,training_20260515_182216_632_44d76de1-cc0f-441e-9867-a319b510991a.txt,2026-05-15T18:22:16,2026-05-15T18:22:17,2026-05-15T18:22:16,2026-05-15T19:38:22,1,1,False,header-precise
0/migraine/full_features/stacked_2xgb_meta_lr/70_30/stratified/HyperparameterTuned/pareto_AUROC_slope/slope_closest,0,1,,4568,training_20260515_182218_699_4ac25a17-77f8-42f3-9afe-d2ef599bdedb.txt,2026-05-15T18:22:18,2026-05-15T18:22:19,2026-05-15T18:22:18,2026-05-15T19:38:26,1,1,False,header-precise
0/migraine/full_features/stacked_2xgb_meta_lr/70_30/stratified/HyperparameterTuned/single_AUROC/HP020,0,266,,4566,training_20260515_182220_799_68ca2dbf-6e2d-4206-8b04-1daccfd00335.txt,2026-05-15T18:22:20,2026-05-15T18:26:46,2026-05-15T18:22:20,2026-05-15T19:38:26,1,1,False,header-precise
0/migraine/full_features/stacked_2xgb_meta_lr/70_30/stratified/HyperparameterTuned/single_AUROC/HP050,0,1,,4301,training_20260515_182647_787_e9d783eb-199c-4ff1-8f75-99ee70c4ec57.txt,2026-05-15T18:26:47,2026-05-15T18:26:48,2026-05-15T18:26:47,2026-05-15T19:38:28,1,1,False,header-precise
0/migraine/full_features/stacked_2xgb_meta_lr/70_30/stratified/HyperparameterTuned/single_AUROC/HP100,0,2,,4312,training_20260515_182649_811_fa287c00-7c0a-468c-b31e-871a02455dbf.txt,2026-05-15T18:26:49,2026-05-15T18:26:51,2026-05-15T18:26:49,2026-05-15T19:38:41,1,1,False,header-precise
0/migraine/full_features/stacked_2xgb_meta_lr/70_30/stratified/HyperparameterTuned/single_AUROC/HP200,0,2,,4333,training_20260515_182651_856_071f00d8-bb0d-4ba2-8af5-fb20c2db650c.txt,2026-05-15T18:26:51,2026-05-15T18:26:53,2026-05-15T18:26:51,2026-05-15T19:39:04,1,1,False,header-precise
0/migraine/full_features/stacked_2xgb_meta_lr/70_30/stratified/HyperparameterTuned/single_AUROC/HP500,0,1,,4335,training_20260515_182654_029_d0fcb30b-6305-49f1-a9bf-547b451dd36d.txt,2026-05-15T18:26:54,2026-05-15T18:26:55,2026-05-15T18:26:54,2026-05-15T19:39:09,1,1,False,header-precise
0/migraine/full_features/stacked_2xgb_meta_lr/70_30/stratified/NonHP,0,1,,243053,training_20260515_182656_257_713fdf8c-5c2d-4d50-b03b-29c545b0ea74.txt,2026-05-15T18:26:56,2026-05-15T18:26:57,2026-05-13T00:08:17,2026-05-15T19:39:10,3,6,True,header-precise;multi_day_gap
0/migraine/full_features/stacked_2xgb_meta_lr/80_20/chrono/HyperparameterTuned/pareto_AUPRC_slope/auprc_max,0,342,,4329,training_20260515_182658_385_f9d88045-8bf8-4bfe-9fb3-490b1d4d5a7a.txt,2026-05-15T18:26:58,2026-05-15T18:32:40,2026-05-15T18:26:58,2026-05-15T19:39:07,1,1,False,header-precise
0/migraine/full_features/stacked_2xgb_meta_lr/80_20/chrono/HyperparameterTuned/pareto_AUPRC_slope/knee,0,1,,3990,training_20260515_183242_011_eac1b9b2-0b23-4dea-9e9a-fe608b78f44a.txt,2026-05-15T18:32:42,2026-05-15T18:32:43,2026-05-15T18:32:42,2026-05-15T19:39:12,1,1,False,header-precise
0/migraine/full_features/stacked_2xgb_meta_lr/80_20/chrono/HyperparameterTuned/pareto_AUPRC_slope/slope_closest,0,2,,3987,training_20260515_183244_420_8d658f08-8c67-434d-a77c-d176abacc914.txt,2026-05-15T18:32:44,2026-05-15T18:32:46,2026-05-15T18:32:44,2026-05-15T19:39:11,1,1,False,header-precise
0/migraine/full_features/stacked_2xgb_meta_lr/80_20/chrono/HyperparameterTuned/pareto_AUROC_slope/auroc_max,0,372,,3988,training_20260515_183246_885_963e23a6-ad50-4c6c-b9d7-1852497b1a18.txt,2026-05-15T18:32:46,2026-05-15T18:38:58,2026-05-15T18:32:46,2026-05-15T19:39:14,1,1,False,header-precise
0/migraine/full_features/stacked_2xgb_meta_lr/80_20/chrono/HyperparameterTuned/pareto_AUROC_slope/knee,0,2,,3627,training_20260515_183859_275_e4867b4e-ac7a-4a1d-b9b8-a02da2841c2a.txt,2026-05-15T18:38:59,2026-05-15T18:39:01,2026-05-15T18:38:59,2026-05-15T19:39:26,1,1,False,header-precise
0/migraine/full_features/stacked_2xgb_meta_lr/80_20/chrono/HyperparameterTuned/pareto_AUROC_slope/slope_closest,0,2,,3646,training_20260515_183901_873_2752af19-2e58-4f4b-8d31-a752e43af222.txt,2026-05-15T18:39:01,2026-05-15T18:39:03,2026-05-15T18:39:01,2026-05-15T19:39:47,1,1,False,header-precise
0/migraine/full_features/stacked_2xgb_meta_lr/80_20/chrono/HyperparameterTuned/single_AUROC/HP020,0,359,,3645,training_20260515_183904_317_114b0676-cabb-4eca-8d1b-4a24c97cbc77.txt,2026-05-15T18:39:04,2026-05-15T18:45:03,2026-05-15T18:39:04,2026-05-15T19:39:49,1,1,False,header-precise
0/migraine/full_features/stacked_2xgb_meta_lr/80_20/chrono/HyperparameterTuned/single_AUROC/HP050,0,2,,3287,training_20260515_184504_691_73555ae7-c26d-4460-875a-33ba91b082bb.txt,2026-05-15T18:45:04,2026-05-15T18:45:06,2026-05-15T18:45:04,2026-05-15T19:39:51,1,1,False,header-precise
0/migraine/full_features/stacked_2xgb_meta_lr/80_20/chrono/HyperparameterTuned/single_AUROC/HP100,0,1,,3284,training_20260515_184507_201_a37285ed-5776-410f-993e-2ba5247bed19.txt,2026-05-15T18:45:07,2026-05-15T18:45:08,2026-05-15T18:45:07,2026-05-15T19:39:51,1,1,False,header-precise
0/migraine/full_features/stacked_2xgb_meta_lr/80_20/chrono/HyperparameterTuned/single_AUROC/HP200,0,2,,3283,training_20260515_184509_624_1e148544-075c-492a-b3e2-3f316e7051b2.txt,2026-05-15T18:45:09,2026-05-15T18:45:11,2026-05-15T18:45:09,2026-05-15T19:39:52,1,1,False,header-precise
0/migraine/full_features/stacked_2xgb_meta_lr/80_20/chrono/HyperparameterTuned/single_AUROC/HP500,0,1,,3283,training_20260515_184512_155_6b60e047-77c1-437b-bf72-ee550a913713.txt,2026-05-15T18:45:12,2026-05-15T18:45:13,2026-05-15T18:45:12,2026-05-15T19:39:55,1,1,False,header-precise
0/migraine/full_features/stacked_2xgb_meta_lr/80_20/chrono/NonHP,0,2,,243098,training_20260515_184514_782_9bda3819-f538-4aa9-80e4-5f9a9d443da1.txt,2026-05-15T18:45:14,2026-05-15T18:45:16,2026-05-13T00:08:19,2026-05-15T19:39:57,3,6,True,header-precise;multi_day_gap
0/migraine/full_features/stacked_2xgb_meta_lr/80_20/patient/HyperparameterTuned/pareto_AUPRC_slope/auprc_max,0,338,,346,training_20260522_185055_875_edd8a449-f4fa-4527-8489-9027307e9a4a.txt,2026-05-22T18:50:55,2026-05-22T18:56:33,2026-05-22T18:50:55,2026-05-22T18:56:41,1,1,False,header-precise
0/migraine/full_features/stacked_2xgb_meta_lr/80_20/patient/HyperparameterTuned/pareto_AUPRC_slope/knee,0,1,,10,training_20260522_185642_148_910c9765-1a28-4fec-99c7-8491631ad7a7.txt,2026-05-22T18:56:42,2026-05-22T18:56:43,2026-05-22T18:56:42,2026-05-22T18:56:52,1,1,False,header-precise
0/migraine/full_features/stacked_2xgb_meta_lr/80_20/patient/HyperparameterTuned/pareto_AUPRC_slope/slope_closest,0,2,,11,training_20260522_185652_662_69224170-eeeb-4a3b-905c-4ccfc6736a03.txt,2026-05-22T18:56:52,2026-05-22T18:56:54,2026-05-22T18:56:52,2026-05-22T18:57:03,1,1,False,header-precise
0/migraine/full_features/stacked_2xgb_meta_lr/80_20/patient/HyperparameterTuned/pareto_AUROC_slope/auroc_max,0,345,,355,training_20260522_185703_810_d1ee30fa-69e0-426e-a451-d731d00c953b.txt,2026-05-22T18:57:03,2026-05-22T19:02:48,2026-05-22T18:57:03,2026-05-22T19:02:58,1,1,False,header-precise
0/migraine/full_features/stacked_2xgb_meta_lr/80_20/patient/HyperparameterTuned/pareto_AUROC_slope/knee,0,2,,11,training_20260522_190258_928_5ca012ef-9aea-4bae-9916-33f2e7c385e4.txt,2026-05-22T19:02:58,2026-05-22T19:03:00,2026-05-22T19:02:58,2026-05-22T19:03:09,1,1,False,header-precise
0/migraine/full_features/stacked_2xgb_meta_lr/80_20/patient/HyperparameterTuned/pareto_AUROC_slope/slope_closest,0,1,,10,training_20260522_190310_047_8a18243e-6e62-40c9-be2c-b51f5f5f177d.txt,2026-05-22T19:03:10,2026-05-22T19:03:11,2026-05-22T19:03:10,2026-05-22T19:03:20,1,1,False,header-precise
0/migraine/full_features/stacked_2xgb_meta_lr/80_20/patient/HyperparameterTuned/single_AUROC/HP020,0,334,,343,training_20260522_190321_069_8a20a787-05a3-40ec-925f-43773eaf8c15.txt,2026-05-22T19:03:21,2026-05-22T19:08:55,2026-05-22T19:03:21,2026-05-22T19:09:04,1,1,False,header-precise
0/migraine/full_features/stacked_2xgb_meta_lr/80_20/patient/HyperparameterTuned/single_AUROC/HP050,0,2,,10,training_20260522_190905_389_95b80fde-92cc-4525-b8b6-5b64e334e952.txt,2026-05-22T19:09:05,2026-05-22T19:09:07,2026-05-22T19:09:05,2026-05-22T19:09:15,1,1,False,header-precise
0/migraine/full_features/stacked_2xgb_meta_lr/80_20/patient/HyperparameterTuned/single_AUROC/HP100,0,1,,10,training_20260522_190916_152_3c0fb24d-5e0d-4696-a128-d5cd7a4fff9e.txt,2026-05-22T19:09:16,2026-05-22T19:09:17,2026-05-22T19:09:16,2026-05-22T19:09:26,1,1,False,header-precise
0/migraine/full_features/stacked_2xgb_meta_lr/80_20/patient/HyperparameterTuned/single_AUROC/HP200,0,2,,10,training_20260522_190927_339_54c077a5-e4ba-4fb5-917b-975025dd1511.txt,2026-05-22T19:09:27,2026-05-22T19:09:29,2026-05-22T19:09:27,2026-05-22T19:09:37,1,1,False,header-precise
0/migraine/full_features/stacked_2xgb_meta_lr/80_20/patient/HyperparameterTuned/single_AUROC/HP500,0,2,,11,training_20260522_190938_644_aad0a1f6-95a5-4c95-af6b-f4f50a47c942.txt,2026-05-22T19:09:38,2026-05-22T19:09:40,2026-05-22T19:09:38,2026-05-22T19:09:49,1,1,False,header-precise
0/migraine/full_features/stacked_2xgb_meta_lr/80_20/patient/NonHP,0,1,,11,training_20260522_150053_006_4e729c4d-12a1-4120-b244-2607881423ad.txt,2026-05-22T15:00:53,2026-05-22T15:00:54,2026-05-22T15:00:53,2026-05-22T15:01:04,1,1,False,header-precise
0/migraine/full_features/stacked_2xgb_meta_lr/80_20/stratified/HyperparameterTuned/pareto_AUPRC_slope/auprc_max,0,350,,3297,training_20260515_184517_197_3749cda3-8c93-403f-a59d-7f202675dadc.txt,2026-05-15T18:45:17,2026-05-15T18:51:07,2026-05-15T18:45:17,2026-05-15T19:40:14,1,1,False,header-precise
0/migraine/full_features/stacked_2xgb_meta_lr/80_20/stratified/HyperparameterTuned/pareto_AUPRC_slope/knee,0,1,,2968,training_20260515_185109_147_1aa5f926-638e-4aca-b0f4-8c5c1f3d1e52.txt,2026-05-15T18:51:09,2026-05-15T18:51:10,2026-05-15T18:51:09,2026-05-15T19:40:37,1,1,False,header-precise
0/migraine/full_features/stacked_2xgb_meta_lr/80_20/stratified/HyperparameterTuned/pareto_AUPRC_slope/slope_closest,0,1,,2971,training_20260515_185111_358_db73ed8d-db45-48da-8b7a-1c24983ac985.txt,2026-05-15T18:51:11,2026-05-15T18:51:12,2026-05-15T18:51:11,2026-05-15T19:40:42,1,1,False,header-precise
0/migraine/full_features/stacked_2xgb_meta_lr/80_20/stratified/HyperparameterTuned/pareto_AUROC_slope/auroc_max,0,344,,2966,training_20260515_185113_710_8256344c-a60a-4042-a6f3-4e9a1b2e0524.txt,2026-05-15T18:51:13,2026-05-15T18:56:57,2026-05-15T18:51:13,2026-05-15T19:40:39,1,1,False,header-precise
0/migraine/full_features/stacked_2xgb_meta_lr/80_20/stratified/HyperparameterTuned/pareto_AUROC_slope/knee,0,2,,2623,training_20260515_185658_812_9d8eb6a7-3a46-42c7-b821-68ffa59677ff.txt,2026-05-15T18:56:58,2026-05-15T18:57:00,2026-05-15T18:56:58,2026-05-15T19:40:41,1,1,False,header-precise
0/migraine/full_features/stacked_2xgb_meta_lr/80_20/stratified/HyperparameterTuned/pareto_AUROC_slope/slope_closest,0,1,,2622,training_20260515_185701_157_e2218265-f13e-4312-bafd-4d319bd75565.txt,2026-05-15T18:57:01,2026-05-15T18:57:02,2026-05-15T18:57:01,2026-05-15T19:40:43,1,1,False,header-precise
0/migraine/full_features/stacked_2xgb_meta_lr/80_20/stratified/HyperparameterTuned/single_AUROC/HP020,0,348,,2618,training_20260515_185703_761_7ae681ec-a92b-4073-b453-cce20e62f9bb.txt,2026-05-15T18:57:03,2026-05-15T19:02:51,2026-05-15T18:57:03,2026-05-15T19:40:41,1,1,False,header-precise
0/migraine/full_features/stacked_2xgb_meta_lr/80_20/stratified/HyperparameterTuned/single_AUROC/HP050,0,2,,2272,training_20260515_190252_828_a6087834-af70-4ca3-b2ea-8e177d0fe360.txt,2026-05-15T19:02:52,2026-05-15T19:02:54,2026-05-15T19:02:52,2026-05-15T19:40:44,1,1,False,header-precise
0/migraine/full_features/stacked_2xgb_meta_lr/80_20/stratified/HyperparameterTuned/single_AUROC/HP100,0,1,,2275,training_20260515_190255_169_116f37be-0608-487b-8cf4-37847e4e190f.txt,2026-05-15T19:02:55,2026-05-15T19:02:56,2026-05-15T19:02:55,2026-05-15T19:40:50,1,1,False,header-precise
0/migraine/full_features/stacked_2xgb_meta_lr/80_20/stratified/HyperparameterTuned/single_AUROC/HP200,0,2,,2279,training_20260515_190257_538_91c28e5c-8146-48b0-b323-f406ba346255.txt,2026-05-15T19:02:57,2026-05-15T19:02:59,2026-05-15T19:02:57,2026-05-15T19:40:56,1,1,False,header-precise
0/migraine/full_features/stacked_2xgb_meta_lr/80_20/stratified/HyperparameterTuned/single_AUROC/HP500,0,2,,2278,training_20260515_190259_935_9de4709e-1af3-4de8-9957-e0f3ef3b6274.txt,2026-05-15T19:02:59,2026-05-15T19:03:01,2026-05-15T19:02:59,2026-05-15T19:40:57,1,1,False,header-precise
0/migraine/full_features/stacked_2xgb_meta_lr/80_20/stratified/NonHP,0,1,,243156,training_20260515_190302_202_cf1f800d-e136-495b-9254-fa1c5dc9c8d3.txt,2026-05-15T19:03:02,2026-05-15T19:03:03,2026-05-13T00:08:21,2026-05-15T19:40:57,3,6,True,header-precise;multi_day_gap
0/migraine/no_rolling_features/stacked_2xgb_meta_lr/70_15_15/chrono/NonHP,0,1,,860195,training_20260515_190304_570_264b9745-4435-498c-a468-c356eec4f7c2.txt,2026-05-15T19:03:04,2026-05-15T19:03:05,2026-05-13T00:08:23,2026-05-22T23:04:58,6,13,True,header-precise;multi_day_gap
0/migraine/no_rolling_features/stacked_2xgb_meta_lr/70_15_15/patient/NonHP,0,2,,10,training_20260522_150104_670_4d037fbe-bb55-4de4-b98e-36cbdf729e01.txt,2026-05-22T15:01:04,2026-05-22T15:01:06,2026-05-22T15:01:04,2026-05-22T15:01:14,1,1,False,header-precise
0/migraine/no_rolling_features/stacked_2xgb_meta_lr/70_15_15/stratified/NonHP,0,2,,1287906,training_20260515_190306_846_292d0b6a-cf40-4f00-a578-4c9c3aa64d4e.txt,2026-05-15T19:03:06,2026-05-15T19:03:08,2026-05-13T00:08:25,2026-05-27T21:53:31,3,9,True,header-precise;multi_day_gap
0/migraine/no_rolling_features/stacked_2xgb_meta_lr/70_30/chrono/NonHP,0,2,,1287269,training_20260515_190308_892_ad68a3a5-7c71-4533-9c40-2722ab83bd70.txt,2026-05-15T19:03:08,2026-05-15T19:03:10,2026-05-13T00:08:27,2026-05-27T21:42:56,3,9,True,header-precise;multi_day_gap
0/migraine/no_rolling_features/stacked_2xgb_meta_lr/70_30/patient/NonHP,0,1,,458651,training_20260522_150115_373_8f521a69-ed6b-49ef-b460-ef6bc066ed67.txt,2026-05-22T15:01:15,2026-05-22T15:01:16,2026-05-22T15:01:15,2026-05-27T22:25:26,1,4,True,header-precise;multi_day_gap
0/migraine/no_rolling_features/stacked_2xgb_meta_lr/70_30/stratified/NonHP,0,2,,241471,training_20260515_190310_997_08f07f53-76fc-4606-a675-5c0843ba91a3.txt,2026-05-15T19:03:10,2026-05-15T19:03:12,2026-05-13T00:08:29,2026-05-15T19:13:00,3,6,True,header-precise;multi_day_gap
0/migraine/no_rolling_features/stacked_2xgb_meta_lr/80_20/chrono/NonHP,0,1,,241476,training_20260515_190313_047_c0ce0dd8-2fc2-4570-8259-feb5a7965f89.txt,2026-05-15T19:03:13,2026-05-15T19:03:14,2026-05-13T00:08:31,2026-05-15T19:13:07,3,6,True,header-precise;multi_day_gap
0/migraine/no_rolling_features/stacked_2xgb_meta_lr/80_20/patient/NonHP,0,2,,11,training_20260522_150126_971_026ab593-c098-4435-9679-a3dd2488b9b2.txt,2026-05-22T15:01:26,2026-05-22T15:01:28,2026-05-22T15:01:26,2026-05-22T15:01:37,1,1,False,header-precise
0/migraine/no_rolling_features/stacked_2xgb_meta_lr/80_20/stratified/NonHP,0,1,,241484,training_20260515_190315_115_47eb7f48-f501-43c7-a8f1-73063ce1bb1b.txt,2026-05-15T19:03:15,2026-05-15T19:03:16,2026-05-13T00:08:33,2026-05-15T19:13:17,3,6,True,header-precise;multi_day_gap
0/migraine/park_features/stacked_2xgb_meta_lr/70_15_15/chrono/NonHP,0,1,,853895,training_20260515_190317_340_aaf89b8a-a68c-4fee-91bb-950c34c6895c.txt,2026-05-15T19:03:17,2026-05-15T19:03:18,2026-05-13T00:08:35,2026-05-22T21:20:10,6,10,True,header-precise;multi_day_gap
0/migraine/park_features/stacked_2xgb_meta_lr/70_15_15/patient/NonHP,0,1,,10,training_20260522_150138_201_08822ee0-6f76-4a66-bb24-adf93e87c194.txt,2026-05-22T15:01:38,2026-05-22T15:01:39,2026-05-22T15:01:38,2026-05-22T15:01:48,1,1,False,header-precise
0/migraine/park_features/stacked_2xgb_meta_lr/70_15_15/stratified/NonHP,0,1,,241497,training_20260515_190319_511_49dc1fd7-a75b-4e83-842a-8482843542c9.txt,2026-05-15T19:03:19,2026-05-15T19:03:20,2026-05-13T00:08:37,2026-05-15T19:13:34,3,4,True,header-precise;multi_day_gap
0/migraine/park_features/stacked_2xgb_meta_lr/70_30/chrono/NonHP,0,1,,1290181,training_20260515_190321_598_c159086e-c10b-444d-8001-84e8fe3be696.txt,2026-05-15T19:03:21,2026-05-15T19:03:22,2026-05-13T00:08:39,2026-05-27T22:31:40,3,7,True,header-precise;multi_day_gap
0/migraine/park_features/stacked_2xgb_meta_lr/70_30/patient/NonHP,0,1,,459306,training_20260522_150149_053_7d6d351a-5161-4389-82dc-fbde2530b955.txt,2026-05-22T15:01:49,2026-05-22T15:01:50,2026-05-22T15:01:49,2026-05-27T22:36:55,1,4,True,header-precise;multi_day_gap
0/migraine/park_features/stacked_2xgb_meta_lr/70_30/stratified/NonHP,0,1,,1290483,training_20260515_190323_647_834ef25c-0e33-458c-8eb8-14818d4984fe.txt,2026-05-15T19:03:23,2026-05-15T19:03:24,2026-05-13T00:08:41,2026-05-27T22:36:44,3,7,True,header-precise;multi_day_gap
0/migraine/park_features/stacked_2xgb_meta_lr/80_20/chrono/NonHP,0,1,,241516,training_20260515_190325_697_0b36e645-66a4-417f-b571-d60635877926.txt,2026-05-15T19:03:25,2026-05-15T19:03:26,2026-05-13T00:08:43,2026-05-15T19:13:59,3,4,True,header-precise;multi_day_gap
0/migraine/park_features/stacked_2xgb_meta_lr/80_20/patient/NonHP,0,2,,10,training_20260522_150157_966_66df31c0-9294-4916-a4ec-6ba032aec887.txt,2026-05-22T15:01:57,2026-05-22T15:01:59,2026-05-22T15:01:57,2026-05-22T15:02:07,1,1,False,header-precise
0/migraine/park_features/stacked_2xgb_meta_lr/80_20/stratified/NonHP,0,1,,241522,training_20260515_190327_746_a59ea926-de4e-4537-b8fe-a0fbcb6b8ff5.txt,2026-05-15T19:03:27,2026-05-15T19:03:28,2026-05-13T00:08:45,2026-05-15T19:14:07,3,4,True,header-precise;multi_day_gap
0/migraine/spano_features/blended_xgb_lr_spano2026/70_15_15/chrono/NonHP,0,11,,241528,training_20260515_190329_736_7be28951-a51e-41e3-a7dc-adb3fdbacff1.txt,2026-05-15T19:03:29,2026-05-15T19:03:40,2026-05-13T00:08:47,2026-05-15T19:14:15,6,9,True,header-precise;multi_day_gap
0/migraine/spano_features/stacked_2xgb_meta_lr/70_15_15/chrono/NonHP,0,1,,241527,training_20260515_190340_729_e7701406-db94-417f-aaf7-a7152b70314f.txt,2026-05-15T19:03:40,2026-05-15T19:03:41,2026-05-13T00:08:57,2026-05-15T19:14:24,6,11,True,header-precise;multi_day_gap
0/migraine/spano_features/stacked_2xgb_meta_lr/70_15_15/patient/NonHP,0,1,,10,training_20260522_150208_161_fe93b43d-fba7-40ea-9c52-ce6c68eb2273.txt,2026-05-22T15:02:08,2026-05-22T15:02:09,2026-05-22T15:02:08,2026-05-22T15:02:18,1,1,False,header-precise
0/migraine/spano_features/stacked_2xgb_meta_lr/70_15_15/stratified/NonHP,0,1,,1286153,training_20260515_190342_786_a01aef13-36b3-4510-9fba-0b00ffaa23fa.txt,2026-05-15T19:03:42,2026-05-15T19:03:43,2026-05-13T00:08:59,2026-05-27T21:24:52,3,7,True,header-precise;multi_day_gap
0/migraine/spano_features/stacked_2xgb_meta_lr/70_30/chrono/NonHP,0,2,,1286120,training_20260515_190344_928_dfcf01bc-6f77-40a5-8ab7-c9fe53d2a513.txt,2026-05-15T19:03:44,2026-05-15T19:03:46,2026-05-13T00:09:01,2026-05-27T21:24:21,3,7,True,header-precise;multi_day_gap
0/migraine/spano_features/stacked_2xgb_meta_lr/70_30/patient/NonHP,0,1,,10,training_20260522_150219_000_895cc87e-4f02-4d6f-913a-933dc9bdc9d9.txt,2026-05-22T15:02:19,2026-05-22T15:02:20,2026-05-22T15:02:19,2026-05-22T15:02:29,1,1,False,header-precise
0/migraine/spano_features/stacked_2xgb_meta_lr/70_30/stratified/NonHP,0,2,,241551,training_20260515_190346_947_c34bf239-3bef-4f5c-a809-e89a3e5ea06a.txt,2026-05-15T19:03:46,2026-05-15T19:03:48,2026-05-13T00:09:03,2026-05-15T19:14:54,3,4,True,header-precise;multi_day_gap
0/migraine/spano_features/stacked_2xgb_meta_lr/80_20/chrono/NonHP,0,2,,241557,training_20260515_190348_997_01d44918-fc02-48cf-80a4-c2e8b0c34762.txt,2026-05-15T19:03:48,2026-05-15T19:03:50,2026-05-13T00:09:05,2026-05-15T19:15:02,3,4,True,header-precise;multi_day_gap
0/migraine/spano_features/stacked_2xgb_meta_lr/80_20/patient/NonHP,0,1,,454970,training_20260522_150230_360_248ed8f8-2f8e-4f19-88bc-8aef5a91f5ea.txt,2026-05-22T15:02:30,2026-05-22T15:02:31,2026-05-22T15:02:30,2026-05-27T21:25:20,1,4,True,header-precise;multi_day_gap
0/migraine/spano_features/stacked_2xgb_meta_lr/80_20/stratified/NonHP,0,1,,241563,training_20260515_190351_206_7e119fe5-fb19-480e-9ef0-a3109bca3baa.txt,2026-05-15T19:03:51,2026-05-15T19:03:52,2026-05-13T00:09:07,2026-05-15T19:15:10,3,4,True,header-precise;multi_day_gap
1/headache/full_features/tabpfn/version_2-5-auto/70_30/stratified,1,2505,1082.13,1022626,training_20260513_131714_410_5c770248-9f70-40b3-bb3d-b0df854c6319.txt,2026-05-13T13:17:14,2026-05-13T13:58:59,2026-05-10T22:21:22,2026-05-22T18:25:08,7,5,True,header-precise;autogluon-precise;multi_day_gap
1/headache/full_features/tabpfn/version_2-5-auto/80_20/stratified,1,3020,1304.91,1022029,training_20260513_135902_936_aa686499-e5ed-4b14-8dfe-90cbba6701c5.txt,2026-05-13T13:59:02,2026-05-13T14:49:22,2026-05-10T22:32:14,2026-05-22T18:26:03,4,4,True,header-precise;autogluon-precise;multi_day_gap
1/headache/full_features/tabpfn/version_2-5-finetuned/70_15_15/chrono,1,968,,264552,training_20260513_144925_998_72ad884a-c76c-4444-add5-dd686126c99a.txt,2026-05-13T14:49:25,2026-05-13T15:05:33,2026-05-10T22:45:13,2026-05-14T00:14:25,7,4,True,header-precise;multi_day_gap
1/headache/full_features/tabpfn/version_2-5-finetuned/70_15_15/patient,1,705,,721,training_20260522_150243_278_dbcdc8fb-8037-4fbe-94f7-02a7aa9fb663.txt,2026-05-22T15:02:43,2026-05-22T15:14:28,2026-05-22T15:02:43,2026-05-22T15:14:44,1,1,False,header-precise
1/headache/full_features/tabpfn/version_2-5-finetuned/70_15_15/stratified,1,665,,264295,training_20260513_150536_060_a03ad8e4-7f4b-4852-98a9-c50126f4f822.txt,2026-05-13T15:05:36,2026-05-13T15:16:41,2026-05-10T22:49:46,2026-05-14T00:14:41,3,2,True,header-precise;multi_day_gap
1/headache/full_features/tabpfn/version_2-5-finetuned/70_30/chrono,1,964,,1020818,training_20260513_151644_190_2e715cf1-59de-4ac8-a998-d84708df18b0.txt,2026-05-13T15:16:44,2026-05-13T15:32:48,2026-05-10T22:52:45,2026-05-22T18:26:23,3,4,True,header-precise;multi_day_gap
1/headache/full_features/tabpfn/version_2-5-finetuned/70_30/patient,1,705,,11515,training_20260522_151447_511_db2509af-b8b7-4760-b373-4de3864e2fc0.txt,2026-05-22T15:14:47,2026-05-22T15:26:32,2026-05-22T15:14:47,2026-05-22T18:26:42,1,1,False,header-precise
1/headache/full_features/tabpfn/version_2-5-finetuned/70_30/stratified,1,721,,1020618,training_20260513_153251_484_4e43764a-4e01-4f87-bee1-985093e5e9b3.txt,2026-05-13T15:32:51,2026-05-13T15:44:52,2026-05-10T22:56:42,2026-05-22T18:27:00,3,4,True,header-precise;multi_day_gap
1/headache/full_features/tabpfn/version_2-5-finetuned/80_20/chrono,1,1070,,1020445,training_20260513_154455_344_9f7baa00-e14b-45e8-a423-9dec15e70878.txt,2026-05-13T15:44:55,2026-05-13T16:02:45,2026-05-10T22:59:56,2026-05-22T18:27:21,3,4,True,header-precise;multi_day_gap
1/headache/full_features/tabpfn/version_2-5-finetuned/80_20/patient,1,866,,10849,training_20260522_152652_625_f3bf04d2-e85f-4631-a6b9-fcc74f2c190f.txt,2026-05-22T15:26:52,2026-05-22T15:41:18,2026-05-22T15:26:52,2026-05-22T18:27:41,1,1,False,header-precise
1/headache/full_features/tabpfn/version_2-5-finetuned/80_20/stratified,1,819,,1039086,training_20260513_160248_266_a9863345-c44c-4a24-85df-f2339acf87bb.txt,2026-05-13T16:02:48,2026-05-13T16:16:27,2026-05-10T23:04:49,2026-05-22T23:42:55,3,11,True,header-precise;multi_day_gap
1/headache/full_features/tabpfn/version_2-5-real/70_15_15/chrono,1,0,,266160,training_20260513_161630_169_197e5492-0e11-42ec-8a73-7bb1e7d21696.txt,2026-05-13T16:16:30,2026-05-13T16:16:30,2026-05-10T22:20:12,2026-05-14T00:16:12,6,6,True,header-precise;multi_day_gap
1/headache/full_features/tabpfn/version_2-5-real/70_15_15/patient,1,0,,17,training_20260522_154139_240_b99666bf-6a8b-4281-b2c1-f5cb2d9fb6d4.txt,2026-05-22T15:41:39,2026-05-22T15:41:39,2026-05-22T15:41:39,2026-05-22T15:41:56,1,1,False,header-precise
1/headache/full_features/tabpfn/version_2-5-real/70_15_15/stratified,1,1,,266170,training_20260513_161633_757_195c46ac-abbe-4d0d-938a-c3a4561d1c8c.txt,2026-05-13T16:16:33,2026-05-13T16:16:34,2026-05-10T22:20:19,2026-05-14T00:16:29,3,3,True,header-precise;multi_day_gap
1/headache/full_features/tabpfn/version_2-5-real/70_30/chrono,1,0,,1022874,training_20260513_161637_320_4fdb971b-928e-4160-9b94-5f1ac300af6b.txt,2026-05-13T16:16:37,2026-05-13T16:16:37,2026-05-10T22:20:26,2026-05-22T18:28:20,3,3,True,header-precise;multi_day_gap
1/headache/full_features/tabpfn/version_2-5-real/70_30/patient,1,0,,10001,training_20260522_154159_307_36dc8865-644a-481d-9184-5891b84ea0c2.txt,2026-05-22T15:41:59,2026-05-22T15:41:59,2026-05-22T15:41:59,2026-05-22T18:28:40,1,1,False,header-precise
1/headache/full_features/tabpfn/version_2-5-real/70_30/stratified,1,0,,1022904,training_20260513_161641_000_2ed13cd8-4edd-4100-930a-d923fca547ca.txt,2026-05-13T16:16:41,2026-05-13T16:16:41,2026-05-10T22:20:34,2026-05-22T18:28:58,3,4,True,header-precise;multi_day_gap
1/headache/full_features/tabpfn/version_2-5-real/80_20/chrono,1,1,,1022918,training_20260513_161644_820_12eeef3a-5102-4225-b185-d88985ebabd0.txt,2026-05-13T16:16:44,2026-05-13T16:16:45,2026-05-10T22:20:40,2026-05-22T18:29:18,3,3,True,header-precise;multi_day_gap
1/headache/full_features/tabpfn/version_2-5-real/80_20/patient,1,0,,10037,training_20260522_154220_232_824ddcf6-ae43-47c8-9c89-052e0004f916.txt,2026-05-22T15:42:20,2026-05-22T15:42:20,2026-05-22T15:42:20,2026-05-22T18:29:37,1,1,False,header-precise
1/headache/full_features/tabpfn/version_2-5-real/80_20/stratified,1,0,,1022950,training_20260513_161648_369_dbab683d-1f57-46df-90d4-2a6aa2995648.txt,2026-05-13T16:16:48,2026-05-13T16:16:48,2026-05-10T22:20:46,2026-05-22T18:29:56,3,3,True,header-precise;multi_day_gap
1/headache/full_features/tabpfn/version_2-6/70_15_15/chrono,1,0,,266225,training_20260513_161652_026_7dae2114-924d-4774-b00a-91a47af2a5c3.txt,2026-05-13T16:16:52,2026-05-13T16:16:52,2026-05-10T22:20:53,2026-05-14T00:17:58,6,19,True,header-precise;multi_day_gap
1/headache/full_features/tabpfn/version_2-6/70_15_15/patient,1,1,,16,training_20260522_145720_437_2374509e-0d75-4017-90b9-d3b074c5bf9d.txt,2026-05-22T14:57:20,2026-05-22T14:57:21,2026-05-22T14:57:20,2026-05-22T14:57:36,1,1,False,header-precise
1/headache/full_features/tabpfn/version_2-6/70_15_15/stratified,1,1,,266235,training_20260513_161655_735_f26d8776-b2f2-4674-b59e-86993a75f1d0.txt,2026-05-13T16:16:55,2026-05-13T16:16:56,2026-05-10T22:20:59,2026-05-14T00:18:14,3,6,True,header-precise;multi_day_gap
1/headache/full_features/tabpfn/version_2-6/70_30/chrono,1,1,,1455704,training_20260513_161659_394_0b385a3a-fcff-49ba-a1b9-8a0053aab504.txt,2026-05-13T16:16:59,2026-05-13T16:17:00,2026-05-10T22:21:08,2026-05-27T18:42:52,3,12,True,header-precise;multi_day_gap
1/headache/full_features/tabpfn/version_2-6/70_30/patient,1,0,,10072,training_20260522_154241_340_58c9e7cc-ee1a-4f8b-8eda-3a1f624cd12d.txt,2026-05-22T15:42:41,2026-05-22T15:42:41,2026-05-22T15:42:41,2026-05-22T18:30:33,1,2,False,header-precise
1/headache/full_features/tabpfn/version_2-6/70_30/stratified,1,0,,1022980,training_20260513_161703_138_c1c1968d-e728-4e6e-89c6-9904100ec49c.txt,2026-05-13T16:17:03,2026-05-13T16:17:03,2026-05-10T22:21:12,2026-05-22T18:30:52,3,7,True,header-precise;multi_day_gap
1/headache/full_features/tabpfn/version_2-6/80_20/chrono,1,1,,1022999,training_20260513_161706_806_7fdbe0e4-276d-46d3-bb80-1cddea28c3b1.txt,2026-05-13T16:17:06,2026-05-13T16:17:07,2026-05-10T22:21:15,2026-05-22T18:31:14,3,6,True,header-precise;multi_day_gap
1/headache/full_features/tabpfn/version_2-6/80_20/patient,1,1,,10113,training_20260522_154302_475_8ae8d275-c223-499a-aadf-6633e0839dcf.txt,2026-05-22T15:43:02,2026-05-22T15:43:03,2026-05-22T15:43:02,2026-05-22T18:31:35,1,1,False,header-precise
1/headache/full_features/tabpfn/version_2-6/80_20/stratified,1,1,,1023035,training_20260513_161710_594_6eff2af0-3e9a-47aa-abe6-7f62382de7f3.txt,2026-05-13T16:17:10,2026-05-13T16:17:11,2026-05-10T22:21:19,2026-05-22T18:31:54,3,7,True,header-precise;multi_day_gap
1/headache/full_features/tabpfn/version_3-binary/70_15_15/chrono,1,1,,28943,training_20260513_161714_329_62cbb94c-f71f-410f-8491-eaae978fdedb.txt,2026-05-13T16:17:14,2026-05-13T16:17:15,2026-05-13T16:17:14,2026-05-14T00:19:37,3,4,False,header-precise
1/headache/full_features/tabpfn/version_3-binary/70_15_15/patient,1,1,,13,training_20260522_154323_525_aa564192-8755-43bc-9006-6fdbfe5d30b3.txt,2026-05-22T15:43:23,2026-05-22T15:43:24,2026-05-22T15:43:23,2026-05-22T15:43:36,1,1,False,header-precise
1/headache/full_features/tabpfn/version_3-binary/70_15_15/stratified,1,1,,28952,training_20260513_161718_374_63257aad-d7fa-4ead-a2e5-fcbf537d63d3.txt,2026-05-13T16:17:18,2026-05-13T16:17:19,2026-05-13T16:17:18,2026-05-14T00:19:50,1,2,False,header-precise
1/headache/full_features/tabpfn/version_3-binary/70_30/chrono,1,1,,1199773,training_20260513_161722_249_9ff6f877-d94d-4950-ad1d-77e4d700dc8b.txt,2026-05-13T16:17:22,2026-05-13T16:17:23,2026-05-13T16:17:22,2026-05-27T13:33:35,1,4,True,header-precise;multi_day_gap
1/headache/full_features/tabpfn/version_3-binary/70_30/patient,1,1,,10126,training_20260522_154339_870_6f65a5f2-8fb7-40f2-b819-b2a8632b18cf.txt,2026-05-22T15:43:39,2026-05-22T15:43:40,2026-05-22T15:43:39,2026-05-22T18:32:25,1,1,False,header-precise
1/headache/full_features/tabpfn/version_3-binary/70_30/stratified,1,1,,785714,training_20260513_161726_181_c85b7447-add5-403e-8d85-44708e531da5.txt,2026-05-13T16:17:26,2026-05-13T16:17:27,2026-05-13T16:17:26,2026-05-22T18:32:40,1,3,True,header-precise;multi_day_gap
1/headache/full_features/tabpfn/version_3-binary/80_20/chrono,1,1,,785726,training_20260513_161730_227_d5c010ca-9abf-43e9-aa70-7f656a443255.txt,2026-05-13T16:17:30,2026-05-13T16:17:31,2026-05-13T16:17:30,2026-05-22T18:32:56,1,3,True,header-precise;multi_day_gap
1/headache/full_features/tabpfn/version_3-binary/80_20/patient,1,1,,10150,training_20260522_154401_207_2beeebcc-8c95-481f-93a3-7a654d5974e0.txt,2026-05-22T15:44:01,2026-05-22T15:44:02,2026-05-22T15:44:01,2026-05-22T18:33:11,1,1,False,header-precise
1/headache/full_features/tabpfn/version_3-binary/80_20/stratified,1,1,,785751,training_20260513_161734_248_00730dd5-ab7c-48ed-a1ae-7001112a8cb8.txt,2026-05-13T16:17:34,2026-05-13T16:17:35,2026-05-13T16:17:34,2026-05-22T18:33:25,1,3,True,header-precise;multi_day_gap
1/headache/full_features/tabpfn/version_3-default/70_15_15/chrono,1,1,,29001,training_20260513_161738_282_1c75425f-0d49-4c52-b74f-faa4cef4870a.txt,2026-05-13T16:17:38,2026-05-13T16:17:39,2026-05-13T16:17:38,2026-05-14T00:20:59,3,4,False,header-precise
1/headache/full_features/tabpfn/version_3-default/70_15_15/patient,1,1,,444719,training_20260522_154422_636_fef7ca20-eedf-46d8-bdf7-22083781aa98.txt,2026-05-22T15:44:22,2026-05-22T15:44:23,2026-05-22T15:44:22,2026-05-27T19:16:21,1,4,True,header-precise;multi_day_gap
1/headache/full_features/tabpfn/version_3-default/70_15_15/stratified,1,1,,29010,training_20260513_161742_214_8a9e5a58-d28c-4c4f-b023-d392f926f2e0.txt,2026-05-13T16:17:42,2026-05-13T16:17:43,2026-05-13T16:17:42,2026-05-14T00:21:12,1,2,False,header-precise
1/headache/full_features/tabpfn/version_3-default/70_30/chrono,1,1,,1199000,training_20260513_161746_273_e4d2f278-52e1-4dd0-a64f-9ab09b9fc6c2.txt,2026-05-13T16:17:46,2026-05-13T16:17:47,2026-05-13T16:17:46,2026-05-27T13:21:06,1,4,True,header-precise;multi_day_gap
1/headache/full_features/tabpfn/version_3-default/70_30/patient,1,1,,10156,training_20260522_154438_897_dad97cb1-1e13-4560-9a26-d8e7ae2031e5.txt,2026-05-22T15:44:38,2026-05-22T15:44:39,2026-05-22T15:44:38,2026-05-22T18:33:54,1,1,False,header-precise
1/headache/full_features/tabpfn/version_3-default/70_30/stratified,1,1,,785778,training_20260513_161750_311_b90ababa-83dc-4b6b-82cd-25114052eeac.txt,2026-05-13T16:17:50,2026-05-13T16:17:51,2026-05-13T16:17:50,2026-05-22T18:34:08,1,3,True,header-precise;multi_day_gap
1/headache/full_features/tabpfn/version_3-default/80_20/chrono,1,1,,785790,training_20260513_161754_301_56ea0367-22ea-4424-bcbd-d00afe7de849.txt,2026-05-13T16:17:54,2026-05-13T16:17:55,2026-05-13T16:17:54,2026-05-22T18:34:24,1,3,True,header-precise;multi_day_gap
1/headache/full_features/tabpfn/version_3-default/80_20/patient,1,1,,10179,training_20260522_154500_302_5f852727-157c-44d3-a9a9-7daf0c2f4a1f.txt,2026-05-22T15:45:00,2026-05-22T15:45:01,2026-05-22T15:45:00,2026-05-22T18:34:39,1,1,False,header-precise
1/headache/full_features/tabpfn/version_3-default/80_20/stratified,1,1,,1219594,training_20260513_161758_279_2a10f819-c1bb-478b-8a0b-6f34f46e5f29.txt,2026-05-13T16:17:58,2026-05-13T16:17:59,2026-05-13T16:17:58,2026-05-27T19:04:32,1,6,True,header-precise;multi_day_gap
1/headache/no_rolling_features/tabpfn/version_2-5-finetuned/70_15_15/chrono,1,498,,263585,training_20260513_161802_309_97694a92-626a-4db5-9aca-d6a82d53343d.txt,2026-05-13T16:18:02,2026-05-13T16:26:20,2026-05-10T23:09:17,2026-05-14T00:22:22,8,5,True,header-precise;multi_day_gap
1/headache/no_rolling_features/tabpfn/version_2-5-finetuned/70_15_15/patient,1,527,,540,training_20260522_154521_658_f05c7459-de92-49d2-b08d-0e72861bdf13.txt,2026-05-22T15:45:21,2026-05-22T15:54:08,2026-05-22T15:45:21,2026-05-22T15:54:21,1,1,False,header-precise
1/headache/no_rolling_features/tabpfn/version_2-5-finetuned/70_15_15/stratified,1,443,,266789,training_20260513_162623_153_4bb20af6-edfc-4bc0-95d5-e81bf37a6ca9.txt,2026-05-13T16:26:23,2026-05-13T16:33:46,2026-05-10T22:16:07,2026-05-14T00:22:36,4,3,True,header-precise;multi_day_gap
1/headache/no_rolling_features/tabpfn/version_2-5-finetuned/70_30/chrono,1,499,,266669,training_20260513_163349_575_a5c3cef5-6ee8-4f33-adfe-365193f308ff.txt,2026-05-13T16:33:49,2026-05-13T16:42:08,2026-05-10T22:18:22,2026-05-14T00:22:51,3,3,True,header-precise;multi_day_gap
1/headache/no_rolling_features/tabpfn/version_2-5-finetuned/70_30/patient,1,526,,541,training_20260522_155425_025_b44b537b-19bd-40eb-9387-72b2a3bbbafb.txt,2026-05-22T15:54:25,2026-05-22T16:03:11,2026-05-22T15:54:25,2026-05-22T16:03:26,1,1,False,header-precise
1/headache/no_rolling_features/tabpfn/version_2-5-finetuned/70_30/stratified,1,498,,260065,training_20260513_164211_096_32a2539d-ce16-4a83-a29c-7ca0a69f5262.txt,2026-05-13T16:42:11,2026-05-13T16:50:29,2026-05-11T00:08:42,2026-05-14T00:23:07,2,2,True,header-precise;multi_day_gap
1/headache/no_rolling_features/tabpfn/version_2-5-finetuned/80_20/chrono,1,142,,259966,training_20260513_224140_738_38b4239e-c5f4-4f18-9497-dfa1c8cab800.txt,2026-05-13T22:41:40,2026-05-13T22:44:02,2026-05-11T00:10:37,2026-05-14T00:23:23,3,2,True,header-precise;multi_day_gap
1/headache/no_rolling_features/tabpfn/version_2-5-finetuned/80_20/patient,1,482,,498,training_20260522_160328_863_10046aa6-45b9-4a80-a5c5-c188cf19d83e.txt,2026-05-22T16:03:28,2026-05-22T16:11:30,2026-05-22T16:03:28,2026-05-22T16:11:46,1,1,False,header-precise
1/headache/no_rolling_features/tabpfn/version_2-5-finetuned/80_20/stratified,1,217,,259909,training_20260513_224406_082_94f99b07-860a-452f-806b-3c20a23186f0.txt,2026-05-13T22:44:06,2026-05-13T22:47:43,2026-05-11T00:11:49,2026-05-14T00:23:38,3,4,True,header-precise;multi_day_gap
1/headache/no_rolling_features/tabpfn/version_2-5-real/70_15_15/chrono,1,0,,263733,training_20260513_170415_144_2e71fe29-c69e-42be-b60d-6bce76619ae8.txt,2026-05-13T17:04:15,2026-05-13T17:04:15,2026-05-10T23:08:21,2026-05-14T00:23:54,7,6,True,header-precise;multi_day_gap
1/headache/no_rolling_features/tabpfn/version_2-5-real/70_15_15/patient,1,0,,13,training_20260522_161149_041_ca1b2aa4-08e9-4f27-8d46-cb1c0defdaa1.txt,2026-05-22T16:11:49,2026-05-22T16:11:49,2026-05-22T16:11:49,2026-05-22T16:12:02,1,1,False,header-precise
1/headache/no_rolling_features/tabpfn/version_2-5-real/70_15_15/stratified,1,1,,1456566,training_20260513_170418_690_85df1495-6c67-4798-b575-4c8b5f753d8f.txt,2026-05-13T17:04:18,2026-05-13T17:04:19,2026-05-10T23:08:30,2026-05-27T19:44:36,2,6,True,header-precise;multi_day_gap
1/headache/no_rolling_features/tabpfn/version_2-5-real/70_30/chrono,1,0,,263742,training_20260513_170422_188_f778d676-100a-4df7-be23-dd02a5af0289.txt,2026-05-13T17:04:22,2026-05-13T17:04:22,2026-05-10T23:08:41,2026-05-14T00:24:23,3,3,True,header-precise;multi_day_gap
1/headache/no_rolling_features/tabpfn/version_2-5-real/70_30/patient,1,1,,15,training_20260522_161205_769_c4a6cce3-917c-4d86-a230-9b20747512c4.txt,2026-05-22T16:12:05,2026-05-22T16:12:06,2026-05-22T16:12:05,2026-05-22T16:12:20,1,1,False,header-precise
1/headache/no_rolling_features/tabpfn/version_2-5-real/70_30/stratified,1,1,,263752,training_20260513_170425_671_c972da46-cca6-44b7-9e4f-0cea39f40ce5.txt,2026-05-13T17:04:25,2026-05-13T17:04:26,2026-05-10T23:08:47,2026-05-14T00:24:39,3,3,True,header-precise;multi_day_gap
1/headache/no_rolling_features/tabpfn/version_2-5-real/80_20/chrono,1,0,,263762,training_20260513_170429_181_df6c6f0c-d1d2-49f9-8fb8-7e5ccbefd308.txt,2026-05-13T17:04:29,2026-05-13T17:04:29,2026-05-10T23:08:53,2026-05-14T00:24:55,3,3,True,header-precise;multi_day_gap
1/headache/no_rolling_features/tabpfn/version_2-5-real/80_20/patient,1,0,,15,training_20260522_161223_174_85e0d242-6354-4d6d-aa4f-5af29a668a74.txt,2026-05-22T16:12:23,2026-05-22T16:12:23,2026-05-22T16:12:23,2026-05-22T16:12:38,1,1,False,header-precise
1/headache/no_rolling_features/tabpfn/version_2-5-real/80_20/stratified,1,1,,263774,training_20260513_170432_644_c0cf3053-f0c4-4f5d-ac40-c3c9a4427270.txt,2026-05-13T17:04:32,2026-05-13T17:04:33,2026-05-10T23:08:56,2026-05-14T00:25:10,4,4,True,header-precise;multi_day_gap
1/headache/no_rolling_features/tabpfn/version_2-6/70_15_15/chrono,1,0,,263785,training_20260513_170436_131_12e24d41-1c24-4204-b69e-8169fd021447.txt,2026-05-13T17:04:36,2026-05-13T17:04:36,2026-05-10T23:08:59,2026-05-14T00:25:24,6,12,True,header-precise;multi_day_gap
1/headache/no_rolling_features/tabpfn/version_2-6/70_15_15/patient,1,0,,14,training_20260522_161241_372_83509e2d-dacb-4eb7-88e2-2d7b2c2e816c.txt,2026-05-22T16:12:41,2026-05-22T16:12:41,2026-05-22T16:12:41,2026-05-22T16:12:55,1,1,False,header-precise
1/headache/no_rolling_features/tabpfn/version_2-6/70_15_15/stratified,1,1,,263796,training_20260513_170439_698_c5584c2d-c949-42ed-88c5-21c06f420d9c.txt,2026-05-13T17:04:39,2026-05-13T17:04:40,2026-05-10T23:09:02,2026-05-14T00:25:38,3,6,True,header-precise;multi_day_gap
1/headache/no_rolling_features/tabpfn/version_2-6/70_30/chrono,1,0,,263808,training_20260513_170443_245_6c519a6d-7c1d-434a-816e-9a268fef6069.txt,2026-05-13T17:04:43,2026-05-13T17:04:43,2026-05-10T23:09:05,2026-05-14T00:25:53,3,6,True,header-precise;multi_day_gap
1/headache/no_rolling_features/tabpfn/version_2-6/70_30/patient,1,0,,14,training_20260522_161258_016_bd433e58-d0c3-401d-8e30-7fb237e61863.txt,2026-05-22T16:12:58,2026-05-22T16:12:58,2026-05-22T16:12:58,2026-05-22T16:13:12,1,1,False,header-precise
1/headache/no_rolling_features/tabpfn/version_2-6/70_30/stratified,1,1,,263819,training_20260513_170446_808_d6e593f9-fdd2-4e81-8f34-59cb97e9cbd3.txt,2026-05-13T17:04:46,2026-05-13T17:04:47,2026-05-10T23:09:08,2026-05-14T00:26:07,2,6,True,header-precise;multi_day_gap
1/headache/no_rolling_features/tabpfn/version_2-6/80_20/chrono,1,0,,263832,training_20260513_170450_322_2659d662-0ff2-494c-85f2-1002270398ce.txt,2026-05-13T17:04:50,2026-05-13T17:04:50,2026-05-10T23:09:11,2026-05-14T00:26:23,3,5,True,header-precise;multi_day_gap
1/headache/no_rolling_features/tabpfn/version_2-6/80_20/patient,1,0,,15,training_20260522_161315_233_17264369-275a-4ef9-b08e-f667306bc9ef.txt,2026-05-22T16:13:15,2026-05-22T16:13:15,2026-05-22T16:13:15,2026-05-22T16:13:30,1,1,False,header-precise
1/headache/no_rolling_features/tabpfn/version_2-6/80_20/stratified,1,1,,263843,training_20260513_170453_950_77475784-45ad-4608-a1a6-8986bcccfb19.txt,2026-05-13T17:04:53,2026-05-13T17:04:54,2026-05-10T23:09:14,2026-05-14T00:26:37,4,6,True,header-precise;multi_day_gap
1/headache/no_rolling_features/tabpfn/version_3-binary/70_15_15/chrono,1,1,,26513,training_20260513_170457_555_ae9bb3ee-58e2-49f5-a70a-539d1f2dc1ef.txt,2026-05-13T17:04:57,2026-05-13T17:04:58,2026-05-13T17:04:57,2026-05-14T00:26:50,3,4,False,header-precise
1/headache/no_rolling_features/tabpfn/version_3-binary/70_15_15/patient,1,1,,13,training_20260522_161342_073_5717ff80-c40f-403f-9bf8-cf332e7f1f37.txt,2026-05-22T16:13:42,2026-05-22T16:13:43,2026-05-22T16:13:42,2026-05-22T16:13:55,1,1,False,header-precise
1/headache/no_rolling_features/tabpfn/version_3-binary/70_15_15/stratified,1,1,,26523,training_20260513_170501_529_d112a598-1e5f-4516-8b84-8f4628059438.txt,2026-05-13T17:05:01,2026-05-13T17:05:02,2026-05-13T17:05:01,2026-05-14T00:27:04,1,2,False,header-precise
1/headache/no_rolling_features/tabpfn/version_3-binary/70_30/chrono,1,1,,1218308,training_20260513_170505_532_60a549fb-6a96-421f-8460-dcddc365a5d7.txt,2026-05-13T17:05:05,2026-05-13T17:05:06,2026-05-13T17:05:05,2026-05-27T19:30:13,1,5,True,header-precise;multi_day_gap
1/headache/no_rolling_features/tabpfn/version_3-binary/70_30/patient,1,1,,445545,training_20260522_161358_216_501a0c44-ecf7-4271-9efb-5a5af6106d64.txt,2026-05-22T16:13:58,2026-05-22T16:13:59,2026-05-22T16:13:58,2026-05-27T19:59:43,1,4,True,header-precise;multi_day_gap
1/headache/no_rolling_features/tabpfn/version_3-binary/70_30/stratified,1,1,,26542,training_20260513_170509_416_7056cb79-1fd6-4a3a-adbc-cf3b97ed808d.txt,2026-05-13T17:05:09,2026-05-13T17:05:10,2026-05-13T17:05:09,2026-05-14T00:27:31,1,2,False,header-precise
1/headache/no_rolling_features/tabpfn/version_3-binary/80_20/chrono,1,1,,26552,training_20260513_170513_301_166383e2-9477-4faa-b11e-8e3d80145fa6.txt,2026-05-13T17:05:13,2026-05-13T17:05:14,2026-05-13T17:05:13,2026-05-14T00:27:45,1,2,False,header-precise
1/headache/no_rolling_features/tabpfn/version_3-binary/80_20/patient,1,1,,14,training_20260522_161415_558_f5609f0b-ce9d-4d17-9ee0-565678f94134.txt,2026-05-22T16:14:15,2026-05-22T16:14:16,2026-05-22T16:14:15,2026-05-22T16:14:29,1,1,False,header-precise
1/headache/no_rolling_features/tabpfn/version_3-binary/80_20/stratified,1,1,,103024,training_20260513_170517_251_92484eaf-6e15-4cc9-9f85-507054c60086.txt,2026-05-13T17:05:17,2026-05-13T17:05:18,2026-05-12T19:50:55,2026-05-14T00:27:59,2,2,True,header-precise;multi_day_gap
1/headache/no_rolling_features/tabpfn/version_3-default/70_15_15/chrono,1,1,,26571,training_20260513_170521_223_b43bb690-78ff-4a26-8a82-dbaf64047448.txt,2026-05-13T17:05:21,2026-05-13T17:05:22,2026-05-13T17:05:21,2026-05-14T00:28:12,3,4,False,header-precise
1/headache/no_rolling_features/tabpfn/version_3-default/70_15_15/patient,1,1,,13,training_20260522_161432_376_8c9af66c-d48a-49fb-98e2-a98e0091b224.txt,2026-05-22T16:14:32,2026-05-22T16:14:33,2026-05-22T16:14:32,2026-05-22T16:14:45,1,1,False,header-precise
1/headache/no_rolling_features/tabpfn/version_3-default/70_15_15/stratified,1,1,,26580,training_20260513_170525_261_5ab8892c-63e3-4660-bd2e-3fd7e9177ce4.txt,2026-05-13T17:05:25,2026-05-13T17:05:26,2026-05-13T17:05:25,2026-05-14T00:28:25,1,2,False,header-precise
1/headache/no_rolling_features/tabpfn/version_3-default/70_30/chrono,1,1,,26589,training_20260513_170529_194_11754be4-d77f-4812-a907-14e62cc72bb7.txt,2026-05-13T17:05:29,2026-05-13T17:05:30,2026-05-13T17:05:29,2026-05-14T00:28:38,1,2,False,header-precise
1/headache/no_rolling_features/tabpfn/version_3-default/70_30/patient,1,1,,15,training_20260522_161448_417_4d2937b7-3b7e-400c-a897-58385d125c8b.txt,2026-05-22T16:14:48,2026-05-22T16:14:49,2026-05-22T16:14:48,2026-05-22T16:15:03,1,1,False,header-precise
1/headache/no_rolling_features/tabpfn/version_3-default/70_30/stratified,1,1,,26599,training_20260513_170533_164_5004ecee-ce56-4b38-9e6f-90478538d8b7.txt,2026-05-13T17:05:33,2026-05-13T17:05:34,2026-05-13T17:05:33,2026-05-14T00:28:52,1,2,False,header-precise
1/headache/no_rolling_features/tabpfn/version_3-default/80_20/chrono,1,1,,26609,training_20260513_170537_179_3de09d39-0917-4bef-884c-931a75578daa.txt,2026-05-13T17:05:37,2026-05-13T17:05:38,2026-05-13T17:05:37,2026-05-14T00:29:06,1,2,False,header-precise
1/headache/no_rolling_features/tabpfn/version_3-default/80_20/patient,1,1,,15,training_20260522_161505_906_8b83593a-c571-4433-a5e2-0cdc650f8a27.txt,2026-05-22T16:15:05,2026-05-22T16:15:06,2026-05-22T16:15:05,2026-05-22T16:15:20,1,1,False,header-precise
1/headache/no_rolling_features/tabpfn/version_3-default/80_20/stratified,1,1,,104616,training_20260513_170541_189_6223b818-2268-43d6-839a-23964e2357e5.txt,2026-05-13T17:05:41,2026-05-13T17:05:42,2026-05-12T19:25:43,2026-05-14T00:29:19,2,3,True,header-precise;multi_day_gap
1/migraine/full_features/tabpfn/version_2-5-auto/70_15_15/stratified,1,1826,1079.36,1456098,training_20260513_170545_177_543f1985-a588-4548-b71b-62c779ba5ef2.txt,2026-05-13T17:05:45,2026-05-13T17:36:11,2026-05-11T00:14:38,2026-05-27T20:42:56,4,7,True,header-precise;autogluon-precise;multi_day_gap
1/migraine/full_features/tabpfn/version_2-5-auto/70_30/chrono,1,3404,1471.89,1560494,training_20260513_173615_024_2522ae0c-41d7-4f01-b2c9-f4f5fdb59a7e.txt,2026-05-13T17:36:15,2026-05-13T18:32:59,2026-05-11T00:25:20,2026-05-29T01:53:34,2,4,True,header-precise;autogluon-precise;multi_day_gap
1/migraine/full_features/tabpfn/version_2-5-finetuned/70_15_15/chrono,1,136,,258650,training_20260513_183303_064_26a3d89a-502e-421d-a420-2184930a3388.txt,2026-05-13T18:33:03,2026-05-13T18:35:19,2026-05-11T00:39:50,2026-05-14T00:30:40,9,7,True,header-precise;multi_day_gap
1/migraine/full_features/tabpfn/version_2-5-finetuned/70_15_15/patient,1,705,,722,training_20260522_161523_169_c47643ad-20e4-4964-979e-5c054542fd46.txt,2026-05-22T16:15:23,2026-05-22T16:27:08,2026-05-22T16:15:23,2026-05-22T16:27:25,1,1,False,header-precise
1/migraine/full_features/tabpfn/version_2-5-finetuned/70_15_15/stratified,1,214,,1453589,training_20260513_224746_291_479fbe9b-d516-414c-b097-9036f19a5033.txt,2026-05-13T22:47:46,2026-05-13T22:51:20,2026-05-11T00:43:51,2026-05-27T20:30:20,3,6,True,header-precise;multi_day_gap
1/migraine/full_features/tabpfn/version_2-5-finetuned/70_30/chrono,1,931,,1452326,training_20260513_184425_749_e5b56fb7-2100-4cb4-81eb-31b63fbf2685.txt,2026-05-13T18:44:25,2026-05-13T18:59:56,2026-05-11T00:47:04,2026-05-27T20:12:30,2,6,True,header-precise;multi_day_gap
1/migraine/full_features/tabpfn/version_2-5-finetuned/70_30/patient,1,705,,7737,training_20260522_162728_361_a52d0724-7b67-4b54-9002-c5d46417a5ad.txt,2026-05-22T16:27:28,2026-05-22T16:39:13,2026-05-22T16:27:28,2026-05-22T18:36:25,1,1,False,header-precise
1/migraine/full_features/tabpfn/version_2-5-finetuned/70_30/stratified,1,662,,1014341,training_20260513_185959_833_235a3f14-a17c-402c-8818-adf73b26b9a5.txt,2026-05-13T18:59:59,2026-05-13T19:11:01,2026-05-11T00:51:05,2026-05-22T18:36:46,2,4,True,header-precise;multi_day_gap
1/migraine/full_features/tabpfn/version_2-5-finetuned/80_20/chrono,1,1269,,1014143,training_20260513_191104_308_b463c97c-a65f-4ccf-bc53-22479299d69d.txt,2026-05-13T19:11:04,2026-05-13T19:32:13,2026-05-11T00:54:44,2026-05-22T18:37:07,2,4,True,header-precise;multi_day_gap
1/migraine/full_features/tabpfn/version_2-5-finetuned/80_20/patient,1,885,,7076,training_20260522_163933_904_eac39593-89c3-4c1d-a8a6-cb7f9b7a69e1.txt,2026-05-22T16:39:33,2026-05-22T16:54:18,2026-05-22T16:39:33,2026-05-22T18:37:29,1,1,False,header-precise
1/migraine/full_features/tabpfn/version_2-5-finetuned/80_20/stratified,1,872,,1013891,training_20260513_193216_958_aee92ee1-b504-4091-84ef-c791e41e4ffc.txt,2026-05-13T19:32:16,2026-05-13T19:46:48,2026-05-11T00:59:42,2026-05-22T18:37:53,2,3,True,header-precise;multi_day_gap
1/migraine/full_features/tabpfn/version_2-5-real/70_15_15/chrono,1,1,,260310,training_20260513_194651_836_bad2cd45-3906-44db-bc59-136ccb74a0d9.txt,2026-05-13T19:46:51,2026-05-13T19:46:52,2026-05-11T00:14:03,2026-05-14T00:32:33,6,7,True,header-precise;multi_day_gap
1/migraine/full_features/tabpfn/version_2-5-real/70_15_15/patient,1,0,,17,training_20260522_165439_284_c473f094-1662-47c8-9f5a-271881ce4947.txt,2026-05-22T16:54:39,2026-05-22T16:54:39,2026-05-22T16:54:39,2026-05-22T16:54:56,1,1,False,header-precise
1/migraine/full_features/tabpfn/version_2-5-real/70_15_15/stratified,1,0,,260324,training_20260513_194655_358_2da7d04c-f79a-4293-8b03-52c0c11191f5.txt,2026-05-13T19:46:55,2026-05-13T19:46:55,2026-05-11T00:14:06,2026-05-14T00:32:50,2,3,True,header-precise;multi_day_gap
1/migraine/full_features/tabpfn/version_2-5-real/70_30/chrono,1,0,,1034811,training_20260513_194659_020_185d8f4c-0676-4e58-adc8-db5eaff9f39e.txt,2026-05-13T19:46:59,2026-05-13T19:46:59,2026-05-11T00:14:09,2026-05-22T23:41:00,2,5,True,header-precise;multi_day_gap
1/migraine/full_features/tabpfn/version_2-5-real/70_30/patient,1,1,,6216,training_20260522_165459_519_b6127638-9b1e-4e5f-a207-f24841f8b89b.txt,2026-05-22T16:54:59,2026-05-22T16:55:00,2026-05-22T16:54:59,2026-05-22T18:38:35,1,1,False,header-precise
1/migraine/full_features/tabpfn/version_2-5-real/70_30/stratified,1,1,,1016683,training_20260513_194702_614_30051a07-fbb2-45ca-abfc-dec2ddb0ae66.txt,2026-05-13T19:47:02,2026-05-13T19:47:03,2026-05-11T00:14:12,2026-05-22T18:38:55,2,3,True,header-precise;multi_day_gap
1/migraine/full_features/tabpfn/version_2-5-real/80_20/chrono,1,0,,1016702,training_20260513_194706_192_58146d0f-1cdf-47ff-bf2f-307f56322395.txt,2026-05-13T19:47:06,2026-05-13T19:47:06,2026-05-11T00:14:14,2026-05-22T18:39:16,2,4,True,header-precise;multi_day_gap
1/migraine/full_features/tabpfn/version_2-5-real/80_20/patient,1,1,,6257,training_20260522_165520_612_0bcedccd-8ca5-4964-94bc-35dc2036dda5.txt,2026-05-22T16:55:20,2026-05-22T16:55:21,2026-05-22T16:55:20,2026-05-22T18:39:37,1,1,False,header-precise
1/migraine/full_features/tabpfn/version_2-5-real/80_20/stratified,1,1,,1016740,training_20260513_194709_765_5edcb718-25d1-4364-a716-c8d13f6af90a.txt,2026-05-13T19:47:09,2026-05-13T19:47:10,2026-05-11T00:14:17,2026-05-22T18:39:57,2,4,True,header-precise;multi_day_gap
1/migraine/full_features/tabpfn/version_2-6/70_15_15/chrono,1,1,,260403,training_20260513_194713_332_42f56edf-c055-4c0e-96d0-c85c3a10cb9a.txt,2026-05-13T19:47:13,2026-05-13T19:47:14,2026-05-11T00:14:20,2026-05-14T00:34:23,6,13,True,header-precise;multi_day_gap
1/migraine/full_features/tabpfn/version_2-6/70_15_15/patient,1,1,,16,training_20260522_165541_683_c806c75a-8c37-41a2-802e-3fe92ba461e7.txt,2026-05-22T16:55:41,2026-05-22T16:55:42,2026-05-22T16:55:41,2026-05-22T16:55:57,1,1,False,header-precise
1/migraine/full_features/tabpfn/version_2-6/70_15_15/stratified,1,0,,260416,training_20260513_194717_071_3a4994c7-8f3f-45b9-b73a-604a4a999b9b.txt,2026-05-13T19:47:17,2026-05-13T19:47:17,2026-05-11T00:14:23,2026-05-14T00:34:39,2,6,True,header-precise;multi_day_gap
1/migraine/full_features/tabpfn/version_2-6/70_30/chrono,1,1,,1016752,training_20260513_194720_815_88d47f15-81ce-4ad6-96cc-ec2f199d85e6.txt,2026-05-13T19:47:20,2026-05-13T19:47:21,2026-05-11T00:14:26,2026-05-22T18:40:18,2,7,True,header-precise;multi_day_gap
1/migraine/full_features/tabpfn/version_2-6/70_30/patient,1,1,,6279,training_20260522_165600_809_6bdf42dd-7f8f-40ec-a5b6-f7a5c0312754.txt,2026-05-22T16:56:00,2026-05-22T16:56:01,2026-05-22T16:56:00,2026-05-22T18:40:39,1,1,False,header-precise
1/migraine/full_features/tabpfn/version_2-6/70_30/stratified,1,1,,1016790,training_20260513_194724_546_b8ad838c-5738-48b7-bad0-0ccc1512f99c.txt,2026-05-13T19:47:24,2026-05-13T19:47:25,2026-05-11T00:14:29,2026-05-22T18:40:59,2,7,True,header-precise;multi_day_gap
1/migraine/full_features/tabpfn/version_2-6/80_20/chrono,1,0,,1016807,training_20260513_194728_213_85510096-1096-48d4-af23-e219ec15e47b.txt,2026-05-13T19:47:28,2026-05-13T19:47:28,2026-05-11T00:14:32,2026-05-22T18:41:19,2,7,True,header-precise;multi_day_gap
1/migraine/full_features/tabpfn/version_2-6/80_20/patient,1,1,,6318,training_20260522_165621_875_bd9620b2-f786-43e3-87c6-1d73778967d8.txt,2026-05-22T16:56:21,2026-05-22T16:56:22,2026-05-22T16:56:21,2026-05-22T18:41:39,1,1,False,header-precise
1/migraine/full_features/tabpfn/version_2-6/80_20/stratified,1,1,,1016844,training_20260513_194731_996_fea73760-6b97-4a18-a841-2d605bb0be89.txt,2026-05-13T19:47:31,2026-05-13T19:47:32,2026-05-11T00:14:35,2026-05-22T18:41:59,2,7,True,header-precise;multi_day_gap
1/migraine/full_features/tabpfn/version_3-binary/70_15_15/chrono,1,1,,47890,training_20260513_194735_725_0b204495-1980-4521-8daf-813a44098e0a.txt,2026-05-13T19:47:35,2026-05-13T19:47:36,2026-05-13T11:17:55,2026-05-14T00:36:05,4,5,True,header-precise;multi_day_gap
1/migraine/full_features/tabpfn/version_3-binary/70_15_15/patient,1,1,,447361,training_20260522_165643_180_b7c44e81-8a0b-43de-bb7c-c30328df34d8.txt,2026-05-22T16:56:43,2026-05-22T16:56:44,2026-05-22T16:56:43,2026-05-27T21:12:44,1,4,True,header-precise;multi_day_gap
1/migraine/full_features/tabpfn/version_3-binary/70_15_15/stratified,1,1,,17320,training_20260513_194739_766_99d7afa8-bb99-4f88-9bc8-ca148b78623f.txt,2026-05-13T19:47:39,2026-05-13T19:47:40,2026-05-13T19:47:39,2026-05-14T00:36:19,1,2,False,header-precise
1/migraine/full_features/tabpfn/version_3-binary/70_30/chrono,1,1,,773672,training_20260513_194743_792_bf6e596d-c714-40e0-90d0-e48eab56369c.txt,2026-05-13T19:47:43,2026-05-13T19:47:44,2026-05-13T19:47:43,2026-05-22T18:42:15,1,3,True,header-precise;multi_day_gap
1/migraine/full_features/tabpfn/version_3-binary/70_30/patient,1,1,,6331,training_20260522_165700_421_56a7e71f-79b5-4df1-9184-6d2cbb868023.txt,2026-05-22T16:57:00,2026-05-22T16:57:01,2026-05-22T16:57:00,2026-05-22T18:42:31,1,1,False,header-precise
1/migraine/full_features/tabpfn/version_3-binary/70_30/stratified,1,1,,773700,training_20260513_194747_803_c8d70fa5-36a5-4917-951d-600c8e1231eb.txt,2026-05-13T19:47:47,2026-05-13T19:47:48,2026-05-13T19:47:47,2026-05-22T18:42:47,1,3,True,header-precise;multi_day_gap
1/migraine/full_features/tabpfn/version_3-binary/80_20/chrono,1,1,,773713,training_20260513_194751_745_2c4f26e4-0e74-4dc1-9947-feec1cee3f67.txt,2026-05-13T19:47:51,2026-05-13T19:47:52,2026-05-13T19:47:51,2026-05-22T18:43:04,1,3,True,header-precise;multi_day_gap
1/migraine/full_features/tabpfn/version_3-binary/80_20/patient,1,1,,6358,training_20260522_165721_783_5ba7b81e-9c26-4ec2-af7c-cae7174fae07.txt,2026-05-22T16:57:21,2026-05-22T16:57:22,2026-05-22T16:57:21,2026-05-22T18:43:19,1,1,False,header-precise
1/migraine/full_features/tabpfn/version_3-binary/80_20/stratified,1,1,,773741,training_20260513_194755_770_400802e6-1e8e-4a7a-bc59-cf27f4e01587.txt,2026-05-13T19:47:55,2026-05-13T19:47:56,2026-05-13T19:47:55,2026-05-22T18:43:36,1,3,True,header-precise;multi_day_gap
1/migraine/full_features/tabpfn/version_3-default/70_15_15/chrono,1,1,,47982,training_20260513_194759_741_f2ab5ba4-276d-4762-90b4-d29c4b57f272.txt,2026-05-13T19:47:59,2026-05-13T19:48:00,2026-05-13T11:17:51,2026-05-14T00:37:33,4,5,True,header-precise;multi_day_gap
1/migraine/full_features/tabpfn/version_3-default/70_15_15/patient,1,1,,15,training_20260522_165743_320_dbfd226d-2db2-4cda-8f07-9351fd84e87c.txt,2026-05-22T16:57:43,2026-05-22T16:57:44,2026-05-22T16:57:43,2026-05-22T16:57:58,1,1,False,header-precise
1/migraine/full_features/tabpfn/version_3-default/70_15_15/stratified,1,1,,17384,training_20260513_194803_839_07ee3951-147d-40b2-966f-13375f4a46da.txt,2026-05-13T19:48:03,2026-05-13T19:48:04,2026-05-13T19:48:03,2026-05-14T00:37:47,1,2,False,header-precise
1/migraine/full_features/tabpfn/version_3-default/70_30/chrono,1,1,,773746,training_20260513_194807_909_dc561ee9-3195-48f7-a61e-6431f09c0299.txt,2026-05-13T19:48:07,2026-05-13T19:48:08,2026-05-13T19:48:07,2026-05-22T18:43:53,1,3,True,header-precise;multi_day_gap
1/migraine/full_features/tabpfn/version_3-default/70_30/patient,1,1,,6372,training_20260522_165800_910_813a89f9-6718-45d8-84d5-1f1afc0d357f.txt,2026-05-22T16:58:00,2026-05-22T16:58:01,2026-05-22T16:58:00,2026-05-22T18:44:12,1,1,False,header-precise
1/migraine/full_features/tabpfn/version_3-default/70_30/stratified,1,1,,773782,training_20260513_194811_889_74498d9e-21c5-4e88-9a53-0f0f87320a1c.txt,2026-05-13T19:48:11,2026-05-13T19:48:12,2026-05-13T19:48:11,2026-05-22T18:44:33,1,3,True,header-precise;multi_day_gap
1/migraine/full_features/tabpfn/version_3-default/80_20/chrono,1,1,,773795,training_20260513_194815_875_c17472cf-ba13-4ca2-b8b9-2300ac32df64.txt,2026-05-13T19:48:15,2026-05-13T19:48:16,2026-05-13T19:48:15,2026-05-22T18:44:50,1,3,True,header-precise;multi_day_gap
1/migraine/full_features/tabpfn/version_3-default/80_20/patient,1,1,,6404,training_20260522_165822_237_fc9b6ff4-c41c-4260-93b7-6bdc874b1013.txt,2026-05-22T16:58:22,2026-05-22T16:58:23,2026-05-22T16:58:22,2026-05-22T18:45:06,1,1,False,header-precise
1/migraine/full_features/tabpfn/version_3-default/80_20/stratified,1,1,,773823,training_20260513_194819_844_a63ee9a7-4731-4121-af61-dc9163ad3ec0.txt,2026-05-13T19:48:19,2026-05-13T19:48:20,2026-05-13T19:48:19,2026-05-22T18:45:22,1,3,True,header-precise;multi_day_gap
1/migraine/no_rolling_features/tabpfn/version_2-5-finetuned/70_15_15/chrono,1,249,,257803,training_20260513_225123_329_7e5fdc37-d782-43f2-b56d-85d7983e56ca.txt,2026-05-13T22:51:23,2026-05-13T22:55:32,2026-05-11T01:02:18,2026-05-14T00:39:01,9,5,True,header-precise;multi_day_gap
1/migraine/no_rolling_features/tabpfn/version_2-5-finetuned/70_15_15/patient,1,400,,414,training_20260522_165843_645_2af92113-10e9-4eec-bf49-ae6a8f14bcb7.txt,2026-05-22T16:58:43,2026-05-22T17:05:23,2026-05-22T16:58:43,2026-05-22T17:05:37,1,1,False,header-precise
1/migraine/no_rolling_features/tabpfn/version_2-5-finetuned/70_15_15/stratified,1,423,,257611,training_20260513_195325_500_3e4350da-021e-4240-89d4-437353e82848.txt,2026-05-13T19:53:25,2026-05-13T20:00:28,2026-05-11T01:05:46,2026-05-14T00:39:17,2,2,True,header-precise;multi_day_gap
1/migraine/no_rolling_features/tabpfn/version_2-5-finetuned/70_30/chrono,1,332,,257474,training_20260513_225536_057_9454f094-27c9-48c5-a4a3-14ebd99adcba.txt,2026-05-13T22:55:36,2026-05-13T23:01:08,2026-05-11T01:08:18,2026-05-14T00:39:32,3,3,True,header-precise;multi_day_gap
1/migraine/no_rolling_features/tabpfn/version_2-5-finetuned/70_30/patient,1,400,,415,training_20260522_170540_745_95f6e8e6-e7e8-40d3-9a46-3bf360766d78.txt,2026-05-22T17:05:40,2026-05-22T17:12:20,2026-05-22T17:05:40,2026-05-22T17:12:35,1,1,False,header-precise
1/migraine/no_rolling_features/tabpfn/version_2-5-finetuned/70_30/stratified,1,415,,1456315,training_20260513_200412_942_192bb85a-cd1d-45ab-983a-b72f4f9382a9.txt,2026-05-13T20:04:12,2026-05-13T20:11:07,2026-05-11T01:11:47,2026-05-27T21:43:42,2,6,True,header-precise;multi_day_gap
1/migraine/no_rolling_features/tabpfn/version_2-5-finetuned/80_20/chrono,1,565,,257176,training_20260513_201110_648_a5306dbd-7a83-4f66-b3f8-400a11ed8ec2.txt,2026-05-13T20:11:10,2026-05-13T20:20:35,2026-05-11T01:13:47,2026-05-14T00:40:03,2,2,True,header-precise;multi_day_gap
1/migraine/no_rolling_features/tabpfn/version_2-5-finetuned/80_20/patient,1,447,,462,training_20260522_171238_006_5c4babd7-e8cb-4941-9fbb-eee0426f5fc0.txt,2026-05-22T17:12:38,2026-05-22T17:20:05,2026-05-22T17:12:38,2026-05-22T17:20:20,1,1,False,header-precise
1/migraine/no_rolling_features/tabpfn/version_2-5-finetuned/80_20/stratified,1,482,,256998,training_20260513_202038_044_b11934b2-0cd3-467a-ab16-589b29bedefc.txt,2026-05-13T20:20:38,2026-05-13T20:28:40,2026-05-11T01:17:00,2026-05-14T00:40:18,2,3,True,header-precise;multi_day_gap
1/migraine/no_rolling_features/tabpfn/version_2-5-real/70_15_15/chrono,1,0,,1455852,training_20260513_202843_466_7e9b09b1-36e5-4fbe-a5dc-fe014a09ff0c.txt,2026-05-13T20:28:43,2026-05-13T20:28:43,2026-05-11T01:01:44,2026-05-27T21:25:56,5,10,True,header-precise;multi_day_gap
1/migraine/no_rolling_features/tabpfn/version_2-5-real/70_15_15/patient,1,0,,15,training_20260522_172023_297_c719cbf7-6ffe-4c6e-8c89-03bd1c87e1d1.txt,2026-05-22T17:20:23,2026-05-22T17:20:23,2026-05-22T17:20:23,2026-05-22T17:20:38,1,1,False,header-precise
1/migraine/no_rolling_features/tabpfn/version_2-5-real/70_15_15/stratified,1,0,,257942,training_20260513_202847_039_dcb45d3e-26d0-4a8e-bea1-ef24b5f74921.txt,2026-05-13T20:28:47,2026-05-13T20:28:47,2026-05-11T01:01:47,2026-05-14T00:40:49,2,3,True,header-precise;multi_day_gap
1/migraine/no_rolling_features/tabpfn/version_2-5-real/70_30/chrono,1,0,,257955,training_20260513_202850_506_2db24d83-324c-48ff-9e4e-c2af9683f1e6.txt,2026-05-13T20:28:50,2026-05-13T20:28:50,2026-05-11T01:01:49,2026-05-14T00:41:04,2,2,True,header-precise;multi_day_gap
1/migraine/no_rolling_features/tabpfn/version_2-5-real/70_30/patient,1,1,,15,training_20260522_172041_593_951f22da-18c4-4740-bdf4-0befa94ee257.txt,2026-05-22T17:20:41,2026-05-22T17:20:42,2026-05-22T17:20:41,2026-05-22T17:20:56,1,1,False,header-precise
1/migraine/no_rolling_features/tabpfn/version_2-5-real/70_30/stratified,1,0,,257968,training_20260513_202854_086_07b44a2d-fb64-4c8c-9c10-458a9d56d975.txt,2026-05-13T20:28:54,2026-05-13T20:28:54,2026-05-11T01:01:52,2026-05-14T00:41:20,2,3,True,header-precise;multi_day_gap
1/migraine/no_rolling_features/tabpfn/version_2-5-real/80_20/chrono,1,1,,257980,training_20260513_202857_601_32f2eced-6528-4565-8fc0-1072ee92cf45.txt,2026-05-13T20:28:57,2026-05-13T20:28:58,2026-05-11T01:01:55,2026-05-14T00:41:35,2,2,True,header-precise;multi_day_gap
1/migraine/no_rolling_features/tabpfn/version_2-5-real/80_20/patient,1,1,,16,training_20260522_172059_843_d2995a5c-1e6d-4178-bea2-3fdeeab53d7a.txt,2026-05-22T17:20:59,2026-05-22T17:21:00,2026-05-22T17:20:59,2026-05-22T17:21:15,1,1,False,header-precise
1/migraine/no_rolling_features/tabpfn/version_2-5-real/80_20/stratified,1,0,,257992,training_20260513_202901_219_b3fbd957-a4cd-4181-9601-f7af3b796e63.txt,2026-05-13T20:29:01,2026-05-13T20:29:01,2026-05-11T01:01:58,2026-05-14T00:41:50,2,3,True,header-precise;multi_day_gap
1/migraine/no_rolling_features/tabpfn/version_2-6/70_15_15/chrono,1,1,,258004,training_20260513_202904_761_4fbfdfc3-b3a1-4000-bec0-8b894193d44d.txt,2026-05-13T20:29:04,2026-05-13T20:29:05,2026-05-11T01:02:01,2026-05-14T00:42:05,6,12,True,header-precise;multi_day_gap
1/migraine/no_rolling_features/tabpfn/version_2-6/70_15_15/patient,1,1,,15,training_20260522_172118_788_a80083bf-49ae-4894-8b5d-b68c8ad73b02.txt,2026-05-22T17:21:18,2026-05-22T17:21:19,2026-05-22T17:21:18,2026-05-22T17:21:33,1,1,False,header-precise
1/migraine/no_rolling_features/tabpfn/version_2-6/70_15_15/stratified,1,0,,258017,training_20260513_202908_423_c3b8c67c-022c-4c30-a968-51af30d3f77a.txt,2026-05-13T20:29:08,2026-05-13T20:29:08,2026-05-11T01:02:03,2026-05-14T00:42:20,2,6,True,header-precise;multi_day_gap
1/migraine/no_rolling_features/tabpfn/version_2-6/70_30/chrono,1,1,,258030,training_20260513_202911_987_f8408811-6f1c-405e-8684-b6b90c1b7a20.txt,2026-05-13T20:29:11,2026-05-13T20:29:12,2026-05-11T01:02:06,2026-05-14T00:42:36,2,5,True,header-precise;multi_day_gap
1/migraine/no_rolling_features/tabpfn/version_2-6/70_30/patient,1,1,,15,training_20260522_172135_887_59661342-7968-4b25-af58-129a3bb5de65.txt,2026-05-22T17:21:35,2026-05-22T17:21:36,2026-05-22T17:21:35,2026-05-22T17:21:50,1,1,False,header-precise
1/migraine/no_rolling_features/tabpfn/version_2-6/70_30/stratified,1,1,,258041,training_20260513_202915_512_7e5ccac0-6998-48b5-b839-6d9ce4ecbbd3.txt,2026-05-13T20:29:15,2026-05-13T20:29:16,2026-05-11T01:02:09,2026-05-14T00:42:50,2,6,True,header-precise;multi_day_gap
1/migraine/no_rolling_features/tabpfn/version_2-6/80_20/chrono,1,0,,258054,training_20260513_202919_057_0822f694-e4dd-4818-a902-245de2849bcb.txt,2026-05-13T20:29:19,2026-05-13T20:29:19,2026-05-11T01:02:12,2026-05-14T00:43:06,2,6,True,header-precise;multi_day_gap
1/migraine/no_rolling_features/tabpfn/version_2-6/80_20/patient,1,1,,17,training_20260522_172152_916_1077522d-91ec-4455-8b9e-7d47a52de7f7.txt,2026-05-22T17:21:52,2026-05-22T17:21:53,2026-05-22T17:21:52,2026-05-22T17:22:09,1,1,False,header-precise
1/migraine/no_rolling_features/tabpfn/version_2-6/80_20/stratified,1,1,,258065,training_20260513_202922_744_dfd17a42-91b3-4a86-b39f-6dbe91db2b35.txt,2026-05-13T20:29:22,2026-05-13T20:29:23,2026-05-11T01:02:15,2026-05-14T00:43:20,2,6,True,header-precise;multi_day_gap
1/migraine/no_rolling_features/tabpfn/version_3-binary/70_15_15/chrono,1,1,,15248,training_20260513_202926_402_06984c12-f3b1-4e80-a865-e3872b2e040c.txt,2026-05-13T20:29:26,2026-05-13T20:29:27,2026-05-13T20:29:26,2026-05-14T00:43:34,3,4,False,header-precise
1/migraine/no_rolling_features/tabpfn/version_3-binary/70_15_15/patient,1,1,,14,training_20260522_172211_979_b29992a0-7c3f-4427-a77c-b30c8b9a92f0.txt,2026-05-22T17:22:11,2026-05-22T17:22:12,2026-05-22T17:22:11,2026-05-22T17:22:25,1,1,False,header-precise
1/migraine/no_rolling_features/tabpfn/version_3-binary/70_15_15/stratified,1,1,,15258,training_20260513_202930_381_5b128bf6-3c54-480b-a8a7-7f71b80cd6b5.txt,2026-05-13T20:29:30,2026-05-13T20:29:31,2026-05-13T20:29:30,2026-05-14T00:43:48,1,2,False,header-precise
1/migraine/no_rolling_features/tabpfn/version_3-binary/70_30/chrono,1,1,,15268,training_20260513_202934_402_1817597f-0903-4ae1-af41-f589e9d5591b.txt,2026-05-13T20:29:34,2026-05-13T20:29:35,2026-05-13T20:29:34,2026-05-14T00:44:02,1,2,False,header-precise
1/migraine/no_rolling_features/tabpfn/version_3-binary/70_30/patient,1,1,,449501,training_20260522_172228_716_9bdc0229-1d04-4500-acbc-47d269d87ebd.txt,2026-05-22T17:22:28,2026-05-22T17:22:29,2026-05-22T17:22:28,2026-05-27T22:14:09,1,7,True,header-precise;multi_day_gap
1/migraine/no_rolling_features/tabpfn/version_3-binary/70_30/stratified,1,1,,15279,training_20260513_202938_436_47ba64a3-cc42-4802-823b-40ce6cb4d32d.txt,2026-05-13T20:29:38,2026-05-13T20:29:39,2026-05-13T20:29:38,2026-05-14T00:44:17,1,2,False,header-precise
1/migraine/no_rolling_features/tabpfn/version_3-binary/80_20/chrono,1,1,,15291,training_20260513_202942_557_49a0c73f-204e-4ce3-80a9-1723877ccebc.txt,2026-05-13T20:29:42,2026-05-13T20:29:43,2026-05-13T20:29:42,2026-05-14T00:44:33,1,2,False,header-precise
1/migraine/no_rolling_features/tabpfn/version_3-binary/80_20/patient,1,1,,15,training_20260522_172246_444_ed7703ae-7931-42ad-a6f4-c47c7009aeba.txt,2026-05-22T17:22:46,2026-05-22T17:22:47,2026-05-22T17:22:46,2026-05-22T17:23:01,1,1,False,header-precise
1/migraine/no_rolling_features/tabpfn/version_3-binary/80_20/stratified,1,1,,15300,training_20260513_202946_546_bc195050-df44-45d8-b80a-91a908ff24bd.txt,2026-05-13T20:29:46,2026-05-13T20:29:47,2026-05-13T20:29:46,2026-05-14T00:44:46,1,2,False,header-precise
1/migraine/no_rolling_features/tabpfn/version_3-default/70_15_15/chrono,1,1,,15310,training_20260513_202950_532_ca44d30b-1ba5-44ae-b4e5-46df104f8150.txt,2026-05-13T20:29:50,2026-05-13T20:29:51,2026-05-13T20:29:50,2026-05-14T00:45:00,3,4,False,header-precise
1/migraine/no_rolling_features/tabpfn/version_3-default/70_15_15/patient,1,1,,14,training_20260522_172304_380_e9881755-0212-4563-b03e-ae993413bcce.txt,2026-05-22T17:23:04,2026-05-22T17:23:05,2026-05-22T17:23:04,2026-05-22T17:23:18,1,1,False,header-precise
1/migraine/no_rolling_features/tabpfn/version_3-default/70_15_15/stratified,1,1,,15320,training_20260513_202954_559_d78ab24f-96eb-44dc-a049-026055ca1165.txt,2026-05-13T20:29:54,2026-05-13T20:29:55,2026-05-13T20:29:54,2026-05-14T00:45:14,1,2,False,header-precise
1/migraine/no_rolling_features/tabpfn/version_3-default/70_30/chrono,1,1,,15331,training_20260513_202958_496_e4ff56e1-2f03-419f-9a80-072cd4311cc3.txt,2026-05-13T20:29:58,2026-05-13T20:29:59,2026-05-13T20:29:58,2026-05-14T00:45:29,1,2,False,header-precise
1/migraine/no_rolling_features/tabpfn/version_3-default/70_30/patient,1,1,,15,training_20260522_172320_927_7783b834-0414-489e-a6d9-2a56982c7929.txt,2026-05-22T17:23:20,2026-05-22T17:23:21,2026-05-22T17:23:20,2026-05-22T17:23:35,1,1,False,header-precise
1/migraine/no_rolling_features/tabpfn/version_3-default/70_30/stratified,1,1,,15341,training_20260513_203002_466_50aa867c-0f81-45d4-9fb8-a50d92c657da.txt,2026-05-13T20:30:02,2026-05-13T20:30:03,2026-05-13T20:30:02,2026-05-14T00:45:43,1,2,False,header-precise
1/migraine/no_rolling_features/tabpfn/version_3-default/80_20/chrono,1,1,,15351,training_20260513_203006_508_68e9db32-b48d-49df-aac6-f7f46f04cada.txt,2026-05-13T20:30:06,2026-05-13T20:30:07,2026-05-13T20:30:06,2026-05-14T00:45:57,1,2,False,header-precise
1/migraine/no_rolling_features/tabpfn/version_3-default/80_20/patient,1,1,,16,training_20260522_172337_994_2bf05089-3ed0-4d5e-a917-02603f61b779.txt,2026-05-22T17:23:37,2026-05-22T17:23:38,2026-05-22T17:23:37,2026-05-22T17:23:53,1,1,False,header-precise
1/migraine/no_rolling_features/tabpfn/version_3-default/80_20/stratified,1,1,,15360,training_20260513_203010_632_324a4d3b-bc62-43c0-b946-d54d11353257.txt,2026-05-13T20:30:10,2026-05-13T20:30:11,2026-05-13T20:30:10,2026-05-14T00:46:10,1,2,False,header-precise
1/migraine/park_features/tabpfn/version_2-5-finetuned/70_15_15/chrono,1,82,,15370,training_20260513_230112_533_81eb4687-0241-49fe-b486-9eaa7bb8a2b9.txt,2026-05-13T23:01:12,2026-05-13T23:02:34,2026-05-13T20:30:14,2026-05-14T00:46:24,6,4,False,header-precise
1/migraine/park_features/tabpfn/version_2-5-finetuned/70_15_15/patient,1,180,,192,training_20260522_172356_397_8718a3c6-099a-41a7-b8a0-cc42143f73c9.txt,2026-05-22T17:23:56,2026-05-22T17:26:56,2026-05-22T17:23:56,2026-05-22T17:27:08,1,1,False,header-precise
1/migraine/park_features/tabpfn/version_2-5-finetuned/70_15_15/stratified,1,164,,15194,training_20260513_203323_606_45b5a75a-0d82-43ba-b308-3fd545763352.txt,2026-05-13T20:33:23,2026-05-13T20:36:07,2026-05-13T20:33:23,2026-05-14T00:46:37,1,2,False,header-precise
1/migraine/park_features/tabpfn/version_2-5-finetuned/70_30/chrono,1,120,,15040,training_20260513_230238_257_1bfbb453-7be6-4cf7-836c-d6551c0ba4fc.txt,2026-05-13T23:02:38,2026-05-13T23:04:38,2026-05-13T20:36:10,2026-05-14T00:46:50,2,2,False,header-precise
1/migraine/park_features/tabpfn/version_2-5-finetuned/70_30/patient,1,180,,194,training_20260522_172711_815_07f9f7be-3662-4f37-b2c0-a008a6491990.txt,2026-05-22T17:27:11,2026-05-22T17:30:11,2026-05-22T17:27:11,2026-05-22T17:30:25,1,1,False,header-precise
1/migraine/park_features/tabpfn/version_2-5-finetuned/70_30/stratified,1,144,,14898,training_20260513_230441_225_031c910b-259a-4a95-8116-cd409ce28ca8.txt,2026-05-13T23:04:41,2026-05-13T23:07:05,2026-05-13T20:38:47,2026-05-14T00:47:05,2,2,False,header-precise
1/migraine/park_features/tabpfn/version_2-5-finetuned/80_20/chrono,1,272,,14853,training_20260513_203945_419_dc02ecc4-eabc-4593-9aa1-8af97d49a3f5.txt,2026-05-13T20:39:45,2026-05-13T20:44:17,2026-05-13T20:39:45,2026-05-14T00:47:18,1,2,False,header-precise
1/migraine/park_features/tabpfn/version_2-5-finetuned/80_20/patient,1,229,,241,training_20260522_173028_814_4538bd07-af45-481a-b716-14a782861890.txt,2026-05-22T17:30:28,2026-05-22T17:34:17,2026-05-22T17:30:28,2026-05-22T17:34:29,1,1,False,header-precise
1/migraine/park_features/tabpfn/version_2-5-finetuned/80_20/stratified,1,107,,14590,training_20260513_230710_029_230f0d1b-c7ee-4c3e-95c7-d31a40c45a24.txt,2026-05-13T23:07:10,2026-05-13T23:08:57,2026-05-13T20:44:20,2026-05-14T00:47:30,2,2,False,header-precise
1/migraine/park_features/tabpfn/version_2-5-real/70_15_15/chrono,1,0,,14453,training_20260513_204650_064_fc8720a5-f53a-4814-93e2-281cd87b3a41.txt,2026-05-13T20:46:50,2026-05-13T20:46:50,2026-05-13T20:46:50,2026-05-14T00:47:43,3,4,False,header-precise
1/migraine/park_features/tabpfn/version_2-5-real/70_15_15/patient,1,0,,13,training_20260522_173432_615_1898ca75-d1e3-452a-b03a-5991cdb1830b.txt,2026-05-22T17:34:32,2026-05-22T17:34:32,2026-05-22T17:34:32,2026-05-22T17:34:45,1,1,False,header-precise
1/migraine/park_features/tabpfn/version_2-5-real/70_15_15/stratified,1,0,,14463,training_20260513_204653_497_5c97e29b-6564-435d-9876-85ed2916ebd7.txt,2026-05-13T20:46:53,2026-05-13T20:46:53,2026-05-13T20:46:53,2026-05-14T00:47:56,1,2,False,header-precise
1/migraine/park_features/tabpfn/version_2-5-real/70_30/chrono,1,1,,14473,training_20260513_204656_927_1d97d8c4-39e1-4f75-9d07-a6d357b1e5ed.txt,2026-05-13T20:46:56,2026-05-13T20:46:57,2026-05-13T20:46:56,2026-05-14T00:48:09,1,2,False,header-precise
1/migraine/park_features/tabpfn/version_2-5-real/70_30/patient,1,1,,14,training_20260522_173448_865_3cbe4889-5a83-4653-84bd-fdcc70b582eb.txt,2026-05-22T17:34:48,2026-05-22T17:34:49,2026-05-22T17:34:48,2026-05-22T17:35:02,1,1,False,header-precise
1/migraine/park_features/tabpfn/version_2-5-real/70_30/stratified,1,0,,14482,training_20260513_204700_379_1eeb1cc7-9705-4205-9e47-620e58f43768.txt,2026-05-13T20:47:00,2026-05-13T20:47:00,2026-05-13T20:47:00,2026-05-14T00:48:22,1,2,False,header-precise
1/migraine/park_features/tabpfn/version_2-5-real/80_20/chrono,1,1,,14491,training_20260513_204703_836_76314fe0-d3b6-4466-8b4c-fc35ccfbb344.txt,2026-05-13T20:47:03,2026-05-13T20:47:04,2026-05-13T20:47:03,2026-05-14T00:48:34,1,2,False,header-precise
1/migraine/park_features/tabpfn/version_2-5-real/80_20/patient,1,0,,13,training_20260522_173505_601_244f3519-498b-4d8f-80a4-1a4012b074ba.txt,2026-05-22T17:35:05,2026-05-22T17:35:05,2026-05-22T17:35:05,2026-05-22T17:35:18,1,1,False,header-precise
1/migraine/park_features/tabpfn/version_2-5-real/80_20/stratified,1,0,,14501,training_20260513_204707_261_30642dcf-072f-4d1e-8c1d-1ec1834aaa8f.txt,2026-05-13T20:47:07,2026-05-13T20:47:07,2026-05-13T20:47:07,2026-05-14T00:48:48,1,2,False,header-precise
1/migraine/park_features/tabpfn/version_2-6/70_15_15/chrono,1,1,,14510,training_20260513_204710_719_5cb1a6b7-f350-4093-9a18-8e49c7b9fa00.txt,2026-05-13T20:47:10,2026-05-13T20:47:11,2026-05-13T20:47:10,2026-05-14T00:49:00,3,4,False,header-precise
1/migraine/park_features/tabpfn/version_2-6/70_15_15/patient,1,1,,14,training_20260522_173520_945_d07a4fb4-810a-4e4a-afef-6c6bb361738e.txt,2026-05-22T17:35:20,2026-05-22T17:35:21,2026-05-22T17:35:20,2026-05-22T17:35:34,1,1,False,header-precise
1/migraine/park_features/tabpfn/version_2-6/70_15_15/stratified,1,0,,14518,training_20260513_204714_282_3e55760c-3477-4f52-9d57-e862cded856d.txt,2026-05-13T20:47:14,2026-05-13T20:47:14,2026-05-13T20:47:14,2026-05-14T00:49:12,1,2,False,header-precise
1/migraine/park_features/tabpfn/version_2-6/70_30/chrono,1,1,,14528,training_20260513_204717_754_e8e4daf6-59b3-4c66-a5f1-57fa14931780.txt,2026-05-13T20:47:17,2026-05-13T20:47:18,2026-05-13T20:47:17,2026-05-14T00:49:25,1,2,False,header-precise
1/migraine/park_features/tabpfn/version_2-6/70_30/patient,1,0,,12,training_20260522_173537_098_7e10c9d0-8be6-44fe-86fc-fdef298380bb.txt,2026-05-22T17:35:37,2026-05-22T17:35:37,2026-05-22T17:35:37,2026-05-22T17:35:49,1,1,False,header-precise
1/migraine/park_features/tabpfn/version_2-6/70_30/stratified,1,0,,14537,training_20260513_204721_271_7daff006-5b1a-45e0-9f3d-2e7dce6ed344.txt,2026-05-13T20:47:21,2026-05-13T20:47:21,2026-05-13T20:47:21,2026-05-14T00:49:38,1,2,False,header-precise
1/migraine/park_features/tabpfn/version_2-6/80_20/chrono,1,1,,14550,training_20260513_204724_757_b9fd03a5-31ae-4c31-b9ef-c58ef288daf1.txt,2026-05-13T20:47:24,2026-05-13T20:47:25,2026-05-13T20:47:24,2026-05-14T00:49:54,1,2,False,header-precise
1/migraine/park_features/tabpfn/version_2-6/80_20/patient,1,1,,12,training_20260522_173552_757_32c5a585-bb81-40c0-b961-94607e5ee057.txt,2026-05-22T17:35:52,2026-05-22T17:35:53,2026-05-22T17:35:52,2026-05-22T17:36:04,1,1,False,header-precise
1/migraine/park_features/tabpfn/version_2-6/80_20/stratified,1,0,,89084,training_20260513_204728_267_0bdd6a85-3883-465d-9e80-e48f7ad3985d.txt,2026-05-13T20:47:28,2026-05-13T20:47:28,2026-05-13T00:05:23,2026-05-14T00:50:07,2,3,True,header-precise;multi_day_gap
1/migraine/park_features/tabpfn/version_3-binary/70_15_15/chrono,1,1,,14569,training_20260513_204731_899_2eeb1fa9-c393-4f2b-b8a3-2e1ac304a0df.txt,2026-05-13T20:47:31,2026-05-13T20:47:32,2026-05-13T20:47:31,2026-05-14T00:50:20,3,4,False,header-precise
1/migraine/park_features/tabpfn/version_3-binary/70_15_15/patient,1,1,,14,training_20260522_173607_760_c4903204-5547-4931-86c9-b120c2272371.txt,2026-05-22T17:36:07,2026-05-22T17:36:08,2026-05-22T17:36:07,2026-05-22T17:36:21,1,1,False,header-precise
1/migraine/park_features/tabpfn/version_3-binary/70_15_15/stratified,1,1,,14578,training_20260513_204735_948_525b3c4c-56f7-4781-823a-d846d7711a43.txt,2026-05-13T20:47:35,2026-05-13T20:47:36,2026-05-13T20:47:35,2026-05-14T00:50:33,1,2,False,header-precise
1/migraine/park_features/tabpfn/version_3-binary/70_30/chrono,1,1,,1215541,training_20260513_204739_901_5a766efc-b676-450d-92a9-a93a073df931.txt,2026-05-13T20:47:39,2026-05-13T20:47:40,2026-05-13T20:47:39,2026-05-27T22:26:40,1,6,True,header-precise;multi_day_gap
1/migraine/park_features/tabpfn/version_3-binary/70_30/patient,1,1,,14,training_20260522_173624_315_5d6e5eee-94f4-4bc5-970c-1475779396d4.txt,2026-05-22T17:36:24,2026-05-22T17:36:25,2026-05-22T17:36:24,2026-05-22T17:36:38,1,1,False,header-precise
1/migraine/park_features/tabpfn/version_3-binary/70_30/stratified,1,1,,14596,training_20260513_204743_831_10882c32-e7ad-4128-93c2-dab7401817c6.txt,2026-05-13T20:47:43,2026-05-13T20:47:44,2026-05-13T20:47:43,2026-05-14T00:50:59,1,2,False,header-precise
1/migraine/park_features/tabpfn/version_3-binary/80_20/chrono,1,1,,14606,training_20260513_204747_832_80a97782-0aef-4502-b623-3a1873c782c2.txt,2026-05-13T20:47:47,2026-05-13T20:47:48,2026-05-13T20:47:47,2026-05-14T00:51:13,1,2,False,header-precise
1/migraine/park_features/tabpfn/version_3-binary/80_20/patient,1,1,,15,training_20260522_173641_628_2e9c8427-25a9-471b-baea-70a6e809a37b.txt,2026-05-22T17:36:41,2026-05-22T17:36:42,2026-05-22T17:36:41,2026-05-22T17:36:56,1,1,False,header-precise
1/migraine/park_features/tabpfn/version_3-binary/80_20/stratified,1,1,,14616,training_20260513_204751_816_be66ee5e-98be-4f8d-989b-4fb8560cbfca.txt,2026-05-13T20:47:51,2026-05-13T20:47:52,2026-05-13T20:47:51,2026-05-14T00:51:27,1,2,False,header-precise
1/migraine/park_features/tabpfn/version_3-default/70_15_15/chrono,1,1,,1181200,training_20260513_204755_766_d98f03c4-8a04-4957-8eff-ffb78f9c9572.txt,2026-05-13T20:47:55,2026-05-13T20:47:56,2026-05-13T20:47:55,2026-05-27T12:54:35,3,8,True,header-precise;multi_day_gap
1/migraine/park_features/tabpfn/version_3-default/70_15_15/patient,1,1,,14,training_20260522_173659_433_b5c0d0ca-0b25-434d-a74b-1618e82c731a.txt,2026-05-22T17:36:59,2026-05-22T17:37:00,2026-05-22T17:36:59,2026-05-22T17:37:13,1,1,False,header-precise
1/migraine/park_features/tabpfn/version_3-default/70_15_15/stratified,1,1,,14634,training_20260513_204759_733_f35a56ed-e92f-4c7f-ab75-33e8ba8721b3.txt,2026-05-13T20:47:59,2026-05-13T20:48:00,2026-05-13T20:47:59,2026-05-14T00:51:53,1,2,False,header-precise
1/migraine/park_features/tabpfn/version_3-default/70_30/chrono,1,1,,14643,training_20260513_204803_736_852b7e86-036f-43bc-bc27-b5271621e364.txt,2026-05-13T20:48:03,2026-05-13T20:48:04,2026-05-13T20:48:03,2026-05-14T00:52:06,1,2,False,header-precise
1/migraine/park_features/tabpfn/version_3-default/70_30/patient,1,1,,449998,training_20260522_173716_352_eed08eec-850b-4f23-9741-7151bc992336.txt,2026-05-22T17:37:16,2026-05-22T17:37:17,2026-05-22T17:37:16,2026-05-27T22:37:14,1,4,True,header-precise;multi_day_gap
1/migraine/park_features/tabpfn/version_3-default/70_30/stratified,1,1,,14652,training_20260513_204807_626_09cf0010-d78e-4ea1-97ed-99f87e6ba836.txt,2026-05-13T20:48:07,2026-05-13T20:48:08,2026-05-13T20:48:07,2026-05-14T00:52:19,1,2,False,header-precise
1/migraine/park_features/tabpfn/version_3-default/80_20/chrono,1,1,,14661,training_20260513_204811_632_d55e96ee-5178-4210-962b-3e766e41cd92.txt,2026-05-13T20:48:11,2026-05-13T20:48:12,2026-05-13T20:48:11,2026-05-14T00:52:32,1,2,False,header-precise
1/migraine/park_features/tabpfn/version_3-default/80_20/patient,1,1,,15,training_20260522_173732_630_50bb9a7a-a2e2-4e1c-b2a3-fda647838082.txt,2026-05-22T17:37:32,2026-05-22T17:37:33,2026-05-22T17:37:32,2026-05-22T17:37:47,1,1,False,header-precise
1/migraine/park_features/tabpfn/version_3-default/80_20/stratified,1,1,,1215822,training_20260513_204815_572_c3bcfd13-854f-4f43-9939-dde9bf2e26d6.txt,2026-05-13T20:48:15,2026-05-13T20:48:16,2026-05-13T20:48:15,2026-05-27T22:31:57,1,5,True,header-precise;multi_day_gap
